# Nguồn: Eurostat Comext, bộ DS-045409 (EU trade since 1988 by HS2-4-6 and CN8), lấy ngày 2026-10-01 qua API SDMX 2.1.
# Tái sử dụng theo chính sách của Eurostat (ghi nguồn). value_eur = trị giá nhập khẩu (EUR), quantity_kg = khối lượng (kg).
# Nạp: Admin → Thị trường → Nạp file CSV (nguồn Eurostat Comext).
reporter,partner,product,year,flow,value_eur,quantity_kg
AT,EXT_EU27_2020,030432,2020,import,873,128.00
AT,WORLD,030432,2020,import,1701978,319855.00
AT,WORLD,030432,2021,import,1505895,271353.00
AT,WORLD,030432,2022,import,1385168,183282.00
AT,WORLD,030432,2023,import,1470383,180971.00
AT,WORLD,030432,2024,import,1198940,161150.00
AT,WORLD,030432,2025,import,967345,127417.00
BE,EXT_EU27_2020,030432,2020,import,18100,3283.00
BE,EXT_EU27_2020,030432,2021,import,384422,26102.00
BE,EXT_EU27_2020,030432,2022,import,427735,34209.00
BE,EXT_EU27_2020,030432,2023,import,40507,2912.00
BE,EXT_EU27_2020,030432,2024,import,1353,98.00
BE,WORLD,030432,2020,import,717053,116879.00
BE,WORLD,030432,2021,import,1023562,140662.00
BE,WORLD,030432,2022,import,1415483,194634.00
BE,WORLD,030432,2023,import,979862,130015.00
BE,WORLD,030432,2024,import,1244270,159439.00
BE,WORLD,030432,2025,import,2057610,260817.00
BG,WORLD,030432,2021,import,4327,2287.00
BG,WORLD,030432,2022,import,24663,3912.00
BG,WORLD,030432,2023,import,24691,3840.00
BG,WORLD,030432,2024,import,17755,2760.00
BG,WORLD,030432,2025,import,23552,3576.00
CY,WORLD,030432,2021,import,440,200.00
CY,WORLD,030432,2022,import,4060,1400.00
CY,WORLD,030432,2023,import,71231,9407.00
CY,WORLD,030432,2024,import,14950,8350.00
CY,WORLD,030432,2025,import,13728,7040.00
CZ,EXT_EU27_2020,030432,2022,import,12,
CZ,WORLD,030432,2020,import,206866,18450.00
CZ,WORLD,030432,2021,import,306988,41891.00
CZ,WORLD,030432,2022,import,543546,71462.00
CZ,WORLD,030432,2023,import,775665,106745.00
CZ,WORLD,030432,2024,import,898455,172264.00
CZ,WORLD,030432,2025,import,1343951,266037.00
DE,EXT_EU27_2020,030432,2020,import,13270,1631.00
DE,EXT_EU27_2020,030432,2021,import,122,15.00
DE,EXT_EU27_2020,030432,2023,import,6120,1212.00
DE,WORLD,030432,2020,import,4592251,976263.00
DE,WORLD,030432,2021,import,4415979,885615.00
DE,WORLD,030432,2022,import,6079396,1106259.00
DE,WORLD,030432,2023,import,5719574,1058816.00
DE,WORLD,030432,2024,import,4728778,1010552.00
DE,WORLD,030432,2025,import,4031259,926989.00
DK,EXT_EU27_2020,030432,2020,import,41529,6857.00
DK,EXT_EU27_2020,030432,2021,import,7439,873.00
DK,EXT_EU27_2020,030432,2022,import,2944,506.00
DK,EXT_EU27_2020,030432,2023,import,5863,1236.00
DK,EXT_EU27_2020,030432,2024,import,43,11.00
DK,WORLD,030432,2020,import,41529,6857.00
DK,WORLD,030432,2021,import,7439,873.00
DK,WORLD,030432,2022,import,2944,506.00
DK,WORLD,030432,2023,import,5913,1251.00
DK,WORLD,030432,2024,import,19630,7214.00
DK,WORLD,030432,2025,import,16903,4117.00
EE,WORLD,030432,2020,import,69917,18706.00
EE,WORLD,030432,2021,import,145900,35361.00
EE,WORLD,030432,2022,import,125450,28556.00
EE,WORLD,030432,2023,import,176814,34609.00
EE,WORLD,030432,2024,import,104102,20162.00
EE,WORLD,030432,2025,import,101667,19300.00
ES,EXT_EU27_2020,030432,2021,import,47,19.00
ES,EXT_EU27_2020,030432,2022,import,317,10.00
ES,VN,030432,2021,import,47,19.00
ES,WORLD,030432,2020,import,531298,74142.00
ES,WORLD,030432,2021,import,585982,64509.00
ES,WORLD,030432,2022,import,642973,53203.00
ES,WORLD,030432,2023,import,486218,44821.00
ES,WORLD,030432,2024,import,503637,63442.00
ES,WORLD,030432,2025,import,723754,68999.00
EU27_2020,AT,030432,2024,import,84230,10407.00
EU27_2020,AT,030432,2025,import,79107,9168.00
EU27_2020,BE,030432,2024,import,5701465,758707.00
EU27_2020,BE,030432,2025,import,8395872,932447.00
EU27_2020,BG,030432,2024,import,1,
EU27_2020,BG,030432,2025,import,101,12.00
EU27_2020,CN,030432,2024,import,383,80.00
EU27_2020,CY,030432,2024,import,57238,23920.00
EU27_2020,CZ,030432,2024,import,297925,113641.00
EU27_2020,CZ,030432,2025,import,241275,86854.00
EU27_2020,DE,030432,2024,import,1603552,222196.00
EU27_2020,DE,030432,2025,import,1570179,190361.00
EU27_2020,DK,030432,2024,import,243980,39397.00
EU27_2020,DK,030432,2025,import,396691,62414.00
EU27_2020,EE,030432,2024,import,340,46.00
EU27_2020,EE,030432,2025,import,1503,558.00
EU27_2020,ES,030432,2024,import,1003321,254687.00
EU27_2020,ES,030432,2025,import,713232,189008.00
EU27_2020,EXT_EU27_2020,030432,2020,import,193728,31232.00
EU27_2020,EXT_EU27_2020,030432,2021,import,590128,113220.00
EU27_2020,EXT_EU27_2020,030432,2022,import,477160,47380.00
EU27_2020,EXT_EU27_2020,030432,2023,import,52799,5410.00
EU27_2020,EXT_EU27_2020,030432,2024,import,157463,61620.00
EU27_2020,EXT_EU27_2020,030432,2025,import,215476,90807.00
EU27_2020,FI,030432,2025,import,39,5.00
EU27_2020,FR,030432,2024,import,65045,7777.00
EU27_2020,FR,030432,2025,import,62948,8496.00
EU27_2020,GB,030432,2025,import,27,3.00
EU27_2020,GR,030432,2024,import,15080,8391.00
EU27_2020,GR,030432,2025,import,13741,7041.00
EU27_2020,HR,030432,2024,import,1343,319.00
EU27_2020,HR,030432,2025,import,40,6.00
EU27_2020,HU,030432,2024,import,157731,35210.00
EU27_2020,HU,030432,2025,import,122107,24589.00
EU27_2020,IE,030432,2025,import,93,11.00
EU27_2020,INT_EU27_2020,030432,2024,import,18145612,3178879.00
EU27_2020,INT_EU27_2020,030432,2025,import,21506636,3415722.00
EU27_2020,IS,030432,2024,import,1354,105.00
EU27_2020,IT,030432,2024,import,342923,36810.00
EU27_2020,IT,030432,2025,import,201140,24014.00
EU27_2020,LT,030432,2024,import,395558,71276.00
EU27_2020,LT,030432,2025,import,607167,109595.00
EU27_2020,LU,030432,2024,import,2,
EU27_2020,LU,030432,2025,import,359,49.00
EU27_2020,LV,030432,2024,import,40221,9308.00
EU27_2020,LV,030432,2025,import,147224,34664.00
EU27_2020,NG,030432,2024,import,123,15.00
EU27_2020,NG,030432,2025,import,7,4.00
EU27_2020,NL,030432,2024,import,7118036,1354391.00
EU27_2020,NL,030432,2025,import,7721675,1447178.00
EU27_2020,NO,030432,2024,import,42,4.00
EU27_2020,PL,030432,2024,import,352582,143919.00
EU27_2020,PL,030432,2025,import,561152,192427.00
EU27_2020,PT,030432,2024,import,19539,4077.00
EU27_2020,PT,030432,2025,import,49833,10667.00
EU27_2020,RO,030432,2024,import,1,
EU27_2020,RO,030432,2025,import,20,2.00
EU27_2020,SE,030432,2024,import,1182,148.00
EU27_2020,SE,030432,2025,import,147817,25140.00
EU27_2020,SI,030432,2024,import,21964,9471.00
EU27_2020,SI,030432,2025,import,19930,8016.00
EU27_2020,SK,030432,2024,import,622353,74781.00
EU27_2020,SK,030432,2025,import,453391,53000.00
EU27_2020,UY,030432,2024,import,26,14.00
EU27_2020,VN,030432,2021,import,106788,58431.00
EU27_2020,VN,030432,2022,import,42627,12166.00
EU27_2020,VN,030432,2024,import,155535,61402.00
EU27_2020,VN,030432,2025,import,215442,90800.00
FI,EXT_EU27_2020,030432,2024,import,26,14.00
FI,WORLD,030432,2020,import,4264,235.00
FI,WORLD,030432,2021,import,15779,5621.00
FI,WORLD,030432,2022,import,19755,3742.00
FI,WORLD,030432,2023,import,28964,8631.00
FI,WORLD,030432,2024,import,40534,14599.00
FI,WORLD,030432,2025,import,31029,10678.00
FR,EXT_EU27_2020,030432,2020,import,67039,10957.00
FR,EXT_EU27_2020,030432,2021,import,5679,810.00
FR,EXT_EU27_2020,030432,2022,import,35,10.00
FR,EXT_EU27_2020,030432,2024,import,383,80.00
FR,WORLD,030432,2020,import,1392033,338452.00
FR,WORLD,030432,2021,import,1110706,237939.00
FR,WORLD,030432,2022,import,962777,175839.00
FR,WORLD,030432,2023,import,1113563,179759.00
FR,WORLD,030432,2024,import,993257,170737.00
FR,WORLD,030432,2025,import,960588,169378.00
GR,WORLD,030432,2020,import,25598,24000.00
GR,WORLD,030432,2021,import,9592,3040.00
GR,WORLD,030432,2023,import,51758,22960.00
GR,WORLD,030432,2024,import,57238,23920.00
HR,WORLD,030432,2020,import,93610,39830.00
HR,WORLD,030432,2021,import,97083,39729.00
HR,WORLD,030432,2022,import,139073,44924.00
HR,WORLD,030432,2023,import,162061,60311.00
HR,WORLD,030432,2024,import,102865,37855.00
HR,WORLD,030432,2025,import,63654,17667.00
HU,EXT_EU27_2020,030432,2025,import,12307,4800.00
HU,VN,030432,2025,import,12307,4800.00
HU,WORLD,030432,2020,import,477938,175189.00
HU,WORLD,030432,2021,import,520962,152086.00
HU,WORLD,030432,2022,import,151790,47118.00
HU,WORLD,030432,2023,import,217861,62063.00
HU,WORLD,030432,2024,import,168128,57152.00
HU,WORLD,030432,2025,import,271201,90069.00
IE,EXT_EU27_2020,030432,2020,import,41240,5127.00
IE,EXT_EU27_2020,030432,2021,import,18917,2731.00
IE,EXT_EU27_2020,030432,2022,import,26812,5472.00
IE,EXT_EU27_2020,030432,2023,import,74,10.00
IE,EXT_EU27_2020,030432,2024,import,123,15.00
IE,EXT_EU27_2020,030432,2025,import,7,4.00
IE,VN,030432,2021,import,12994,2012.00
IE,VN,030432,2022,import,26279,5416.00
IE,WORLD,030432,2020,import,60652,8341.00
IE,WORLD,030432,2021,import,49236,5929.00
IE,WORLD,030432,2022,import,93672,21737.00
IE,WORLD,030432,2023,import,30320,7393.00
IE,WORLD,030432,2024,import,28555,5638.00
IE,WORLD,030432,2025,import,6534,1125.00
IT,EXT_EU27_2020,030432,2020,import,3382,156.00
IT,WORLD,030432,2020,import,574958,159509.00
IT,WORLD,030432,2021,import,751262,218007.00
IT,WORLD,030432,2022,import,921561,188312.00
IT,WORLD,030432,2023,import,879702,165642.00
IT,WORLD,030432,2024,import,1047823,197994.00
IT,WORLD,030432,2025,import,475602,101125.00
LT,WORLD,030432,2020,import,76421,25272.00
LT,WORLD,030432,2021,import,113113,31166.00
LT,WORLD,030432,2022,import,321022,76804.00
LT,WORLD,030432,2023,import,343064,72652.00
LT,WORLD,030432,2024,import,357043,74771.00
LT,WORLD,030432,2025,import,773054,150330.00
LU,WORLD,030432,2020,import,89777,14998.00
LU,WORLD,030432,2021,import,71703,12592.00
LU,WORLD,030432,2022,import,94351,15131.00
LU,WORLD,030432,2023,import,109047,15302.00
LU,WORLD,030432,2024,import,118325,15806.00
LU,WORLD,030432,2025,import,196609,30123.00
LV,EXT_EU27_2020,030432,2023,import,235,40.00
LV,WORLD,030432,2020,import,147958,39415.00
LV,WORLD,030432,2021,import,170652,43612.00
LV,WORLD,030432,2022,import,190585,51406.00
LV,WORLD,030432,2023,import,294752,63073.00
LV,WORLD,030432,2024,import,267078,54780.00
LV,WORLD,030432,2025,import,462226,79390.00
MT,WORLD,030432,2021,import,3011,960.00
MT,WORLD,030432,2022,import,8681,2210.00
MT,WORLD,030432,2023,import,9888,3692.00
MT,WORLD,030432,2024,import,6242,2900.00
MT,WORLD,030432,2025,import,2977,605.00
NL,EXT_EU27_2020,030432,2020,import,72,13.00
NL,EXT_EU27_2020,030432,2021,import,173502,82670.00
NL,EXT_EU27_2020,030432,2022,import,19300,7127.00
NL,EXT_EU27_2020,030432,2024,import,155526,61400.00
NL,EXT_EU27_2020,030432,2025,import,203162,86003.00
NL,VN,030432,2021,import,93747,56400.00
NL,VN,030432,2022,import,16348,6750.00
NL,VN,030432,2024,import,155526,61400.00
NL,VN,030432,2025,import,203135,86000.00
NL,WORLD,030432,2020,import,1441955,216582.00
NL,WORLD,030432,2021,import,1824523,310081.00
NL,WORLD,030432,2022,import,3353658,435896.00
NL,WORLD,030432,2023,import,1664155,164749.00
NL,WORLD,030432,2024,import,5595890,751832.00
NL,WORLD,030432,2025,import,8317979,954450.00
PL,WORLD,030432,2020,import,839,400.00
PL,WORLD,030432,2021,import,482,200.00
PL,WORLD,030432,2022,import,290106,59059.00
PL,WORLD,030432,2023,import,173943,19069.00
PL,WORLD,030432,2024,import,19928,3572.00
PL,WORLD,030432,2025,import,95456,15309.00
PT,EXT_EU27_2020,030432,2020,import,7687,3023.00
PT,WORLD,030432,2020,import,539009,224165.00
PT,WORLD,030432,2021,import,370185,154662.00
PT,WORLD,030432,2022,import,702400,208585.00
PT,WORLD,030432,2023,import,236370,77262.00
PT,WORLD,030432,2024,import,209379,74924.00
PT,WORLD,030432,2025,import,183657,64336.00
RO,WORLD,030432,2020,import,302199,55050.00
RO,WORLD,030432,2021,import,183122,38575.00
RO,WORLD,030432,2022,import,165174,34020.00
RO,WORLD,030432,2023,import,139121,27238.00
RO,WORLD,030432,2024,import,59743,11893.00
RO,WORLD,030432,2025,import,35938,7293.00
SE,EXT_EU27_2020,030432,2020,import,536,57.00
SE,EXT_EU27_2020,030432,2022,import,5,46.00
SE,EXT_EU27_2020,030432,2024,import,9,2.00
SE,VN,030432,2024,import,9,2.00
SE,WORLD,030432,2020,import,69753,8913.00
SE,WORLD,030432,2021,import,45345,6404.00
SE,WORLD,030432,2022,import,41232,5045.00
SE,WORLD,030432,2023,import,90395,9791.00
SE,WORLD,030432,2024,import,144710,14414.00
SE,WORLD,030432,2025,import,298925,39954.00
SI,WORLD,030432,2020,import,79217,28378.00
SI,WORLD,030432,2021,import,12747,4633.00
SI,WORLD,030432,2022,import,7410,715.00
SI,WORLD,030432,2023,import,13471,720.00
SI,WORLD,030432,2024,import,11668,2491.00
SI,WORLD,030432,2025,import,3659,861.00
SK,WORLD,030432,2020,import,206089,82947.00
SK,WORLD,030432,2021,import,214634,86565.00
SK,WORLD,030432,2022,import,335414,114067.00
SK,WORLD,030432,2023,import,291263,91225.00
SK,WORLD,030432,2024,import,344152,119888.00
SK,WORLD,030432,2025,import,263255,89544.00
AT,EXT_EU27_2020,030462,2020,import,101278,60928.00
AT,EXT_EU27_2020,030462,2021,import,536,29.00
AT,EXT_EU27_2020,030462,2022,import,297,10.00
AT,EXT_EU27_2020,030462,2023,import,68479,32327.00
AT,EXT_EU27_2020,030462,2024,import,40570,17223.00
AT,EXT_EU27_2020,030462,2025,import,96740,49610.00
AT,VN,030462,2020,import,99688,60628.00
AT,VN,030462,2021,import,536,29.00
AT,VN,030462,2022,import,297,10.00
AT,VN,030462,2023,import,68479,32327.00
AT,VN,030462,2024,import,40570,17223.00
AT,VN,030462,2025,import,96740,49610.00
AT,WORLD,030462,2020,import,4006316,924143.00
AT,WORLD,030462,2021,import,3310386,822882.00
AT,WORLD,030462,2022,import,4154196,941157.00
AT,WORLD,030462,2023,import,4270560,878907.00
AT,WORLD,030462,2024,import,4116211,977700.00
AT,WORLD,030462,2025,import,3889258,952643.00
BE,EXT_EU27_2020,030462,2020,import,11389256,4310499.00
BE,EXT_EU27_2020,030462,2021,import,7648567,3076073.00
BE,EXT_EU27_2020,030462,2022,import,17823782,4947135.00
BE,EXT_EU27_2020,030462,2023,import,14488518,4363881.00
BE,EXT_EU27_2020,030462,2024,import,13856438,4777186.00
BE,EXT_EU27_2020,030462,2025,import,16199075,5623966.00
BE,VN,030462,2020,import,11349371,4292101.00
BE,VN,030462,2021,import,7646585,3074962.00
BE,VN,030462,2022,import,17823782,4947135.00
BE,VN,030462,2023,import,14488518,4363881.00
BE,VN,030462,2024,import,13856438,4777186.00
BE,VN,030462,2025,import,16198435,5601966.00
BE,WORLD,030462,2020,import,13362910,4804651.00
BE,WORLD,030462,2021,import,11056770,3981914.00
BE,WORLD,030462,2022,import,21296958,5676266.00
BE,WORLD,030462,2023,import,18134737,5066152.00
BE,WORLD,030462,2024,import,17468309,5570055.00
BE,WORLD,030462,2025,import,19816286,6441891.00
BG,EXT_EU27_2020,030462,2020,import,326491,300000.00
BG,EXT_EU27_2020,030462,2021,import,262662,223750.00
BG,EXT_EU27_2020,030462,2022,import,666508,268000.00
BG,EXT_EU27_2020,030462,2023,import,552434,324090.00
BG,EXT_EU27_2020,030462,2024,import,436581,277350.00
BG,EXT_EU27_2020,030462,2025,import,596183,369550.00
BG,VN,030462,2020,import,326491,300000.00
BG,VN,030462,2021,import,262662,223750.00
BG,VN,030462,2022,import,666508,268000.00
BG,VN,030462,2023,import,552434,324090.00
BG,VN,030462,2024,import,436581,277350.00
BG,VN,030462,2025,import,596183,369550.00
BG,WORLD,030462,2020,import,335256,304174.00
BG,WORLD,030462,2021,import,274921,228387.00
BG,WORLD,030462,2022,import,688682,274464.00
BG,WORLD,030462,2023,import,590341,333175.00
BG,WORLD,030462,2024,import,448578,280498.00
BG,WORLD,030462,2025,import,656185,381512.00
CY,EXT_EU27_2020,030462,2020,import,810926,456211.00
CY,EXT_EU27_2020,030462,2021,import,385807,203680.00
CY,EXT_EU27_2020,030462,2022,import,1594318,553533.00
CY,EXT_EU27_2020,030462,2023,import,1071280,504615.00
CY,EXT_EU27_2020,030462,2024,import,668659,298962.00
CY,EXT_EU27_2020,030462,2025,import,881216,421197.00
CY,VN,030462,2020,import,810926,456211.00
CY,VN,030462,2021,import,385807,203680.00
CY,VN,030462,2022,import,1594318,553533.00
CY,VN,030462,2023,import,1071280,504615.00
CY,VN,030462,2024,import,668659,298962.00
CY,VN,030462,2025,import,881216,421197.00
CY,WORLD,030462,2020,import,974196,512044.00
CY,WORLD,030462,2021,import,443147,219231.00
CY,WORLD,030462,2022,import,1734420,574342.00
CY,WORLD,030462,2023,import,1118981,517893.00
CY,WORLD,030462,2024,import,715374,314048.00
CY,WORLD,030462,2025,import,1206236,468565.00
CZ,EXT_EU27_2020,030462,2020,import,253744,132835.00
CZ,EXT_EU27_2020,030462,2021,import,657595,219354.00
CZ,EXT_EU27_2020,030462,2022,import,1251777,279360.00
CZ,EXT_EU27_2020,030462,2023,import,613798,152069.00
CZ,EXT_EU27_2020,030462,2024,import,638604,203242.00
CZ,EXT_EU27_2020,030462,2025,import,861816,281560.00
CZ,VN,030462,2020,import,188493,119370.00
CZ,VN,030462,2021,import,389644,159260.00
CZ,VN,030462,2022,import,1032171,246303.00
CZ,VN,030462,2023,import,293825,109139.00
CZ,VN,030462,2024,import,636137,202152.00
CZ,VN,030462,2025,import,861816,281560.00
CZ,WORLD,030462,2020,import,835525,469859.00
CZ,WORLD,030462,2021,import,1517142,648243.00
CZ,WORLD,030462,2022,import,2743562,773953.00
CZ,WORLD,030462,2023,import,1669144,544108.00
CZ,WORLD,030462,2024,import,1821227,621806.00
CZ,WORLD,030462,2025,import,2129423,712158.00
DE,EXT_EU27_2020,030462,2020,import,15929544,5911187.00
DE,EXT_EU27_2020,030462,2021,import,9273968,3837398.00
DE,EXT_EU27_2020,030462,2022,import,22038185,5564330.00
DE,EXT_EU27_2020,030462,2023,import,31139811,8299743.00
DE,EXT_EU27_2020,030462,2024,import,32313903,9021265.00
DE,EXT_EU27_2020,030462,2025,import,30702095,9062671.00
DE,VN,030462,2020,import,15845986,5893444.00
DE,VN,030462,2021,import,9273968,3837398.00
DE,VN,030462,2022,import,22038185,5564330.00
DE,VN,030462,2023,import,31123322,8293758.00
DE,VN,030462,2024,import,32313884,9021263.00
DE,VN,030462,2025,import,30689023,9057001.00
DE,WORLD,030462,2020,import,20874415,7686484.00
DE,WORLD,030462,2021,import,13481255,5270995.00
DE,WORLD,030462,2022,import,29101717,7457555.00
DE,WORLD,030462,2023,import,38974363,10422624.00
DE,WORLD,030462,2024,import,39919520,11348195.00
DE,WORLD,030462,2025,import,38628676,11563109.00
DK,EXT_EU27_2020,030462,2020,import,586718,235990.00
DK,EXT_EU27_2020,030462,2021,import,710572,323980.00
DK,EXT_EU27_2020,030462,2022,import,1351921,368918.00
DK,EXT_EU27_2020,030462,2023,import,1365465,468997.00
DK,EXT_EU27_2020,030462,2024,import,495468,195520.00
DK,EXT_EU27_2020,030462,2025,import,347735,136914.00
DK,VN,030462,2020,import,576302,233542.00
DK,VN,030462,2021,import,710572,323980.00
DK,VN,030462,2022,import,1351234,368868.00
DK,VN,030462,2023,import,1365228,468977.00
DK,VN,030462,2024,import,495468,195520.00
DK,VN,030462,2025,import,347735,136914.00
DK,WORLD,030462,2020,import,702463,278403.00
DK,WORLD,030462,2021,import,944950,400269.00
DK,WORLD,030462,2022,import,1706198,456973.00
DK,WORLD,030462,2023,import,2002956,672411.00
DK,WORLD,030462,2024,import,1828952,608327.00
DK,WORLD,030462,2025,import,1818864,588523.00
EE,EXT_EU27_2020,030462,2020,import,25806,17880.00
EE,EXT_EU27_2020,030462,2022,import,125745,43000.00
EE,EXT_EU27_2020,030462,2023,import,92859,32400.00
EE,EXT_EU27_2020,030462,2024,import,85676,28840.00
EE,EXT_EU27_2020,030462,2025,import,224375,102280.00
EE,VN,030462,2020,import,25806,17880.00
EE,VN,030462,2022,import,125745,43000.00
EE,VN,030462,2023,import,92859,32400.00
EE,VN,030462,2024,import,85676,28840.00
EE,VN,030462,2025,import,224375,102280.00
EE,WORLD,030462,2020,import,1413845,730857.00
EE,WORLD,030462,2021,import,1940576,931536.00
EE,WORLD,030462,2022,import,1110662,401240.00
EE,WORLD,030462,2023,import,294697,107598.00
EE,WORLD,030462,2024,import,340918,136346.00
EE,WORLD,030462,2025,import,675970,282956.00
ES,EXT_EU27_2020,030462,2020,import,11907754,5080022.00
ES,EXT_EU27_2020,030462,2021,import,9109699,3911125.00
ES,EXT_EU27_2020,030462,2022,import,20517745,6096998.00
ES,EXT_EU27_2020,030462,2023,import,13788801,5121118.00
ES,EXT_EU27_2020,030462,2024,import,16687757,6494005.00
ES,EXT_EU27_2020,030462,2025,import,21038634,8446094.00
ES,VN,030462,2020,import,11907754,5080022.00
ES,VN,030462,2021,import,9109699,3911125.00
ES,VN,030462,2022,import,20517745,6096998.00
ES,VN,030462,2023,import,13788801,5121118.00
ES,VN,030462,2024,import,16687757,6494005.00
ES,VN,030462,2025,import,21038634,8446094.00
ES,WORLD,030462,2020,import,12059591,5152662.00
ES,WORLD,030462,2021,import,9350426,4037691.00
ES,WORLD,030462,2022,import,21028827,6266941.00
ES,WORLD,030462,2023,import,14260682,5353646.00
ES,WORLD,030462,2024,import,17975590,7071177.00
ES,WORLD,030462,2025,import,23721648,9440754.00
EU27_2020,AT,030462,2024,import,102560,16120.00
EU27_2020,AT,030462,2025,import,124604,20335.00
EU27_2020,BE,030462,2024,import,7218916,1527490.00
EU27_2020,BE,030462,2025,import,8327167,1771477.00
EU27_2020,BG,030462,2024,import,284,118.00
EU27_2020,BG,030462,2025,import,20700,7510.00
EU27_2020,CH,030462,2024,import,19,2.00
EU27_2020,CL,030462,2024,import,42893,22272.00
EU27_2020,CN,030462,2024,import,46623,12272.00
EU27_2020,CN,030462,2025,import,66334,23200.00
EU27_2020,CY,030462,2024,import,1208,410.00
EU27_2020,CY,030462,2025,import,188,60.00
EU27_2020,CZ,030462,2024,import,354270,95286.00
EU27_2020,CZ,030462,2025,import,358381,105607.00
EU27_2020,DE,030462,2024,import,7326683,1775884.00
EU27_2020,DE,030462,2025,import,8641231,2232181.00
EU27_2020,DK,030462,2024,import,1874213,444314.00
EU27_2020,DK,030462,2025,import,2222479,513554.00
EU27_2020,EE,030462,2024,import,8425,2522.00
EU27_2020,EE,030462,2025,import,7183,2109.00
EU27_2020,ES,030462,2024,import,1725306,532049.00
EU27_2020,ES,030462,2025,import,2014191,605148.00
EU27_2020,EXT_EU27_2020,030462,2020,import,102783884,48173962.00
EU27_2020,EXT_EU27_2020,030462,2021,import,82998410,39934804.00
EU27_2020,EXT_EU27_2020,030462,2022,import,170459510,53132437.00
EU27_2020,EXT_EU27_2020,030462,2023,import,148066556,52654931.00
EU27_2020,EXT_EU27_2020,030462,2024,import,146174456,55962623.00
EU27_2020,EXT_EU27_2020,030462,2025,import,153986580,58970153.00
EU27_2020,FI,030462,2024,import,565,108.00
EU27_2020,FI,030462,2025,import,486,97.00
EU27_2020,FR,030462,2024,import,58577,10809.00
EU27_2020,FR,030462,2025,import,132101,24261.00
EU27_2020,GB,030462,2024,import,169116,41559.00
EU27_2020,GB,030462,2025,import,6441,2054.00
EU27_2020,GR,030462,2024,import,85908,30703.00
EU27_2020,GR,030462,2025,import,96222,35866.00
EU27_2020,HR,030462,2024,import,190170,46716.00
EU27_2020,HR,030462,2025,import,151137,38413.00
EU27_2020,HU,030462,2024,import,312296,75858.00
EU27_2020,HU,030462,2025,import,233145,52845.00
EU27_2020,IE,030462,2024,import,258,63.00
EU27_2020,IE,030462,2025,import,35919,1604.00
EU27_2020,IN,030462,2025,import,640,22000.00
EU27_2020,INT_EU27_2020,030462,2024,import,39362443,10561062.00
EU27_2020,INT_EU27_2020,030462,2025,import,41838395,11527510.00
EU27_2020,IT,030462,2024,import,78250,16569.00
EU27_2020,IT,030462,2025,import,85695,41919.00
EU27_2020,KG,030462,2025,import,65,8.00
EU27_2020,LT,030462,2024,import,241847,98726.00
EU27_2020,LT,030462,2025,import,206787,70855.00
EU27_2020,LU,030462,2024,import,437,121.00
EU27_2020,LU,030462,2025,import,2047,491.00
EU27_2020,LV,030462,2024,import,100312,34981.00
EU27_2020,LV,030462,2025,import,206563,82653.00
EU27_2020,MT,030462,2024,import,1200,217.00
EU27_2020,NG,030462,2024,import,9,2.00
EU27_2020,NL,030462,2024,import,15849172,4314729.00
EU27_2020,NL,030462,2025,import,15184825,4410368.00
EU27_2020,PL,030462,2024,import,1690845,680725.00
EU27_2020,PL,030462,2025,import,1949007,731091.00
EU27_2020,PT,030462,2024,import,828514,417311.00
EU27_2020,PT,030462,2025,import,868774,448667.00
EU27_2020,QW,030462,2024,import,7560,2800.00
EU27_2020,RO,030462,2024,import,254,19.00
EU27_2020,RO,030462,2025,import,5521,2590.00
EU27_2020,RU,030462,2024,import,2458,1080.00
EU27_2020,RU,030462,2025,import,46789,11529.00
EU27_2020,SE,030462,2024,import,10626,2332.00
EU27_2020,SE,030462,2025,import,12127,2292.00
EU27_2020,SI,030462,2024,import,1035260,392344.00
EU27_2020,SI,030462,2025,import,632453,257994.00
EU27_2020,SK,030462,2024,import,266087,44538.00
EU27_2020,SK,030462,2025,import,319462,67523.00
EU27_2020,TH,030462,2025,import,12,4.00
EU27_2020,TR,030462,2025,import,35308,9828.00
EU27_2020,UA,030462,2024,import,320373,45969.00
EU27_2020,UA,030462,2025,import,214391,30564.00
EU27_2020,VN,030462,2020,import,102149854,47995832.00
EU27_2020,VN,030462,2021,import,82496519,39824811.00
EU27_2020,VN,030462,2022,import,169719634,52985383.00
EU27_2020,VN,030462,2023,import,146521259,52414196.00
EU27_2020,VN,030462,2024,import,145585405,55836667.00
EU27_2020,VN,030462,2025,import,153616600,58870966.00
FI,EXT_EU27_2020,030462,2020,import,99705,62200.00
FI,EXT_EU27_2020,030462,2021,import,70362,48000.00
FI,EXT_EU27_2020,030462,2022,import,385650,139200.00
FI,EXT_EU27_2020,030462,2023,import,195450,86400.00
FI,EXT_EU27_2020,030462,2024,import,187817,76800.00
FI,EXT_EU27_2020,030462,2025,import,232152,96769.00
FI,VN,030462,2020,import,99705,62200.00
FI,VN,030462,2021,import,70362,48000.00
FI,VN,030462,2022,import,385650,139200.00
FI,VN,030462,2023,import,195450,86400.00
FI,VN,030462,2024,import,187817,76800.00
FI,VN,030462,2025,import,232152,96769.00
FI,WORLD,030462,2020,import,289114,123037.00
FI,WORLD,030462,2021,import,287885,105966.00
FI,WORLD,030462,2022,import,733979,225105.00
FI,WORLD,030462,2023,import,630265,210390.00
FI,WORLD,030462,2024,import,607946,225775.00
FI,WORLD,030462,2025,import,625715,228249.00
FR,EXT_EU27_2020,030462,2020,import,2826737,1290516.00
FR,EXT_EU27_2020,030462,2021,import,2749181,1181235.00
FR,EXT_EU27_2020,030462,2022,import,6681246,1964644.00
FR,EXT_EU27_2020,030462,2023,import,6895774,2598377.00
FR,EXT_EU27_2020,030462,2024,import,5695997,2290146.00
FR,EXT_EU27_2020,030462,2025,import,6899597,2730448.00
FR,VN,030462,2020,import,2826737,1290516.00
FR,VN,030462,2021,import,2749181,1181235.00
FR,VN,030462,2022,import,6633733,1949174.00
FR,VN,030462,2023,import,6799885,2571437.00
FR,VN,030462,2024,import,5528416,2249066.00
FR,VN,030462,2025,import,6899597,2730448.00
FR,WORLD,030462,2020,import,4472963,2073945.00
FR,WORLD,030462,2021,import,5384545,1783176.00
FR,WORLD,030462,2022,import,10731253,2885656.00
FR,WORLD,030462,2023,import,10561724,3233173.00
FR,WORLD,030462,2024,import,8592160,2853611.00
FR,WORLD,030462,2025,import,8789841,3257848.00
GR,EXT_EU27_2020,030462,2020,import,2469032,1783464.00
GR,EXT_EU27_2020,030462,2021,import,2605873,1548596.00
GR,EXT_EU27_2020,030462,2022,import,5872822,2369611.00
GR,EXT_EU27_2020,030462,2023,import,3697488,2043487.00
GR,EXT_EU27_2020,030462,2024,import,3698778,1993446.00
GR,EXT_EU27_2020,030462,2025,import,4116890,2004605.00
GR,VN,030462,2020,import,2465275,1779244.00
GR,VN,030462,2021,import,2605873,1548596.00
GR,VN,030462,2022,import,5773598,2342611.00
GR,VN,030462,2023,import,3697488,2043487.00
GR,VN,030462,2024,import,3698778,1993446.00
GR,VN,030462,2025,import,4116890,2004605.00
GR,WORLD,030462,2020,import,2539499,1818777.00
GR,WORLD,030462,2021,import,2780998,1622530.00
GR,WORLD,030462,2022,import,5933500,2386487.00
GR,WORLD,030462,2023,import,3710082,2046927.00
GR,WORLD,030462,2024,import,3703580,1994901.00
GR,WORLD,030462,2025,import,4305919,2051393.00
HR,EXT_EU27_2020,030462,2020,import,403133,262610.00
HR,EXT_EU27_2020,030462,2021,import,355517,228020.00
HR,EXT_EU27_2020,030462,2022,import,389045,158140.00
HR,EXT_EU27_2020,030462,2023,import,361567,165800.00
HR,EXT_EU27_2020,030462,2024,import,346558,209150.00
HR,EXT_EU27_2020,030462,2025,import,198795,103550.00
HR,VN,030462,2020,import,403133,262610.00
HR,VN,030462,2021,import,355517,228020.00
HR,VN,030462,2022,import,389045,158140.00
HR,VN,030462,2023,import,361567,165800.00
HR,VN,030462,2024,import,346558,209150.00
HR,VN,030462,2025,import,198795,103550.00
HR,WORLD,030462,2020,import,423690,271576.00
HR,WORLD,030462,2021,import,442642,272686.00
HR,WORLD,030462,2022,import,593581,224123.00
HR,WORLD,030462,2023,import,633113,275343.00
HR,WORLD,030462,2024,import,592020,321489.00
HR,WORLD,030462,2025,import,505081,237991.00
HU,EXT_EU27_2020,030462,2020,import,905009,537493.00
HU,EXT_EU27_2020,030462,2021,import,1183012,586620.00
HU,EXT_EU27_2020,030462,2022,import,898811,335662.00
HU,EXT_EU27_2020,030462,2023,import,1519645,573561.00
HU,EXT_EU27_2020,030462,2024,import,1663846,561565.00
HU,EXT_EU27_2020,030462,2025,import,1888190,661598.00
HU,VN,030462,2020,import,731262,508403.00
HU,VN,030462,2021,import,1061637,566638.00
HU,VN,030462,2022,import,808172,324066.00
HU,VN,030462,2023,import,1340764,555269.00
HU,VN,030462,2024,import,1300580,493324.00
HU,VN,030462,2025,import,1638491,621206.00
HU,WORLD,030462,2020,import,3282072,1403161.00
HU,WORLD,030462,2021,import,4102308,1665704.00
HU,WORLD,030462,2022,import,5253177,1666697.00
HU,WORLD,030462,2023,import,5362070,1657246.00
HU,WORLD,030462,2024,import,4271968,1493212.00
HU,WORLD,030462,2025,import,4459199,1529669.00
IE,EXT_EU27_2020,030462,2020,import,171462,78922.00
IE,EXT_EU27_2020,030462,2021,import,148837,61868.00
IE,EXT_EU27_2020,030462,2022,import,553880,156035.00
IE,EXT_EU27_2020,030462,2023,import,561735,178602.00
IE,EXT_EU27_2020,030462,2024,import,585541,190982.00
IE,EXT_EU27_2020,030462,2025,import,704618,244274.00
IE,VN,030462,2020,import,84477,41010.00
IE,VN,030462,2021,import,137387,60126.00
IE,VN,030462,2022,import,544570,153509.00
IE,VN,030462,2023,import,561659,178587.00
IE,VN,030462,2024,import,584006,190511.00
IE,VN,030462,2025,import,698311,242249.00
IE,WORLD,030462,2020,import,187713,87142.00
IE,WORLD,030462,2021,import,192694,78322.00
IE,WORLD,030462,2022,import,748847,203579.00
IE,WORLD,030462,2023,import,635408,201369.00
IE,WORLD,030462,2024,import,802429,248189.00
IE,WORLD,030462,2025,import,938802,309952.00
IT,EXT_EU27_2020,030462,2020,import,7593075,4399713.00
IT,EXT_EU27_2020,030462,2021,import,6410106,3522284.00
IT,EXT_EU27_2020,030462,2022,import,14921032,4900322.00
IT,EXT_EU27_2020,030462,2023,import,8808980,3927626.00
IT,EXT_EU27_2020,030462,2024,import,10614713,4830309.00
IT,EXT_EU27_2020,030462,2025,import,11010834,4948544.00
IT,VN,030462,2020,import,7593075,4399713.00
IT,VN,030462,2021,import,6410106,3522284.00
IT,VN,030462,2022,import,14837078,4888322.00
IT,VN,030462,2023,import,8699629,3903626.00
IT,VN,030462,2024,import,10614713,4830309.00
IT,VN,030462,2025,import,11010834,4948544.00
IT,WORLD,030462,2020,import,8079092,4591515.00
IT,WORLD,030462,2021,import,7119657,3789865.00
IT,WORLD,030462,2022,import,15839342,5125784.00
IT,WORLD,030462,2023,import,9763425,4166763.00
IT,WORLD,030462,2024,import,11506239,5068151.00
IT,WORLD,030462,2025,import,11986697,5210391.00
LT,EXT_EU27_2020,030462,2020,import,374579,263611.00
LT,EXT_EU27_2020,030462,2021,import,141026,92181.00
LT,EXT_EU27_2020,030462,2022,import,659296,239873.00
LT,EXT_EU27_2020,030462,2023,import,453089,216576.00
LT,EXT_EU27_2020,030462,2024,import,535822,261929.00
LT,EXT_EU27_2020,030462,2025,import,786442,348002.00
LT,VN,030462,2020,import,374579,263611.00
LT,VN,030462,2021,import,141026,92181.00
LT,VN,030462,2022,import,659296,239873.00
LT,VN,030462,2023,import,453089,216576.00
LT,VN,030462,2024,import,535822,261929.00
LT,VN,030462,2025,import,786442,348002.00
LT,WORLD,030462,2020,import,890464,520030.00
LT,WORLD,030462,2021,import,596758,308337.00
LT,WORLD,030462,2022,import,1589023,543861.00
LT,WORLD,030462,2023,import,763345,330449.00
LT,WORLD,030462,2024,import,919547,411679.00
LT,WORLD,030462,2025,import,1243693,532818.00
LU,WORLD,030462,2020,import,258069,73666.00
LU,WORLD,030462,2021,import,249243,77567.00
LU,WORLD,030462,2022,import,270298,71907.00
LU,WORLD,030462,2023,import,366913,82461.00
LU,WORLD,030462,2024,import,328699,88253.00
LU,WORLD,030462,2025,import,335978,92379.00
LV,EXT_EU27_2020,030462,2020,import,214719,137050.00
LV,EXT_EU27_2020,030462,2021,import,75655,48400.00
LV,EXT_EU27_2020,030462,2022,import,347448,114325.00
LV,EXT_EU27_2020,030462,2023,import,262587,126295.00
LV,EXT_EU27_2020,030462,2024,import,91803,47350.00
LV,EXT_EU27_2020,030462,2025,import,299201,152590.00
LV,VN,030462,2020,import,214719,137050.00
LV,VN,030462,2021,import,75655,48400.00
LV,VN,030462,2022,import,347448,114325.00
LV,VN,030462,2023,import,262587,126295.00
LV,VN,030462,2024,import,91803,47350.00
LV,VN,030462,2025,import,299201,152590.00
LV,WORLD,030462,2020,import,279151,157715.00
LV,WORLD,030462,2021,import,257406,122733.00
LV,WORLD,030462,2022,import,482589,156562.00
LV,WORLD,030462,2023,import,433474,179676.00
LV,WORLD,030462,2024,import,300227,106899.00
LV,WORLD,030462,2025,import,582426,248249.00
MT,EXT_EU27_2020,030462,2020,import,274811,187530.00
MT,EXT_EU27_2020,030462,2021,import,162127,91311.00
MT,EXT_EU27_2020,030462,2022,import,438183,168640.00
MT,EXT_EU27_2020,030462,2023,import,281524,140288.00
MT,EXT_EU27_2020,030462,2024,import,307639,160930.00
MT,EXT_EU27_2020,030462,2025,import,322604,162400.00
MT,VN,030462,2020,import,272221,187200.00
MT,VN,030462,2021,import,162127,91311.00
MT,VN,030462,2022,import,438183,168640.00
MT,VN,030462,2023,import,281524,140288.00
MT,VN,030462,2024,import,307639,160930.00
MT,VN,030462,2025,import,322604,162400.00
MT,WORLD,030462,2020,import,288989,192738.00
MT,WORLD,030462,2021,import,285546,137271.00
MT,WORLD,030462,2022,import,530337,192580.00
MT,WORLD,030462,2023,import,307996,148582.00
MT,WORLD,030462,2024,import,426909,203530.00
MT,WORLD,030462,2025,import,400863,188763.00
NL,EXT_EU27_2020,030462,2020,import,28563426,11723795.00
NL,EXT_EU27_2020,030462,2021,import,23276276,10224269.00
NL,EXT_EU27_2020,030462,2022,import,42244656,12564206.00
NL,EXT_EU27_2020,030462,2023,import,39763049,12950705.00
NL,EXT_EU27_2020,030462,2024,import,36126162,12872393.00
NL,EXT_EU27_2020,030462,2025,import,36142415,13117441.00
NL,VN,030462,2020,import,28533605,11713551.00
NL,VN,030462,2021,import,23224064,10207987.00
NL,VN,030462,2022,import,42173135,12541819.00
NL,VN,030462,2023,import,39763029,12950699.00
NL,VN,030462,2024,import,36079539,12860121.00
NL,VN,030462,2025,import,36075947,13094212.00
NL,WORLD,030462,2020,import,38067906,14044526.00
NL,WORLD,030462,2021,import,30766279,11642984.00
NL,WORLD,030462,2022,import,51954499,14143953.00
NL,WORLD,030462,2023,import,48082860,14179882.00
NL,WORLD,030462,2024,import,42734838,14027045.00
NL,WORLD,030462,2025,import,43282551,14356149.00
PL,EXT_EU27_2020,030462,2020,import,6812917,4546059.00
PL,EXT_EU27_2020,030462,2021,import,8719711,5330540.00
PL,EXT_EU27_2020,030462,2022,import,15048522,5704173.00
PL,EXT_EU27_2020,030462,2023,import,8792884,4114245.00
PL,EXT_EU27_2020,030462,2024,import,8638549,5263504.00
PL,EXT_EU27_2020,030462,2025,import,5918657,3418380.00
PL,VN,030462,2020,import,6704959,4524999.00
PL,VN,030462,2021,import,8675373,5320928.00
PL,VN,030462,2022,import,14931100,5681205.00
PL,VN,030462,2023,import,7968503,3991698.00
PL,VN,030462,2024,import,8638549,5263504.00
PL,VN,030462,2025,import,5884940,3412521.00
PL,WORLD,030462,2020,import,6932917,4592455.00
PL,WORLD,030462,2021,import,8880771,5377062.00
PL,WORLD,030462,2022,import,15195117,5740897.00
PL,WORLD,030462,2023,import,8963748,4160401.00
PL,WORLD,030462,2024,import,8954830,5334329.00
PL,WORLD,030462,2025,import,6357228,3509167.00
PT,EXT_EU27_2020,030462,2020,import,5193142,3113173.00
PT,EXT_EU27_2020,030462,2021,import,3236847,1917194.00
PT,EXT_EU27_2020,030462,2022,import,7581242,2714091.00
PT,EXT_EU27_2020,030462,2023,import,5299520,2542022.00
PT,EXT_EU27_2020,030462,2024,import,5950192,2902171.00
PT,EXT_EU27_2020,030462,2025,import,6700757,3062479.00
PT,VN,030462,2020,import,5166262,3090613.00
PT,VN,030462,2021,import,3234264,1916024.00
PT,VN,030462,2022,import,7581242,2714091.00
PT,VN,030462,2023,import,5299520,2542022.00
PT,VN,030462,2024,import,5950192,2902171.00
PT,VN,030462,2025,import,6700757,3062479.00
PT,WORLD,030462,2020,import,5735829,3342038.00
PT,WORLD,030462,2021,import,3772201,2130915.00
PT,WORLD,030462,2022,import,8667405,3018031.00
PT,WORLD,030462,2023,import,6267090,2862473.00
PT,WORLD,030462,2024,import,7277426,3324635.00
PT,WORLD,030462,2025,import,8400780,3604099.00
RO,EXT_EU27_2020,030462,2020,import,1553782,1314617.00
RO,EXT_EU27_2020,030462,2021,import,1676738,1231254.00
RO,EXT_EU27_2020,030462,2022,import,2567672,1261474.00
RO,EXT_EU27_2020,030462,2023,import,2131122,1374280.00
RO,EXT_EU27_2020,030462,2024,import,1688726,1089882.00
RO,EXT_EU27_2020,030462,2025,import,1929298,1259795.00
RO,VN,030462,2020,import,1552190,1314257.00
RO,VN,030462,2021,import,1676738,1231254.00
RO,VN,030462,2022,import,2567672,1261474.00
RO,VN,030462,2023,import,2131122,1374280.00
RO,VN,030462,2024,import,1688726,1089882.00
RO,VN,030462,2025,import,1929298,1259795.00
RO,WORLD,030462,2020,import,1734447,1394617.00
RO,WORLD,030462,2021,import,2006604,1361316.00
RO,WORLD,030462,2022,import,2874035,1369103.00
RO,WORLD,030462,2023,import,2490517,1501961.00
RO,WORLD,030462,2024,import,2107483,1228315.00
RO,WORLD,030462,2025,import,2154213,1347801.00
SE,EXT_EU27_2020,030462,2020,import,1292980,575816.00
SE,EXT_EU27_2020,030462,2021,import,915291,401268.00
SE,EXT_EU27_2020,030462,2022,import,1596915,477710.00
SE,EXT_EU27_2020,030462,2023,import,1959357,712706.00
SE,EXT_EU27_2020,030462,2024,import,1380026,533526.00
SE,EXT_EU27_2020,030462,2025,import,1300733,497536.00
SE,VN,030462,2020,import,1292980,575816.00
SE,VN,030462,2021,import,915291,401268.00
SE,VN,030462,2022,import,1596915,477710.00
SE,VN,030462,2023,import,1959357,712706.00
SE,VN,030462,2024,import,1380026,533526.00
SE,VN,030462,2025,import,1300656,497524.00
SE,WORLD,030462,2020,import,1898760,732570.00
SE,WORLD,030462,2021,import,1601055,591698.00
SE,WORLD,030462,2022,import,2444735,657825.00
SE,WORLD,030462,2023,import,3310572,998542.00
SE,WORLD,030462,2024,import,2801682,874550.00
SE,WORLD,030462,2025,import,3091531,950935.00
SI,EXT_EU27_2020,030462,2020,import,2703858,1391841.00
SI,EXT_EU27_2020,030462,2021,import,3139290,1580375.00
SI,EXT_EU27_2020,030462,2022,import,4832687,1720047.00
SI,EXT_EU27_2020,030462,2023,import,3855120,1583721.00
SI,EXT_EU27_2020,030462,2024,import,3402066,1343947.00
SI,EXT_EU27_2020,030462,2025,import,4546912,1646900.00
SI,VN,030462,2020,import,2703858,1391841.00
SI,VN,030462,2021,import,3139290,1580375.00
SI,VN,030462,2022,import,4832687,1720047.00
SI,VN,030462,2023,import,3855120,1583721.00
SI,VN,030462,2024,import,3394506,1341147.00
SI,VN,030462,2025,import,4546912,1646900.00
SI,WORLD,030462,2020,import,3214920,1574214.00
SI,WORLD,030462,2021,import,3680299,1762934.00
SI,WORLD,030462,2022,import,5409021,1880331.00
SI,WORLD,030462,2023,import,4848660,1759969.00
SI,WORLD,030462,2024,import,4187421,1577017.00
SI,WORLD,030462,2025,import,5119127,1806100.00
SK,EXT_EU27_2020,030462,2021,import,83155,46000.00
SK,EXT_EU27_2020,030462,2022,import,70125,23000.00
SK,EXT_EU27_2020,030462,2023,import,46220,21000.00
SK,EXT_EU27_2020,030462,2024,import,36565,21000.00
SK,EXT_EU27_2020,030462,2025,import,40616,21000.00
SK,VN,030462,2021,import,83155,46000.00
SK,VN,030462,2022,import,70125,23000.00
SK,VN,030462,2023,import,46220,21000.00
SK,VN,030462,2024,import,36565,21000.00
SK,VN,030462,2025,import,40616,21000.00
SK,WORLD,030462,2020,import,392451,134559.00
SK,WORLD,030462,2021,import,727748,265059.00
SK,WORLD,030462,2022,import,805433,219817.00
SK,WORLD,030462,2023,import,1066897,243975.00
SK,WORLD,030462,2024,import,786816,213953.00
SK,WORLD,030462,2025,import,702785,203599.00
AT,EXT_EU27_2020,030617,2020,import,951781,127685.00
AT,EXT_EU27_2020,030617,2021,import,408002,67965.00
AT,EXT_EU27_2020,030617,2022,import,885051,103225.00
AT,EXT_EU27_2020,030617,2023,import,977272,132878.00
AT,EXT_EU27_2020,030617,2024,import,800064,98492.00
AT,EXT_EU27_2020,030617,2025,import,912244,153280.00
AT,VN,030617,2020,import,136536,16380.00
AT,VN,030617,2021,import,28864,1410.00
AT,VN,030617,2022,import,60709,2887.00
AT,VN,030617,2023,import,79352,4203.00
AT,VN,030617,2024,import,194706,11414.00
AT,VN,030617,2025,import,43363,2180.00
AT,WORLD,030617,2020,import,26419622,2914822.00
AT,WORLD,030617,2021,import,28218934,2916352.00
AT,WORLD,030617,2022,import,36281561,3647574.00
AT,WORLD,030617,2023,import,34222612,3799367.00
AT,WORLD,030617,2024,import,33910891,3717994.00
AT,WORLD,030617,2025,import,35154651,3966609.00
BE,EXT_EU27_2020,030617,2020,import,244023612,31783106.00
BE,EXT_EU27_2020,030617,2021,import,251294571,32938502.00
BE,EXT_EU27_2020,030617,2022,import,404263433,44977035.00
BE,EXT_EU27_2020,030617,2023,import,330638345,46057722.00
BE,EXT_EU27_2020,030617,2024,import,311328185,43547219.00
BE,EXT_EU27_2020,030617,2025,import,411505876,57491366.00
BE,VN,030617,2020,import,53402194,6266856.00
BE,VN,030617,2021,import,59443589,6867217.00
BE,VN,030617,2022,import,93591040,9430978.00
BE,VN,030617,2023,import,53916786,6667478.00
BE,VN,030617,2024,import,56156743,7472432.00
BE,VN,030617,2025,import,63049551,8487976.00
BE,WORLD,030617,2020,import,280522289,35465199.00
BE,WORLD,030617,2021,import,298713036,37826171.00
BE,WORLD,030617,2022,import,456090349,49952568.00
BE,WORLD,030617,2023,import,376488264,50738615.00
BE,WORLD,030617,2024,import,349302543,47698363.00
BE,WORLD,030617,2025,import,454494990,65543664.00
BG,EXT_EU27_2020,030617,2020,import,367478,95851.00
BG,EXT_EU27_2020,030617,2021,import,321285,71808.00
BG,EXT_EU27_2020,030617,2022,import,812740,117466.00
BG,EXT_EU27_2020,030617,2023,import,1200264,171497.00
BG,EXT_EU27_2020,030617,2024,import,1343313,201084.00
BG,EXT_EU27_2020,030617,2025,import,1666572,251745.00
BG,VN,030617,2022,import,248171,23266.00
BG,VN,030617,2023,import,733123,91357.00
BG,VN,030617,2024,import,1002702,134124.00
BG,VN,030617,2025,import,1005026,125637.00
BG,WORLD,030617,2020,import,2117898,366696.00
BG,WORLD,030617,2021,import,3271031,509259.00
BG,WORLD,030617,2022,import,4347419,535067.00
BG,WORLD,030617,2023,import,4362247,613260.00
BG,WORLD,030617,2024,import,5708446,810248.00
BG,WORLD,030617,2025,import,7175432,969227.00
CY,EXT_EU27_2020,030617,2020,import,4254029,612778.00
CY,EXT_EU27_2020,030617,2021,import,5736487,760450.00
CY,EXT_EU27_2020,030617,2022,import,8705802,933571.00
CY,EXT_EU27_2020,030617,2023,import,6271385,845286.00
CY,EXT_EU27_2020,030617,2024,import,6647990,997874.00
CY,EXT_EU27_2020,030617,2025,import,7859850,1118537.00
CY,VN,030617,2020,import,870205,103140.00
CY,VN,030617,2021,import,1601423,169155.00
CY,VN,030617,2022,import,2141877,174249.00
CY,VN,030617,2023,import,1289885,130764.00
CY,VN,030617,2024,import,1628755,178456.00
CY,VN,030617,2025,import,1160997,124040.00
CY,WORLD,030617,2020,import,6115870,899161.00
CY,WORLD,030617,2021,import,9210304,1198647.00
CY,WORLD,030617,2022,import,12455150,1328140.00
CY,WORLD,030617,2023,import,9711755,1270647.00
CY,WORLD,030617,2024,import,10280938,1501766.00
CY,WORLD,030617,2025,import,13348115,1902475.00
CZ,EXT_EU27_2020,030617,2020,import,4462066,713220.00
CZ,EXT_EU27_2020,030617,2021,import,7001371,982750.00
CZ,EXT_EU27_2020,030617,2022,import,9389057,1138183.00
CZ,EXT_EU27_2020,030617,2023,import,8693028,1168907.00
CZ,EXT_EU27_2020,030617,2024,import,9957637,1468745.00
CZ,EXT_EU27_2020,030617,2025,import,12355019,1757275.00
CZ,VN,030617,2020,import,3656127,593507.00
CZ,VN,030617,2021,import,6912340,966818.00
CZ,VN,030617,2022,import,8922189,1073659.00
CZ,VN,030617,2023,import,8403758,1121359.00
CZ,VN,030617,2024,import,8954096,1291783.00
CZ,VN,030617,2025,import,12276824,1740460.00
CZ,WORLD,030617,2020,import,10978319,1488022.00
CZ,WORLD,030617,2021,import,15744607,1952224.00
CZ,WORLD,030617,2022,import,19603828,2215573.00
CZ,WORLD,030617,2023,import,19376483,2441456.00
CZ,WORLD,030617,2024,import,21445949,3042367.00
CZ,WORLD,030617,2025,import,23954365,3264927.00
DE,EXT_EU27_2020,030617,2020,import,144580046,16862612.00
DE,EXT_EU27_2020,030617,2021,import,141504872,16029626.00
DE,EXT_EU27_2020,030617,2022,import,213403695,19484954.00
DE,EXT_EU27_2020,030617,2023,import,125774436,14453215.00
DE,EXT_EU27_2020,030617,2024,import,130188530,15416026.00
DE,EXT_EU27_2020,030617,2025,import,168728735,20042364.00
DE,VN,030617,2020,import,51466149,5596177.00
DE,VN,030617,2021,import,62541971,6732404.00
DE,VN,030617,2022,import,90563324,7941742.00
DE,VN,030617,2023,import,41940134,4237880.00
DE,VN,030617,2024,import,46813389,5154927.00
DE,VN,030617,2025,import,58614130,6428654.00
DE,WORLD,030617,2020,import,320999899,37887349.00
DE,WORLD,030617,2021,import,326434252,35767254.00
DE,WORLD,030617,2022,import,426968599,40736166.00
DE,WORLD,030617,2023,import,313624954,34184395.00
DE,WORLD,030617,2024,import,294935196,34053386.00
DE,WORLD,030617,2025,import,369112923,43207511.00
DK,EXT_EU27_2020,030617,2020,import,26350101,3619813.00
DK,EXT_EU27_2020,030617,2021,import,35884021,4994544.00
DK,EXT_EU27_2020,030617,2022,import,49595012,5437484.00
DK,EXT_EU27_2020,030617,2023,import,18961888,2457372.00
DK,EXT_EU27_2020,030617,2024,import,20911071,2791194.00
DK,EXT_EU27_2020,030617,2025,import,17984267,2186587.00
DK,VN,030617,2020,import,9200475,1062803.00
DK,VN,030617,2021,import,11758317,1339899.00
DK,VN,030617,2022,import,18725504,1682765.00
DK,VN,030617,2023,import,8166239,944061.00
DK,VN,030617,2024,import,9907518,1198037.00
DK,VN,030617,2025,import,9698047,1076309.00
DK,WORLD,030617,2020,import,32648803,4260261.00
DK,WORLD,030617,2021,import,46364118,6054449.00
DK,WORLD,030617,2022,import,60844681,6422041.00
DK,WORLD,030617,2023,import,31316827,3723660.00
DK,WORLD,030617,2024,import,34109244,4229553.00
DK,WORLD,030617,2025,import,36356164,4189607.00
EE,EXT_EU27_2020,030617,2020,import,107056,15000.00
EE,EXT_EU27_2020,030617,2021,import,125722,16000.00
EE,EXT_EU27_2020,030617,2022,import,1249244,165341.00
EE,EXT_EU27_2020,030617,2023,import,4114206,914764.00
EE,EXT_EU27_2020,030617,2024,import,5914302,1326712.00
EE,EXT_EU27_2020,030617,2025,import,4864090,1021533.00
EE,VN,030617,2021,import,125722,16000.00
EE,VN,030617,2022,import,336451,33720.00
EE,VN,030617,2023,import,363090,43305.00
EE,VN,030617,2024,import,197253,25600.00
EE,VN,030617,2025,import,209175,26245.00
EE,WORLD,030617,2020,import,2584995,335549.00
EE,WORLD,030617,2021,import,3505856,462984.00
EE,WORLD,030617,2022,import,5398835,651918.00
EE,WORLD,030617,2023,import,7748022,1359788.00
EE,WORLD,030617,2024,import,10845666,2022499.00
EE,WORLD,030617,2025,import,8997309,1601580.00
ES,EXT_EU27_2020,030617,2020,import,761543891,134982304.00
ES,EXT_EU27_2020,030617,2021,import,1014220193,161923976.00
ES,EXT_EU27_2020,030617,2022,import,1077502578,155754936.00
ES,EXT_EU27_2020,030617,2023,import,959979641,155644442.00
ES,EXT_EU27_2020,030617,2024,import,964112368,157928821.00
ES,EXT_EU27_2020,030617,2025,import,1010315937,164720877.00
ES,VN,030617,2020,import,2608410,285881.00
ES,VN,030617,2021,import,4456340,514610.00
ES,VN,030617,2022,import,4554531,427015.00
ES,VN,030617,2023,import,3002267,320615.00
ES,VN,030617,2024,import,3243447,379387.00
ES,VN,030617,2025,import,3024449,338352.00
ES,WORLD,030617,2020,import,870893554,149662573.00
ES,WORLD,030617,2021,import,1135313391,177263247.00
ES,WORLD,030617,2022,import,1218726755,173141690.00
ES,WORLD,030617,2023,import,1083926573,171071627.00
ES,WORLD,030617,2024,import,1093810682,175447465.00
ES,WORLD,030617,2025,import,1137514121,180089670.00
EU27_2020,AG,030617,2024,import,234032,18998.00
EU27_2020,AG,030617,2025,import,144703,11825.00
EU27_2020,AL,030617,2024,import,1653797,133110.00
EU27_2020,AL,030617,2025,import,1478223,110824.00
EU27_2020,AM,030617,2025,import,216,15.00
EU27_2020,AO,030617,2024,import,18244357,1497833.00
EU27_2020,AO,030617,2025,import,18604959,1075406.00
EU27_2020,AR,030617,2024,import,483019140,76524486.00
EU27_2020,AR,030617,2025,import,381468497,55472197.00
EU27_2020,AT,030617,2024,import,2074490,207324.00
EU27_2020,AT,030617,2025,import,1708973,123387.00
EU27_2020,AU,030617,2024,import,1620113,142641.00
EU27_2020,AU,030617,2025,import,1463066,145836.00
EU27_2020,AZ,030617,2025,import,7695,320.00
EU27_2020,BD,030617,2024,import,122123775,14135821.00
EU27_2020,BD,030617,2025,import,145553953,16465942.00
EU27_2020,BE,030617,2024,import,195132373,24738990.00
EU27_2020,BE,030617,2025,import,213043152,29869754.00
EU27_2020,BG,030617,2024,import,36572,4375.00
EU27_2020,BG,030617,2025,import,105769,14686.00
EU27_2020,BJ,030617,2024,import,28921,852.00
EU27_2020,BJ,030617,2025,import,386612,21815.00
EU27_2020,BZ,030617,2024,import,36870,10500.00
EU27_2020,CA,030617,2024,import,29489,504.00
EU27_2020,CA,030617,2025,import,44,4.00
EU27_2020,CH,030617,2024,import,44917,4574.00
EU27_2020,CH,030617,2025,import,10799,1038.00
EU27_2020,CL,030617,2024,import,86,16.00
EU27_2020,CM,030617,2024,import,17,5.00
EU27_2020,CN,030617,2024,import,114628612,15610471.00
EU27_2020,CN,030617,2025,import,118922760,16788987.00
EU27_2020,CO,030617,2024,import,7517420,1718066.00
EU27_2020,CO,030617,2025,import,6272619,1388367.00
EU27_2020,CR,030617,2024,import,1370734,149000.00
EU27_2020,CR,030617,2025,import,1795361,181873.00
EU27_2020,CU,030617,2024,import,1866575,537100.00
EU27_2020,CU,030617,2025,import,1282708,275900.00
EU27_2020,CV,030617,2025,import,116550,8810.00
EU27_2020,CY,030617,2024,import,1154390,617137.00
EU27_2020,CY,030617,2025,import,206094,40414.00
EU27_2020,CZ,030617,2024,import,4317954,447062.00
EU27_2020,CZ,030617,2025,import,6277642,673904.00
EU27_2020,DE,030617,2024,import,64782535,7994866.00
EU27_2020,DE,030617,2025,import,60650375,6950178.00
EU27_2020,DK,030617,2024,import,41538212,4776052.00
EU27_2020,DK,030617,2025,import,47584698,5501627.00
EU27_2020,DZ,030617,2024,import,396939,19469.00
EU27_2020,DZ,030617,2025,import,274985,13205.00
EU27_2020,EC,030617,2024,import,929209838,181040302.00
EU27_2020,EC,030617,2025,import,1278114096,241594007.00
EU27_2020,EE,030617,2024,import,2217555,373434.00
EU27_2020,EE,030617,2025,import,2928963,474691.00
EU27_2020,EG,030617,2024,import,87292,23004.00
EU27_2020,EG,030617,2025,import,6280032,260478.00
EU27_2020,ES,030617,2024,import,273857207,30973914.00
EU27_2020,ES,030617,2025,import,233064303,25819414.00
EU27_2020,EXT_EU27_2020,030617,2020,import,2496977252,396362557.00
EU27_2020,EXT_EU27_2020,030617,2021,import,3083619456,461778941.00
EU27_2020,EXT_EU27_2020,030617,2022,import,3579414347,465746522.00
EU27_2020,EXT_EU27_2020,030617,2023,import,2912904135,449781143.00
EU27_2020,EXT_EU27_2020,030617,2024,import,2967413357,472070829.00
EU27_2020,EXT_EU27_2020,030617,2025,import,3386772181,524370287.00
EU27_2020,FI,030617,2024,import,149985,11923.00
EU27_2020,FI,030617,2025,import,19760,1586.00
EU27_2020,FK,030617,2025,import,430,60.00
EU27_2020,FR,030617,2024,import,68400463,7391039.00
EU27_2020,FR,030617,2025,import,63909733,6696166.00
EU27_2020,GB,030617,2024,import,2162114,272670.00
EU27_2020,GB,030617,2025,import,1260854,134839.00
EU27_2020,GL,030617,2025,import,404,20.00
EU27_2020,GM,030617,2024,import,2086964,207977.00
EU27_2020,GM,030617,2025,import,3835718,177800.00
EU27_2020,GN,030617,2024,import,253,12.00
EU27_2020,GR,030617,2024,import,12952754,2244400.00
EU27_2020,GR,030617,2025,import,13669315,2152625.00
EU27_2020,GT,030617,2024,import,11552930,1366012.00
EU27_2020,GT,030617,2025,import,6804973,794713.00
EU27_2020,GY,030617,2024,import,7730191,1607301.00
EU27_2020,GY,030617,2025,import,969372,179335.00
EU27_2020,HK,030617,2025,import,125,1.00
EU27_2020,HN,030617,2024,import,31637737,3382107.00
EU27_2020,HN,030617,2025,import,34456831,3756640.00
EU27_2020,HR,030617,2024,import,368557,46006.00
EU27_2020,HR,030617,2025,import,410601,64211.00
EU27_2020,HU,030617,2024,import,980945,128194.00
EU27_2020,HU,030617,2025,import,843563,97924.00
EU27_2020,ID,030617,2024,import,29334952,3652206.00
EU27_2020,ID,030617,2025,import,44365714,5549945.00
EU27_2020,IE,030617,2024,import,4476941,313547.00
EU27_2020,IE,030617,2025,import,4946739,348688.00
EU27_2020,IN,030617,2024,import,432797689,69773875.00
EU27_2020,IN,030617,2025,import,599905560,93399308.00
EU27_2020,INT_EU27_2020,030617,2024,import,1022871142,125013740.00
EU27_2020,INT_EU27_2020,030617,2025,import,1039678553,133040887.00
EU27_2020,IR,030617,2025,import,150701,31500.00
EU27_2020,IT,030617,2024,import,23252413,2378902.00
EU27_2020,IT,030617,2025,import,28246945,3038888.00
EU27_2020,JP,030617,2025,import,595,21.00
EU27_2020,KE,030617,2024,import,247002,27684.00
EU27_2020,KH,030617,2025,import,59,11.00
EU27_2020,LK,030617,2024,import,2110358,352038.00
EU27_2020,LK,030617,2025,import,2697567,393052.00
EU27_2020,LT,030617,2024,import,3642363,516846.00
EU27_2020,LT,030617,2025,import,2499037,312073.00
EU27_2020,LU,030617,2024,import,186803,12701.00
EU27_2020,LU,030617,2025,import,224501,25487.00
EU27_2020,LV,030617,2024,import,3202983,406754.00
EU27_2020,LV,030617,2025,import,3295853,413561.00
EU27_2020,MA,030617,2024,import,74464906,4238156.00
EU27_2020,MA,030617,2025,import,97551987,6189750.00
EU27_2020,MG,030617,2024,import,57368164,4699030.00
EU27_2020,MG,030617,2025,import,45438022,3924461.00
EU27_2020,MM,030617,2024,import,59764,11977.00
EU27_2020,MM,030617,2025,import,272199,24672.00
EU27_2020,MR,030617,2024,import,385253,56645.00
EU27_2020,MR,030617,2025,import,1868565,282105.00
EU27_2020,MT,030617,2024,import,257963,10588.00
EU27_2020,MT,030617,2025,import,627591,41704.00
EU27_2020,MU,030617,2025,import,52,25.00
EU27_2020,MY,030617,2024,import,4183049,441644.00
EU27_2020,MY,030617,2025,import,3839998,421230.00
EU27_2020,MZ,030617,2024,import,21347875,2474506.00
EU27_2020,MZ,030617,2025,import,16740413,1819699.00
EU27_2020,NA,030617,2025,import,1031411,70242.00
EU27_2020,NC,030617,2024,import,1761572,133736.00
EU27_2020,NC,030617,2025,import,2218587,119005.00
EU27_2020,NG,030617,2024,import,40950078,3270951.00
EU27_2020,NG,030617,2025,import,37863408,3421078.00
EU27_2020,NI,030617,2024,import,23877814,4685523.00
EU27_2020,NI,030617,2025,import,14715718,2858637.00
EU27_2020,NL,030617,2024,import,256628659,33269805.00
EU27_2020,NL,030617,2025,import,287953539,42501175.00
EU27_2020,NO,030617,2024,import,96106,21342.00
EU27_2020,NO,030617,2025,import,200591,46280.00
EU27_2020,OM,030617,2024,import,115163,20521.00
EU27_2020,OM,030617,2025,import,7362,2454.00
EU27_2020,PA,030617,2024,import,515885,89032.00
EU27_2020,PA,030617,2025,import,1318489,239502.00
EU27_2020,PE,030617,2024,import,18088951,2477807.00
EU27_2020,PE,030617,2025,import,22393512,2850214.00
EU27_2020,PF,030617,2024,import,3584,93.00
EU27_2020,PF,030617,2025,import,4313,85.00
EU27_2020,PH,030617,2024,import,840760,73292.00
EU27_2020,PH,030617,2025,import,1206642,129528.00
EU27_2020,PK,030617,2024,import,3986580,878965.00
EU27_2020,PK,030617,2025,import,4870851,1107613.00
EU27_2020,PL,030617,2024,import,1991479,233166.00
EU27_2020,PL,030617,2025,import,1914702,428489.00
EU27_2020,PT,030617,2024,import,58986238,7569916.00
EU27_2020,PT,030617,2025,import,60725749,6762223.00
EU27_2020,QA,030617,2024,import,4165,753.00
EU27_2020,QV,030617,2024,import,27091,4620.00
EU27_2020,QV,030617,2025,import,116029,11097.00
EU27_2020,QW,030617,2024,import,91,1.00
EU27_2020,QW,030617,2025,import,36951,3033.00
EU27_2020,RO,030617,2024,import,122466,16540.00
EU27_2020,RO,030617,2025,import,394543,32924.00
EU27_2020,RU,030617,2024,import,59,6.00
EU27_2020,SA,030617,2024,import,7064157,1657627.00
EU27_2020,SA,030617,2025,import,6616960,1485811.00
EU27_2020,SE,030617,2024,import,1133630,179589.00
EU27_2020,SE,030617,2025,import,2273803,322592.00
EU27_2020,SG,030617,2024,import,413,14.00
EU27_2020,SG,030617,2025,import,645,16.00
EU27_2020,SH,030617,2024,import,151,20.00
EU27_2020,SI,030617,2024,import,647684,104140.00
EU27_2020,SI,030617,2025,import,1729788,260878.00
EU27_2020,SK,030617,2024,import,350437,41910.00
EU27_2020,SK,030617,2025,import,306793,60541.00
EU27_2020,SN,030617,2024,import,35576424,3641966.00
EU27_2020,SN,030617,2025,import,34315968,3932926.00
EU27_2020,SR,030617,2024,import,3336131,462600.00
EU27_2020,SR,030617,2025,import,922994,155429.00
EU27_2020,TH,030617,2024,import,4477670,376771.00
EU27_2020,TH,030617,2025,import,4970467,406198.00
EU27_2020,TN,030617,2024,import,41534286,2608471.00
EU27_2020,TN,030617,2025,import,51309071,3552935.00
EU27_2020,TR,030617,2024,import,10918997,856707.00
EU27_2020,TR,030617,2025,import,11638978,799891.00
EU27_2020,TZ,030617,2024,import,63589,2700.00
EU27_2020,TZ,030617,2025,import,57035,3420.00
EU27_2020,UA,030617,2024,import,383850,45429.00
EU27_2020,UA,030617,2025,import,469260,50661.00
EU27_2020,US,030617,2024,import,823030,49717.00
EU27_2020,US,030617,2025,import,1258638,104350.00
EU27_2020,VE,030617,2024,import,193189508,38882207.00
EU27_2020,VE,030617,2025,import,124121847,21802750.00
EU27_2020,VN,030617,2020,import,239678086,29242752.00
EU27_2020,VN,030617,2021,import,272760439,32300823.00
EU27_2020,VN,030617,2022,import,374098032,36716658.00
EU27_2020,VN,030617,2023,import,208264574,24822042.00
EU27_2020,VN,030617,2024,import,220098340,27689382.00
EU27_2020,VN,030617,2025,import,242884466,30332193.00
EU27_2020,YE,030617,2024,import,123878,14604.00
FI,EXT_EU27_2020,030617,2020,import,265460,32125.00
FI,EXT_EU27_2020,030617,2021,import,46474,5268.00
FI,EXT_EU27_2020,030617,2022,import,137004,12487.00
FI,EXT_EU27_2020,030617,2023,import,724833,94614.00
FI,EXT_EU27_2020,030617,2024,import,294210,36781.00
FI,EXT_EU27_2020,030617,2025,import,443719,57434.00
FI,VN,030617,2020,import,265036,32080.00
FI,VN,030617,2021,import,46431,5250.00
FI,VN,030617,2022,import,137003,12486.00
FI,VN,030617,2023,import,724833,94614.00
FI,VN,030617,2024,import,294210,36781.00
FI,VN,030617,2025,import,373759,43933.00
FI,WORLD,030617,2020,import,5354662,527918.00
FI,WORLD,030617,2021,import,5364727,558790.00
FI,WORLD,030617,2022,import,9151882,932203.00
FI,WORLD,030617,2023,import,9215541,1067676.00
FI,WORLD,030617,2024,import,9926602,1207018.00
FI,WORLD,030617,2025,import,10352570,1291338.00
FR,EXT_EU27_2020,030617,2020,import,490709141,80427012.00
FR,EXT_EU27_2020,030617,2021,import,574632400,90623040.00
FR,EXT_EU27_2020,030617,2022,import,656977689,87233895.00
FR,EXT_EU27_2020,030617,2023,import,510592317,81388963.00
FR,EXT_EU27_2020,030617,2024,import,496972470,84459847.00
FR,EXT_EU27_2020,030617,2025,import,577353646,97605443.00
FR,VN,030617,2020,import,26389117,3190593.00
FR,VN,030617,2021,import,29797451,3409419.00
FR,VN,030617,2022,import,40290978,3966183.00
FR,VN,030617,2023,import,21498502,2480663.00
FR,VN,030617,2024,import,16865757,2098059.00
FR,VN,030617,2025,import,15904925,1806973.00
FR,WORLD,030617,2020,import,632537997,98231924.00
FR,WORLD,030617,2021,import,759402091,112683570.00
FR,WORLD,030617,2022,import,882186368,114260221.00
FR,WORLD,030617,2023,import,711812108,111128364.00
FR,WORLD,030617,2024,import,668891282,106868175.00
FR,WORLD,030617,2025,import,747198023,121649443.00
GR,EXT_EU27_2020,030617,2020,import,36257799,7107478.00
GR,EXT_EU27_2020,030617,2021,import,55422507,10102710.00
GR,EXT_EU27_2020,030617,2022,import,59758314,9640203.00
GR,EXT_EU27_2020,030617,2023,import,60087536,11217454.00
GR,EXT_EU27_2020,030617,2024,import,66408114,13115963.00
GR,EXT_EU27_2020,030617,2025,import,78120759,14357538.00
GR,VN,030617,2020,import,15856,2600.00
GR,VN,030617,2021,import,23130,2189.00
GR,VN,030617,2023,import,81189,4020.00
GR,WORLD,030617,2020,import,43709102,7983801.00
GR,WORLD,030617,2021,import,71518217,12100314.00
GR,WORLD,030617,2022,import,77980833,11500977.00
GR,WORLD,030617,2023,import,82024836,15385935.00
GR,WORLD,030617,2024,import,85336456,17669256.00
GR,WORLD,030617,2025,import,97844433,20458518.00
HR,EXT_EU27_2020,030617,2020,import,965816,293954.00
HR,EXT_EU27_2020,030617,2021,import,1250798,396571.00
HR,EXT_EU27_2020,030617,2022,import,1684614,403012.00
HR,EXT_EU27_2020,030617,2023,import,1452607,378288.00
HR,EXT_EU27_2020,030617,2024,import,1064770,288254.00
HR,EXT_EU27_2020,030617,2025,import,1375286,318106.00
HR,VN,030617,2025,import,91507,11592.00
HR,WORLD,030617,2020,import,3365585,592918.00
HR,WORLD,030617,2021,import,5669745,985678.00
HR,WORLD,030617,2022,import,7484751,1074365.00
HR,WORLD,030617,2023,import,8064396,1169493.00
HR,WORLD,030617,2024,import,8793303,1246934.00
HR,WORLD,030617,2025,import,12074042,1821945.00
HU,EXT_EU27_2020,030617,2020,import,514310,72306.00
HU,EXT_EU27_2020,030617,2021,import,521847,70286.00
HU,EXT_EU27_2020,030617,2022,import,302986,38005.00
HU,EXT_EU27_2020,030617,2023,import,250459,37919.00
HU,EXT_EU27_2020,030617,2024,import,425901,59413.00
HU,EXT_EU27_2020,030617,2025,import,688041,86912.00
HU,VN,030617,2020,import,273794,42440.00
HU,VN,030617,2021,import,521847,70286.00
HU,VN,030617,2022,import,302962,38002.00
HU,VN,030617,2023,import,115200,19942.00
HU,VN,030617,2024,import,425810,59412.00
HU,VN,030617,2025,import,687609,86852.00
HU,WORLD,030617,2020,import,4326385,615161.00
HU,WORLD,030617,2021,import,4861296,651635.00
HU,WORLD,030617,2022,import,4601594,547255.00
HU,WORLD,030617,2023,import,4988915,611317.00
HU,WORLD,030617,2024,import,6150348,843928.00
HU,WORLD,030617,2025,import,7758414,1007027.00
IE,EXT_EU27_2020,030617,2020,import,15190140,1811086.00
IE,EXT_EU27_2020,030617,2021,import,15202803,1873814.00
IE,EXT_EU27_2020,030617,2022,import,18920651,1873597.00
IE,EXT_EU27_2020,030617,2023,import,16524559,1837463.00
IE,EXT_EU27_2020,030617,2024,import,16551148,1894293.00
IE,EXT_EU27_2020,030617,2025,import,20987215,2483676.00
IE,VN,030617,2020,import,626090,75640.00
IE,VN,030617,2021,import,3366181,404974.00
IE,VN,030617,2022,import,3183840,309960.00
IE,VN,030617,2023,import,1935809,238114.00
IE,VN,030617,2024,import,3875256,451329.00
IE,VN,030617,2025,import,4954977,585824.00
IE,WORLD,030617,2020,import,20276380,2406057.00
IE,WORLD,030617,2021,import,25855580,3181964.00
IE,WORLD,030617,2022,import,30094330,3062943.00
IE,WORLD,030617,2023,import,31641143,3613720.00
IE,WORLD,030617,2024,import,31580558,3918101.00
IE,WORLD,030617,2025,import,31510777,3982307.00
IT,EXT_EU27_2020,030617,2020,import,303325067,52649268.00
IT,EXT_EU27_2020,030617,2021,import,424289741,63717388.00
IT,EXT_EU27_2020,030617,2022,import,424542780,58437754.00
IT,EXT_EU27_2020,030617,2023,import,397424241,64281246.00
IT,EXT_EU27_2020,030617,2024,import,437539436,71786685.00
IT,EXT_EU27_2020,030617,2025,import,481299975,73897589.00
IT,VN,030617,2020,import,8660044,1300951.00
IT,VN,030617,2021,import,7581113,1051876.00
IT,VN,030617,2022,import,6894302,762143.00
IT,VN,030617,2023,import,6455219,870633.00
IT,VN,030617,2024,import,5582483,755308.00
IT,VN,030617,2025,import,6246784,837888.00
IT,WORLD,030617,2020,import,390385709,63237052.00
IT,WORLD,030617,2021,import,554029654,78270815.00
IT,WORLD,030617,2022,import,564496586,73224159.00
IT,WORLD,030617,2023,import,528969779,78218776.00
IT,WORLD,030617,2024,import,557167396,84431744.00
IT,WORLD,030617,2025,import,594748034,85166239.00
LT,EXT_EU27_2020,030617,2020,import,1195864,193932.00
LT,EXT_EU27_2020,030617,2021,import,1353129,230066.00
LT,EXT_EU27_2020,030617,2022,import,3089817,393586.00
LT,EXT_EU27_2020,030617,2023,import,3007260,508363.00
LT,EXT_EU27_2020,030617,2024,import,2377414,469884.00
LT,EXT_EU27_2020,030617,2025,import,4813596,746704.00
LT,VN,030617,2020,import,151596,22460.00
LT,VN,030617,2021,import,50338,7740.00
LT,VN,030617,2022,import,288696,40040.00
LT,VN,030617,2023,import,33306,4005.00
LT,VN,030617,2024,import,356003,55844.00
LT,VN,030617,2025,import,897920,106336.00
LT,WORLD,030617,2020,import,6747068,1050784.00
LT,WORLD,030617,2021,import,9925960,1555364.00
LT,WORLD,030617,2022,import,13306180,1773984.00
LT,WORLD,030617,2023,import,11608481,1714963.00
LT,WORLD,030617,2024,import,12615927,2042351.00
LT,WORLD,030617,2025,import,16049855,2388763.00
LU,EXT_EU27_2020,030617,2020,import,148906,14708.00
LU,WORLD,030617,2020,import,7929462,786469.00
LU,WORLD,030617,2021,import,8861684,876206.00
LU,WORLD,030617,2022,import,9854317,864403.00
LU,WORLD,030617,2023,import,8720810,839199.00
LU,WORLD,030617,2024,import,7939008,816450.00
LU,WORLD,030617,2025,import,8057635,815149.00
LV,EXT_EU27_2020,030617,2020,import,343526,44231.00
LV,EXT_EU27_2020,030617,2021,import,914566,135603.00
LV,EXT_EU27_2020,030617,2022,import,2201508,252577.00
LV,EXT_EU27_2020,030617,2023,import,1108723,143546.00
LV,EXT_EU27_2020,030617,2024,import,1768365,227106.00
LV,EXT_EU27_2020,030617,2025,import,2403131,326582.00
LV,VN,030617,2020,import,64622,9080.00
LV,VN,030617,2021,import,220671,28203.00
LV,VN,030617,2022,import,606095,56117.00
LV,VN,030617,2023,import,867075,103546.00
LV,VN,030617,2024,import,1171222,141776.00
LV,VN,030617,2025,import,16297,1688.00
LV,WORLD,030617,2020,import,5241668,685597.00
LV,WORLD,030617,2021,import,6952021,928564.00
LV,WORLD,030617,2022,import,8768585,1010904.00
LV,WORLD,030617,2023,import,8181907,1009831.00
LV,WORLD,030617,2024,import,9043125,1213256.00
LV,WORLD,030617,2025,import,9853656,1356268.00
MT,EXT_EU27_2020,030617,2020,import,222397,35524.00
MT,EXT_EU27_2020,030617,2021,import,27739,4125.00
MT,EXT_EU27_2020,030617,2022,import,233625,21212.00
MT,EXT_EU27_2020,030617,2023,import,302038,41560.00
MT,EXT_EU27_2020,030617,2024,import,371917,67254.00
MT,EXT_EU27_2020,030617,2025,import,494173,74663.00
MT,VN,030617,2020,import,34722,4834.00
MT,VN,030617,2022,import,150385,12212.00
MT,VN,030617,2023,import,37629,2518.00
MT,VN,030617,2025,import,50239,5537.00
MT,WORLD,030617,2020,import,988908,137985.00
MT,WORLD,030617,2021,import,1245034,152584.00
MT,WORLD,030617,2022,import,1659873,196363.00
MT,WORLD,030617,2023,import,1856176,243564.00
MT,WORLD,030617,2024,import,1783474,260627.00
MT,WORLD,030617,2025,import,2163252,317780.00
NL,EXT_EU27_2020,030617,2020,import,356866209,48128791.00
NL,EXT_EU27_2020,030617,2021,import,421430393,56012162.00
NL,EXT_EU27_2020,030617,2022,import,476596521,56303364.00
NL,EXT_EU27_2020,030617,2023,import,336152784,48390375.00
NL,EXT_EU27_2020,030617,2024,import,352708996,52015538.00
NL,EXT_EU27_2020,030617,2025,import,398119931,56198860.00
NL,VN,030617,2020,import,60846920,7877095.00
NL,VN,030617,2021,import,58324796,7365430.00
NL,VN,030617,2022,import,68460569,7079758.00
NL,VN,030617,2023,import,27383919,3570602.00
NL,VN,030617,2024,import,31841296,4090603.00
NL,VN,030617,2025,import,31712835,4215974.00
NL,WORLD,030617,2020,import,401883104,52790052.00
NL,WORLD,030617,2021,import,482467390,63219480.00
NL,WORLD,030617,2022,import,567369955,65861338.00
NL,WORLD,030617,2023,import,390386831,54114779.00
NL,WORLD,030617,2024,import,408489408,58050384.00
NL,WORLD,030617,2025,import,464803225,63636678.00
PL,EXT_EU27_2020,030617,2020,import,20858325,3157312.00
PL,EXT_EU27_2020,030617,2021,import,22989033,3493661.00
PL,EXT_EU27_2020,030617,2022,import,28668299,3540840.00
PL,EXT_EU27_2020,030617,2023,import,29048548,3931008.00
PL,EXT_EU27_2020,030617,2024,import,24450541,3742977.00
PL,EXT_EU27_2020,030617,2025,import,31020482,4867071.00
PL,VN,030617,2020,import,10174483,1454376.00
PL,VN,030617,2021,import,13964850,1943152.00
PL,VN,030617,2022,import,15379724,1700163.00
PL,VN,030617,2023,import,17008756,2167561.00
PL,VN,030617,2024,import,14197026,1962196.00
PL,VN,030617,2025,import,12558341,1768004.00
PL,WORLD,030617,2020,import,36573047,5285725.00
PL,WORLD,030617,2021,import,43622610,6228701.00
PL,WORLD,030617,2022,import,55085519,6354174.00
PL,WORLD,030617,2023,import,55634792,7120807.00
PL,WORLD,030617,2024,import,53378052,7343947.00
PL,WORLD,030617,2025,import,55836628,8044846.00
PT,EXT_EU27_2020,030617,2020,import,74525922,12274183.00
PT,EXT_EU27_2020,030617,2021,import,97486854,15733955.00
PT,EXT_EU27_2020,030617,2022,import,114093566,16269536.00
PT,EXT_EU27_2020,030617,2023,import,81703930,13116455.00
PT,EXT_EU27_2020,030617,2024,import,94423154,16970955.00
PT,EXT_EU27_2020,030617,2025,import,120523603,19800871.00
PT,VN,030617,2020,import,5158177,573550.00
PT,VN,030617,2021,import,4178635,451497.00
PT,VN,030617,2022,import,4036346,391191.00
PT,VN,030617,2023,import,3900827,393946.00
PT,VN,030617,2024,import,4425113,480166.00
PT,VN,030617,2025,import,4343203,482491.00
PT,WORLD,030617,2020,import,154507505,22055450.00
PT,WORLD,030617,2021,import,202275574,28748604.00
PT,WORLD,030617,2022,import,216315006,28150221.00
PT,WORLD,030617,2023,import,179989700,24997571.00
PT,WORLD,030617,2024,import,211611889,30452521.00
PT,WORLD,030617,2025,import,207275375,30673828.00
RO,EXT_EU27_2020,030617,2020,import,2254009,442593.00
RO,EXT_EU27_2020,030617,2021,import,3369519,586475.00
RO,EXT_EU27_2020,030617,2022,import,11029892,1666868.00
RO,EXT_EU27_2020,030617,2023,import,7484347,1313706.00
RO,EXT_EU27_2020,030617,2024,import,9530443,1768982.00
RO,EXT_EU27_2020,030617,2025,import,17596251,3022047.00
RO,VN,030617,2020,import,922037,159940.00
RO,VN,030617,2021,import,1238333,189880.00
RO,VN,030617,2022,import,3079301,406060.00
RO,VN,030617,2023,import,2012804,354650.00
RO,VN,030617,2024,import,3221545,546140.00
RO,VN,030617,2025,import,3898578,639929.00
RO,WORLD,030617,2020,import,11654428,1774234.00
RO,WORLD,030617,2021,import,16264504,2378816.00
RO,WORLD,030617,2022,import,23675550,3337338.00
RO,WORLD,030617,2023,import,20858279,3064063.00
RO,WORLD,030617,2024,import,25329535,4019686.00
RO,WORLD,030617,2025,import,32297445,5281641.00
SE,EXT_EU27_2020,030617,2020,import,6187931,733753.00
SE,EXT_EU27_2020,030617,2021,import,7733426,904402.00
SE,EXT_EU27_2020,030617,2022,import,14508430,1387137.00
SE,EXT_EU27_2020,030617,2023,import,9336695,1057954.00
SE,EXT_EU27_2020,030617,2024,import,10286621,1229443.00
SE,EXT_EU27_2020,030617,2025,import,13821962,1574633.00
SE,VN,030617,2020,import,4665188,560545.00
SE,VN,030617,2021,import,6548114,760214.00
SE,VN,030617,2022,import,12144035,1152062.00
SE,VN,030617,2023,import,8177755,934646.00
SE,VN,030617,2024,import,9353050,1112008.00
SE,VN,030617,2025,import,11922865,1369863.00
SE,WORLD,030617,2020,import,14813303,1750214.00
SE,WORLD,030617,2021,import,19967956,2355072.00
SE,WORLD,030617,2022,import,33337321,3364852.00
SE,WORLD,030617,2023,import,25237302,2688689.00
SE,WORLD,030617,2024,import,28675353,3209610.00
SE,WORLD,030617,2025,import,32791307,3675544.00
SI,EXT_EU27_2020,030617,2020,import,320534,68328.00
SI,EXT_EU27_2020,030617,2021,import,384685,90768.00
SI,EXT_EU27_2020,030617,2022,import,781752,144075.00
SI,EXT_EU27_2020,030617,2023,import,1078651,193500.00
SI,EXT_EU27_2020,030617,2024,import,962976,145037.00
SI,EXT_EU27_2020,030617,2025,import,1477437,197856.00
SI,VN,030617,2020,import,90308,11824.00
SI,VN,030617,2021,import,29983,3200.00
SI,VN,030617,2023,import,137117,21560.00
SI,VN,030617,2024,import,390960,53600.00
SI,VN,030617,2025,import,143065,19456.00
SI,WORLD,030617,2020,import,1689771,225472.00
SI,WORLD,030617,2021,import,2541506,376231.00
SI,WORLD,030617,2022,import,3815636,442488.00
SI,WORLD,030617,2023,import,4661588,507670.00
SI,WORLD,030617,2024,import,5409005,576220.00
SI,WORLD,030617,2025,import,6319070,765302.00
SK,EXT_EU27_2020,030617,2020,import,185836,63604.00
SK,EXT_EU27_2020,030617,2021,import,67018,13026.00
SK,EXT_EU27_2020,030617,2022,import,80287,16179.00
SK,EXT_EU27_2020,030617,2023,import,14142,2646.00
SK,EXT_EU27_2020,030617,2024,import,73421,16250.00
SK,EXT_EU27_2020,030617,2025,import,40384,10738.00
SK,WORLD,030617,2020,import,971041,271018.00
SK,WORLD,030617,2021,import,1426814,156872.00
SK,WORLD,030617,2022,import,2149589,219892.00
SK,WORLD,030617,2023,import,3024155,298976.00
SK,WORLD,030617,2024,import,3814223,390720.00
SK,WORLD,030617,2025,import,3408923,343288.00
AT,EXT_EU27_2020,040900,2020,import,6737857,2652215.00
AT,EXT_EU27_2020,040900,2021,import,6157184,1999829.00
AT,EXT_EU27_2020,040900,2022,import,7433389,2247322.00
AT,EXT_EU27_2020,040900,2023,import,6370200,2288939.00
AT,EXT_EU27_2020,040900,2024,import,3591935,1538358.00
AT,EXT_EU27_2020,040900,2025,import,4039344,1446376.00
AT,VN,040900,2020,import,195007,145650.00
AT,VN,040900,2021,import,36925,27999.00
AT,VN,040900,2022,import,589377,273300.00
AT,VN,040900,2023,import,353024,160800.00
AT,VN,040900,2024,import,155408,80400.00
AT,VN,040900,2025,import,73094,40200.00
AT,WORLD,040900,2020,import,21999149,6898039.00
AT,WORLD,040900,2021,import,24290605,6760849.00
AT,WORLD,040900,2022,import,27560749,6632108.00
AT,WORLD,040900,2023,import,25010912,6390392.00
AT,WORLD,040900,2024,import,25413685,7132452.00
AT,WORLD,040900,2025,import,22439313,6069720.00
BE,EXT_EU27_2020,040900,2020,import,46548591,24233938.00
BE,EXT_EU27_2020,040900,2021,import,49099042,25645927.00
BE,EXT_EU27_2020,040900,2022,import,71565398,33244863.00
BE,EXT_EU27_2020,040900,2023,import,57850310,31444178.00
BE,EXT_EU27_2020,040900,2024,import,48072741,28917699.00
BE,EXT_EU27_2020,040900,2025,import,57932869,38860770.00
BE,VN,040900,2020,import,16,2.00
BE,VN,040900,2021,import,169407,110400.00
BE,VN,040900,2022,import,6397975,3096982.00
BE,VN,040900,2023,import,6064484,3503994.00
BE,VN,040900,2024,import,3181780,2151860.00
BE,VN,040900,2025,import,2366978,1662284.00
BE,WORLD,040900,2020,import,62175103,28098876.00
BE,WORLD,040900,2021,import,71799506,31607262.00
BE,WORLD,040900,2022,import,97549149,39814147.00
BE,WORLD,040900,2023,import,81239365,37343924.00
BE,WORLD,040900,2024,import,74863683,37518912.00
BE,WORLD,040900,2025,import,87563235,49147170.00
BG,EXT_EU27_2020,040900,2020,import,1187087,752615.00
BG,EXT_EU27_2020,040900,2021,import,2825206,1682486.00
BG,EXT_EU27_2020,040900,2022,import,4517425,2062046.00
BG,EXT_EU27_2020,040900,2023,import,3200116,1690687.00
BG,EXT_EU27_2020,040900,2024,import,3647494,2071135.00
BG,EXT_EU27_2020,040900,2025,import,5019259,2433620.00
BG,WORLD,040900,2020,import,3020675,1483383.00
BG,WORLD,040900,2021,import,10917434,4376664.00
BG,WORLD,040900,2022,import,12695243,5026848.00
BG,WORLD,040900,2023,import,7007647,3226228.00
BG,WORLD,040900,2024,import,7910807,4029592.00
BG,WORLD,040900,2025,import,9308726,4556481.00
CY,EXT_EU27_2020,040900,2020,import,178712,69269.00
CY,EXT_EU27_2020,040900,2021,import,106377,63709.00
CY,EXT_EU27_2020,040900,2022,import,213462,135288.00
CY,EXT_EU27_2020,040900,2023,import,261834,191282.00
CY,EXT_EU27_2020,040900,2024,import,451863,250207.00
CY,EXT_EU27_2020,040900,2025,import,283479,213471.00
CY,WORLD,040900,2020,import,2031281,705875.00
CY,WORLD,040900,2021,import,2315529,765004.00
CY,WORLD,040900,2022,import,2419866,871387.00
CY,WORLD,040900,2023,import,2318889,801257.00
CY,WORLD,040900,2024,import,2959395,953060.00
CY,WORLD,040900,2025,import,3366651,1029243.00
CZ,EXT_EU27_2020,040900,2020,import,4091428,2209731.00
CZ,EXT_EU27_2020,040900,2021,import,8694583,3831631.00
CZ,EXT_EU27_2020,040900,2022,import,9453495,3373847.00
CZ,EXT_EU27_2020,040900,2023,import,3592479,1838434.00
CZ,EXT_EU27_2020,040900,2024,import,6931212,3883471.00
CZ,EXT_EU27_2020,040900,2025,import,7755342,3586226.00
CZ,VN,040900,2020,import,11,2.00
CZ,VN,040900,2021,import,13,1.00
CZ,VN,040900,2022,import,71,
CZ,WORLD,040900,2020,import,10600045,3584176.00
CZ,WORLD,040900,2021,import,17138523,5641323.00
CZ,WORLD,040900,2022,import,19749911,5816637.00
CZ,WORLD,040900,2023,import,13055035,4163498.00
CZ,WORLD,040900,2024,import,15636387,6301221.00
CZ,WORLD,040900,2025,import,17955032,6750445.00
DE,EXT_EU27_2020,040900,2020,import,137110302,57196407.00
DE,EXT_EU27_2020,040900,2021,import,153758192,51886222.00
DE,EXT_EU27_2020,040900,2022,import,187260588,52034050.00
DE,EXT_EU27_2020,040900,2023,import,121961493,40998381.00
DE,EXT_EU27_2020,040900,2024,import,119113548,46119842.00
DE,EXT_EU27_2020,040900,2025,import,118220129,43331868.00
DE,VN,040900,2020,import,292075,197774.00
DE,VN,040900,2021,import,569220,330589.00
DE,VN,040900,2022,import,2534287,1356532.00
DE,VN,040900,2023,import,1223847,808759.00
DE,VN,040900,2024,import,1684447,1168088.00
DE,VN,040900,2025,import,3270342,2616429.00
DE,WORLD,040900,2020,import,244233164,90136005.00
DE,WORLD,040900,2021,import,266830420,78702213.00
DE,WORLD,040900,2022,import,289990075,75585897.00
DE,WORLD,040900,2023,import,213557986,65049092.00
DE,WORLD,040900,2024,import,213739240,73330906.00
DE,WORLD,040900,2025,import,208851415,68128253.00
DK,EXT_EU27_2020,040900,2020,import,4122277,2391748.00
DK,EXT_EU27_2020,040900,2021,import,7070655,2701755.00
DK,EXT_EU27_2020,040900,2022,import,4889479,1574482.00
DK,EXT_EU27_2020,040900,2023,import,4685631,1909872.00
DK,EXT_EU27_2020,040900,2024,import,3620442,1881997.00
DK,EXT_EU27_2020,040900,2025,import,5222239,2330975.00
DK,VN,040900,2025,import,2,
DK,WORLD,040900,2020,import,13638439,5046330.00
DK,WORLD,040900,2021,import,21510551,5861000.00
DK,WORLD,040900,2022,import,14758647,3748562.00
DK,WORLD,040900,2023,import,14286782,4221835.00
DK,WORLD,040900,2024,import,12217894,4289989.00
DK,WORLD,040900,2025,import,14756353,4699275.00
EE,EXT_EU27_2020,040900,2020,import,324535,272050.00
EE,EXT_EU27_2020,040900,2021,import,142974,78634.00
EE,EXT_EU27_2020,040900,2022,import,50040,19715.00
EE,EXT_EU27_2020,040900,2023,import,1634,25.00
EE,EXT_EU27_2020,040900,2024,import,2837,43.00
EE,EXT_EU27_2020,040900,2025,import,3823,71.00
EE,VN,040900,2021,import,38,1.00
EE,WORLD,040900,2020,import,956964,456205.00
EE,WORLD,040900,2021,import,596492,202971.00
EE,WORLD,040900,2022,import,716185,174471.00
EE,WORLD,040900,2023,import,532244,115967.00
EE,WORLD,040900,2024,import,408076,93353.00
EE,WORLD,040900,2025,import,486925,128205.00
ES,EXT_EU27_2020,040900,2020,import,25562531,15473298.00
ES,EXT_EU27_2020,040900,2021,import,29160549,14479808.00
ES,EXT_EU27_2020,040900,2022,import,39970674,18157742.00
ES,EXT_EU27_2020,040900,2023,import,29394320,15665421.00
ES,EXT_EU27_2020,040900,2024,import,28290602,17095100.00
ES,EXT_EU27_2020,040900,2025,import,26900712,14048703.00
ES,VN,040900,2020,import,94466,78001.00
ES,VN,040900,2021,import,101715,58661.00
ES,VN,040900,2022,import,278799,158401.00
ES,VN,040900,2023,import,239250,160040.00
ES,VN,040900,2024,import,109436,97002.00
ES,VN,040900,2025,import,617195,474001.00
ES,WORLD,040900,2020,import,58508719,31659206.00
ES,WORLD,040900,2021,import,70725273,31647001.00
ES,WORLD,040900,2022,import,89802988,37647866.00
ES,WORLD,040900,2023,import,63111181,31439154.00
ES,WORLD,040900,2024,import,64094223,35455585.00
ES,WORLD,040900,2025,import,67990162,35090032.00
EU27_2020,AD,040900,2024,import,15736,2365.00
EU27_2020,AD,040900,2025,import,22958,3835.00
EU27_2020,AE,040900,2024,import,4049,657.00
EU27_2020,AE,040900,2025,import,4824,188.00
EU27_2020,AG,040900,2024,import,40991,21240.00
EU27_2020,AL,040900,2024,import,212,13.00
EU27_2020,AL,040900,2025,import,10,3.00
EU27_2020,AM,040900,2024,import,2639,159.00
EU27_2020,AM,040900,2025,import,313,47.00
EU27_2020,AO,040900,2024,import,7,4.00
EU27_2020,AR,040900,2024,import,41008449,20135225.00
EU27_2020,AR,040900,2025,import,42602963,20955806.00
EU27_2020,AT,040900,2024,import,8546182,1468197.00
EU27_2020,AT,040900,2025,import,6210348,913581.00
EU27_2020,AU,040900,2024,import,521994,31179.00
EU27_2020,AU,040900,2025,import,786428,83843.00
EU27_2020,AZ,040900,2024,import,191,4.00
EU27_2020,AZ,040900,2025,import,104,26.00
EU27_2020,BA,040900,2024,import,18,
EU27_2020,BA,040900,2025,import,10,1.00
EU27_2020,BD,040900,2024,import,2,1.00
EU27_2020,BD,040900,2025,import,9,7.00
EU27_2020,BE,040900,2024,import,55377120,18907687.00
EU27_2020,BE,040900,2025,import,56202635,20858550.00
EU27_2020,BF,040900,2024,import,1456,101.00
EU27_2020,BF,040900,2025,import,82,4.00
EU27_2020,BG,040900,2024,import,32479674,11478569.00
EU27_2020,BG,040900,2025,import,30785517,10455008.00
EU27_2020,BH,040900,2024,import,61,1.00
EU27_2020,BJ,040900,2024,import,1155,25.00
EU27_2020,BJ,040900,2025,import,1209,25.00
EU27_2020,BR,040900,2024,import,7068154,2626783.00
EU27_2020,BR,040900,2025,import,5772291,1974018.00
EU27_2020,BT,040900,2025,import,185,115.00
EU27_2020,BY,040900,2024,import,129,2.00
EU27_2020,BY,040900,2025,import,159,42.00
EU27_2020,CA,040900,2024,import,108972,29304.00
EU27_2020,CA,040900,2025,import,22872,2451.00
EU27_2020,CH,040900,2024,import,886087,97854.00
EU27_2020,CH,040900,2025,import,812377,185414.00
EU27_2020,CI,040900,2024,import,194,22.00
EU27_2020,CI,040900,2025,import,281,2.00
EU27_2020,CL,040900,2024,import,13486872,5523188.00
EU27_2020,CL,040900,2025,import,17492815,7341737.00
EU27_2020,CM,040900,2024,import,8,
EU27_2020,CM,040900,2025,import,5017,1490.00
EU27_2020,CN,040900,2024,import,78585516,60461369.00
EU27_2020,CN,040900,2025,import,79789301,66194164.00
EU27_2020,CO,040900,2024,import,144,3.00
EU27_2020,CO,040900,2025,import,600,9.00
EU27_2020,CR,040900,2024,import,318552,1325.00
EU27_2020,CR,040900,2025,import,112927,501.00
EU27_2020,CU,040900,2024,import,11099457,5075434.00
EU27_2020,CU,040900,2025,import,7009363,3186437.00
EU27_2020,CV,040900,2024,import,1,
EU27_2020,CV,040900,2025,import,14,1.00
EU27_2020,CY,040900,2024,import,94044,44943.00
EU27_2020,CY,040900,2025,import,73960,24093.00
EU27_2020,CZ,040900,2024,import,6567388,1902304.00
EU27_2020,CZ,040900,2025,import,3735816,992250.00
EU27_2020,DE,040900,2024,import,111114969,28145461.00
EU27_2020,DE,040900,2025,import,75172549,25830709.00
EU27_2020,DJ,040900,2024,import,132,2.00
EU27_2020,DJ,040900,2025,import,24,1.00
EU27_2020,DK,040900,2024,import,10138539,2291243.00
EU27_2020,DK,040900,2025,import,8636494,2062890.00
EU27_2020,DO,040900,2024,import,2769,2.00
EU27_2020,DO,040900,2025,import,630,1.00
EU27_2020,DZ,040900,2024,import,578,35.00
EU27_2020,DZ,040900,2025,import,1039,64.00
EU27_2020,EC,040900,2024,import,23,1.00
EU27_2020,EC,040900,2025,import,32,2.00
EU27_2020,EE,040900,2024,import,317607,58528.00
EU27_2020,EE,040900,2025,import,449670,77368.00
EU27_2020,EG,040900,2024,import,2376,701.00
EU27_2020,EG,040900,2025,import,21,3.00
EU27_2020,ER,040900,2024,import,19,1.00
EU27_2020,ER,040900,2025,import,13,1.00
EU27_2020,ES,040900,2024,import,69677623,20044843.00
EU27_2020,ES,040900,2025,import,75611486,21734469.00
EU27_2020,ET,040900,2024,import,1317,262.00
EU27_2020,ET,040900,2025,import,2958,465.00
EU27_2020,EXT_EU27_2020,040900,2020,import,359961028,174911539.00
EU27_2020,EXT_EU27_2020,040900,2021,import,406804655,173514407.00
EU27_2020,EXT_EU27_2020,040900,2022,import,504383077,190445192.00
EU27_2020,EXT_EU27_2020,040900,2023,import,360100176,164053659.00
EU27_2020,EXT_EU27_2020,040900,2024,import,339508190,174964743.00
EU27_2020,EXT_EU27_2020,040900,2025,import,362531650,182875304.00
EU27_2020,FI,040900,2024,import,118043,11080.00
EU27_2020,FI,040900,2025,import,86368,10158.00
EU27_2020,FJ,040900,2025,import,371,1.00
EU27_2020,FR,040900,2024,import,13426259,3044570.00
EU27_2020,FR,040900,2025,import,13780458,3245692.00
EU27_2020,GB,040900,2024,import,5608294,1403934.00
EU27_2020,GB,040900,2025,import,5449867,1221461.00
EU27_2020,GE,040900,2024,import,6874,1123.00
EU27_2020,GE,040900,2025,import,152105,31120.00
EU27_2020,GH,040900,2024,import,417,27.00
EU27_2020,GH,040900,2025,import,653,49.00
EU27_2020,GN,040900,2024,import,55,2.00
EU27_2020,GN,040900,2025,import,72,1.00
EU27_2020,GR,040900,2024,import,15893922,3860847.00
EU27_2020,GR,040900,2025,import,14692301,3753309.00
EU27_2020,GT,040900,2024,import,2535138,947225.00
EU27_2020,GT,040900,2025,import,2042680,688092.00
EU27_2020,HK,040900,2024,import,317,7.00
EU27_2020,HK,040900,2025,import,196,25.00
EU27_2020,HR,040900,2024,import,2208835,237844.00
EU27_2020,HR,040900,2025,import,1281686,394618.00
EU27_2020,HU,040900,2024,import,56922852,16834232.00
EU27_2020,HU,040900,2025,import,67677670,17680518.00
EU27_2020,ID,040900,2024,import,4501,933.00
EU27_2020,ID,040900,2025,import,1168,66.00
EU27_2020,IE,040900,2024,import,1245875,165861.00
EU27_2020,IE,040900,2025,import,427979,23126.00
EU27_2020,IL,040900,2024,import,37591,3536.00
EU27_2020,IL,040900,2025,import,1598,141.00
EU27_2020,IN,040900,2024,import,2570186,1658928.00
EU27_2020,IN,040900,2025,import,2920181,2001335.00
EU27_2020,INT_EU27_2020,040900,2024,import,509518858,155651540.00
EU27_2020,INT_EU27_2020,040900,2025,import,495772491,157698862.00
EU27_2020,IQ,040900,2025,import,388,26.00
EU27_2020,IR,040900,2024,import,498,43.00
EU27_2020,IR,040900,2025,import,799,44.00
EU27_2020,IS,040900,2024,import,2821,423.00
EU27_2020,IS,040900,2025,import,1,1.00
EU27_2020,IT,040900,2024,import,12864025,3615294.00
EU27_2020,IT,040900,2025,import,16176858,4695813.00
EU27_2020,JO,040900,2024,import,2551,71.00
EU27_2020,JO,040900,2025,import,2141,59.00
EU27_2020,JP,040900,2024,import,643,50.00
EU27_2020,JP,040900,2025,import,1810,75.00
EU27_2020,KE,040900,2024,import,75,1.00
EU27_2020,KE,040900,2025,import,85,8.00
EU27_2020,KG,040900,2024,import,6389,766.00
EU27_2020,KG,040900,2025,import,319,31.00
EU27_2020,KH,040900,2024,import,172,4.00
EU27_2020,KH,040900,2025,import,31,1.00
EU27_2020,KR,040900,2024,import,306,35.00
EU27_2020,KR,040900,2025,import,100,6.00
EU27_2020,KW,040900,2024,import,2871,101.00
EU27_2020,KW,040900,2025,import,12647,1240.00
EU27_2020,KZ,040900,2024,import,128,2.00
EU27_2020,KZ,040900,2025,import,171,30.00
EU27_2020,LB,040900,2024,import,94792,10227.00
EU27_2020,LB,040900,2025,import,1842,107.00
EU27_2020,LC,040900,2024,import,61,1.00
EU27_2020,LI,040900,2025,import,32,4.00
EU27_2020,LK,040900,2024,import,5,2.00
EU27_2020,LK,040900,2025,import,3,1.00
EU27_2020,LR,040900,2024,import,30028,22040.00
EU27_2020,LR,040900,2025,import,54,10.00
EU27_2020,LT,040900,2024,import,10152570,4418842.00
EU27_2020,LT,040900,2025,import,9350102,4072693.00
EU27_2020,LU,040900,2024,import,17024,595.00
EU27_2020,LU,040900,2025,import,36352,5536.00
EU27_2020,LV,040900,2024,import,1025782,304616.00
EU27_2020,LV,040900,2025,import,838954,305209.00
EU27_2020,LY,040900,2024,import,18,4.00
EU27_2020,LY,040900,2025,import,10,1.00
EU27_2020,MA,040900,2024,import,2906,185.00
EU27_2020,MA,040900,2025,import,21035,2306.00
EU27_2020,MD,040900,2024,import,8861472,3798567.00
EU27_2020,MD,040900,2025,import,10578408,4140434.00
EU27_2020,ME,040900,2024,import,28,1.00
EU27_2020,ME,040900,2025,import,22,2.00
EU27_2020,MG,040900,2024,import,26890,5920.00
EU27_2020,MG,040900,2025,import,100363,19433.00
EU27_2020,MK,040900,2024,import,2656,480.00
EU27_2020,MM,040900,2024,import,230331,101512.00
EU27_2020,MM,040900,2025,import,581,15.00
EU27_2020,MT,040900,2024,import,495,81.00
EU27_2020,MT,040900,2025,import,2221,591.00
EU27_2020,MX,040900,2024,import,18608936,6826972.00
EU27_2020,MX,040900,2025,import,19429510,7191807.00
EU27_2020,MY,040900,2024,import,6364,259.00
EU27_2020,MY,040900,2025,import,6631,681.00
EU27_2020,MZ,040900,2025,import,63,1.00
EU27_2020,NC,040900,2024,import,11927,590.00
EU27_2020,NC,040900,2025,import,830,19.00
EU27_2020,NE,040900,2024,import,63,1.00
EU27_2020,NG,040900,2024,import,56,7.00
EU27_2020,NG,040900,2025,import,170,25.00
EU27_2020,NI,040900,2024,import,1729298,530861.00
EU27_2020,NI,040900,2025,import,2127049,654669.00
EU27_2020,NL,040900,2024,import,19501103,5038692.00
EU27_2020,NL,040900,2025,import,25830099,7511375.00
EU27_2020,NO,040900,2024,import,114786,19618.00
EU27_2020,NO,040900,2025,import,417001,62598.00
EU27_2020,NP,040900,2024,import,2916,179.00
EU27_2020,NP,040900,2025,import,9208,339.00
EU27_2020,NZ,040900,2024,import,27079044,1027230.00
EU27_2020,NZ,040900,2025,import,29526750,1342550.00
EU27_2020,OM,040900,2024,import,2337,82.00
EU27_2020,OM,040900,2025,import,1948,141.00
EU27_2020,PA,040900,2025,import,1,4.00
EU27_2020,PE,040900,2024,import,194,8.00
EU27_2020,PE,040900,2025,import,6,
EU27_2020,PF,040900,2024,import,540,10.00
EU27_2020,PF,040900,2025,import,292,4.00
EU27_2020,PH,040900,2024,import,9,1.00
EU27_2020,PH,040900,2025,import,17,5.00
EU27_2020,PK,040900,2024,import,606,7.00
EU27_2020,PK,040900,2025,import,127,13.00
EU27_2020,PL,040900,2024,import,27660432,11444551.00
EU27_2020,PL,040900,2025,import,30977278,11317668.00
EU27_2020,PN,040900,2024,import,1040,119.00
EU27_2020,PN,040900,2025,import,2131,23.00
EU27_2020,PT,040900,2024,import,18254313,10543226.00
EU27_2020,PT,040900,2025,import,14185139,8406893.00
EU27_2020,QA,040900,2024,import,235,10.00
EU27_2020,QA,040900,2025,import,24850,5225.00
EU27_2020,QV,040900,2024,import,5097,1065.00
EU27_2020,QV,040900,2025,import,552,30.00
EU27_2020,QW,040900,2024,import,14311,871.00
EU27_2020,QW,040900,2025,import,44243,6246.00
EU27_2020,RO,040900,2024,import,29040012,9863306.00
EU27_2020,RO,040900,2025,import,36254839,11324678.00
EU27_2020,RU,040900,2024,import,2578682,1800518.00
EU27_2020,RU,040900,2025,import,676463,397104.00
EU27_2020,RW,040900,2025,import,87,7.00
EU27_2020,SA,040900,2024,import,11953,3735.00
EU27_2020,SA,040900,2025,import,9408,3180.00
EU27_2020,SC,040900,2024,import,36,
EU27_2020,SE,040900,2024,import,957965,167616.00
EU27_2020,SE,040900,2025,import,1122714,173386.00
EU27_2020,SG,040900,2024,import,12207,204.00
EU27_2020,SG,040900,2025,import,135,3.00
EU27_2020,SI,040900,2024,import,238309,63037.00
EU27_2020,SI,040900,2025,import,146682,21072.00
EU27_2020,SK,040900,2024,import,5672799,1694410.00
EU27_2020,SK,040900,2025,import,6025764,1807579.00
EU27_2020,SL,040900,2024,import,14,1.00
EU27_2020,SL,040900,2025,import,4,2.00
EU27_2020,SN,040900,2024,import,9,1.00
EU27_2020,SN,040900,2025,import,98,26.00
EU27_2020,SV,040900,2024,import,293351,127061.00
EU27_2020,SV,040900,2025,import,150667,61952.00
EU27_2020,SX,040900,2024,import,13746,6100.00
EU27_2020,SX,040900,2025,import,8251,600.00
EU27_2020,TD,040900,2024,import,2,2.00
EU27_2020,TG,040900,2024,import,37,2.00
EU27_2020,TG,040900,2025,import,59,4.00
EU27_2020,TH,040900,2024,import,280089,109450.00
EU27_2020,TH,040900,2025,import,1172588,654869.00
EU27_2020,TN,040900,2024,import,4296,457.00
EU27_2020,TN,040900,2025,import,6684,909.00
EU27_2020,TR,040900,2024,import,10024910,2870458.00
EU27_2020,TR,040900,2025,import,9443974,2558188.00
EU27_2020,TW,040900,2024,import,2242,176.00
EU27_2020,TW,040900,2025,import,1375,21.00
EU27_2020,TZ,040900,2024,import,489943,186113.00
EU27_2020,TZ,040900,2025,import,1271548,519403.00
EU27_2020,UA,040900,2024,import,95001184,54019323.00
EU27_2020,UA,040900,2025,import,108863152,53296210.00
EU27_2020,US,040900,2024,import,343703,60202.00
EU27_2020,US,040900,2025,import,228265,25593.00
EU27_2020,UY,040900,2024,import,1846041,867611.00
EU27_2020,UY,040900,2025,import,3928815,1883969.00
EU27_2020,UZ,040900,2024,import,22,1.00
EU27_2020,UZ,040900,2025,import,17,3.00
EU27_2020,VN,040900,2020,import,797489,597509.00
EU27_2020,VN,040900,2021,import,1582574,924313.00
EU27_2020,VN,040900,2022,import,12844804,6382645.00
EU27_2020,VN,040900,2023,import,7998330,4717268.00
EU27_2020,VN,040900,2024,import,5640223,3899738.00
EU27_2020,VN,040900,2025,import,7160869,5441052.00
EU27_2020,WF,040900,2024,import,2325,140.00
EU27_2020,WF,040900,2025,import,2111,84.00
EU27_2020,XL,040900,2024,import,43,2.00
EU27_2020,XS,040900,2024,import,2089731,607644.00
EU27_2020,XS,040900,2025,import,1717643,499518.00
EU27_2020,YE,040900,2024,import,260,48.00
EU27_2020,YE,040900,2025,import,915,17.00
EU27_2020,ZA,040900,2024,import,813,25.00
EU27_2020,ZA,040900,2025,import,777,50.00
EU27_2020,ZM,040900,2024,import,112392,35494.00
EU27_2020,ZM,040900,2025,import,565356,231362.00
FI,EXT_EU27_2020,040900,2020,import,65741,2734.00
FI,EXT_EU27_2020,040900,2021,import,26991,589.00
FI,EXT_EU27_2020,040900,2022,import,39517,942.00
FI,EXT_EU27_2020,040900,2023,import,2732,41.00
FI,EXT_EU27_2020,040900,2024,import,2459,25.00
FI,EXT_EU27_2020,040900,2025,import,30274,564.00
FI,VN,040900,2021,import,2,
FI,VN,040900,2022,import,7,1.00
FI,VN,040900,2023,import,70,18.00
FI,WORLD,040900,2020,import,8217859,1916106.00
FI,WORLD,040900,2021,import,8629299,2052284.00
FI,WORLD,040900,2022,import,9563540,2031767.00
FI,WORLD,040900,2023,import,9580301,1931855.00
FI,WORLD,040900,2024,import,9450739,2110946.00
FI,WORLD,040900,2025,import,8878464,2126222.00
FR,EXT_EU27_2020,040900,2020,import,21540931,9339169.00
FR,EXT_EU27_2020,040900,2021,import,18729013,6770853.00
FR,EXT_EU27_2020,040900,2022,import,21883965,6474870.00
FR,EXT_EU27_2020,040900,2023,import,20929955,7697049.00
FR,EXT_EU27_2020,040900,2024,import,19035379,8420076.00
FR,EXT_EU27_2020,040900,2025,import,18026494,7214847.00
FR,VN,040900,2020,import,59,
FR,VN,040900,2021,import,31,
FR,VN,040900,2022,import,53,1.00
FR,VN,040900,2023,import,25,
FR,VN,040900,2024,import,22,1.00
FR,WORLD,040900,2020,import,113125233,34868854.00
FR,WORLD,040900,2021,import,102124038,29315750.00
FR,WORLD,040900,2022,import,133142138,35522190.00
FR,WORLD,040900,2023,import,107191952,31309213.00
FR,WORLD,040900,2024,import,101939896,33746205.00
FR,WORLD,040900,2025,import,99259417,32248296.00
GR,EXT_EU27_2020,040900,2020,import,820027,578686.00
GR,EXT_EU27_2020,040900,2021,import,1050965,682605.00
GR,EXT_EU27_2020,040900,2022,import,2679278,1232866.00
GR,EXT_EU27_2020,040900,2023,import,6695248,3586816.00
GR,EXT_EU27_2020,040900,2024,import,7023337,4917697.00
GR,EXT_EU27_2020,040900,2025,import,10582928,6685271.00
GR,VN,040900,2025,import,51863,41760.00
GR,WORLD,040900,2020,import,13981385,8595942.00
GR,WORLD,040900,2021,import,14818245,7821931.00
GR,WORLD,040900,2022,import,20987035,9713574.00
GR,WORLD,040900,2023,import,17153292,8612309.00
GR,WORLD,040900,2024,import,16948308,9781979.00
GR,WORLD,040900,2025,import,19429491,11122009.00
HR,EXT_EU27_2020,040900,2020,import,678038,412596.00
HR,EXT_EU27_2020,040900,2021,import,1245449,685126.00
HR,EXT_EU27_2020,040900,2022,import,1440206,743242.00
HR,EXT_EU27_2020,040900,2023,import,1915100,1027133.00
HR,EXT_EU27_2020,040900,2024,import,1870052,1091396.00
HR,EXT_EU27_2020,040900,2025,import,1443973,831240.00
HR,WORLD,040900,2020,import,3308102,1713315.00
HR,WORLD,040900,2021,import,5530997,2388600.00
HR,WORLD,040900,2022,import,7027048,3033916.00
HR,WORLD,040900,2023,import,5881399,2775646.00
HR,WORLD,040900,2024,import,5516245,2825476.00
HR,WORLD,040900,2025,import,6265543,2931322.00
HU,EXT_EU27_2020,040900,2021,import,3740538,1888686.00
HU,EXT_EU27_2020,040900,2022,import,5224794,2026808.00
HU,EXT_EU27_2020,040900,2023,import,3897243,1697095.00
HU,EXT_EU27_2020,040900,2024,import,3106614,1666000.00
HU,EXT_EU27_2020,040900,2025,import,3286823,1586417.00
HU,VN,040900,2022,import,2,6.00
HU,VN,040900,2025,import,23864,21000.00
HU,WORLD,040900,2021,import,7947658,3143328.00
HU,WORLD,040900,2022,import,7537624,2497521.00
HU,WORLD,040900,2023,import,4385030,1782416.00
HU,WORLD,040900,2024,import,3578798,1752851.00
HU,WORLD,040900,2025,import,3972189,1720500.00
IE,EXT_EU27_2020,040900,2020,import,14986352,5845086.00
IE,EXT_EU27_2020,040900,2021,import,6963815,2467397.00
IE,EXT_EU27_2020,040900,2022,import,10191368,4295583.00
IE,EXT_EU27_2020,040900,2023,import,10528563,4608431.00
IE,EXT_EU27_2020,040900,2024,import,10148547,4849674.00
IE,EXT_EU27_2020,040900,2025,import,10420359,5004721.00
IE,VN,040900,2021,import,6,
IE,VN,040900,2022,import,166539,83760.00
IE,VN,040900,2023,import,43635,21000.00
IE,VN,040900,2024,import,2373,407.00
IE,VN,040900,2025,import,10777,2456.00
IE,WORLD,040900,2020,import,19474721,7405844.00
IE,WORLD,040900,2021,import,13196387,4508865.00
IE,WORLD,040900,2022,import,17136777,6818233.00
IE,WORLD,040900,2023,import,19204338,8801673.00
IE,WORLD,040900,2024,import,17417798,9186733.00
IE,WORLD,040900,2025,import,19719840,8918469.00
IT,EXT_EU27_2020,040900,2020,import,14932102,5787284.00
IT,EXT_EU27_2020,040900,2021,import,14427766,4301025.00
IT,EXT_EU27_2020,040900,2022,import,23152180,7079075.00
IT,EXT_EU27_2020,040900,2023,import,15211008,5775826.00
IT,EXT_EU27_2020,040900,2024,import,14028324,6230338.00
IT,EXT_EU27_2020,040900,2025,import,16213384,7176241.00
IT,VN,040900,2022,import,99863,42000.00
IT,WORLD,040900,2020,import,70919585,21041380.00
IT,WORLD,040900,2021,import,90894182,23586373.00
IT,WORLD,040900,2022,import,96599546,24769777.00
IT,WORLD,040900,2023,import,77572901,22159416.00
IT,WORLD,040900,2024,import,65129423,22207910.00
IT,WORLD,040900,2025,import,79601166,26243571.00
LT,EXT_EU27_2020,040900,2020,import,2546914,1909266.00
LT,EXT_EU27_2020,040900,2021,import,2972115,1896333.00
LT,EXT_EU27_2020,040900,2022,import,2499948,1241636.00
LT,EXT_EU27_2020,040900,2023,import,1488910,863940.00
LT,EXT_EU27_2020,040900,2024,import,1317509,976957.00
LT,EXT_EU27_2020,040900,2025,import,3165609,1792140.00
LT,WORLD,040900,2020,import,3423095,2193670.00
LT,WORLD,040900,2021,import,4533791,2437607.00
LT,WORLD,040900,2022,import,3945360,1784039.00
LT,WORLD,040900,2023,import,4102483,1860946.00
LT,WORLD,040900,2024,import,2408090,1431158.00
LT,WORLD,040900,2025,import,5448103,2776186.00
LU,EXT_EU27_2020,040900,2020,import,3687,193.00
LU,EXT_EU27_2020,040900,2021,import,2336,184.00
LU,EXT_EU27_2020,040900,2022,import,3633,79.00
LU,EXT_EU27_2020,040900,2023,import,2875,137.00
LU,EXT_EU27_2020,040900,2024,import,108,11.00
LU,EXT_EU27_2020,040900,2025,import,1270,24.00
LU,WORLD,040900,2020,import,1764404,257183.00
LU,WORLD,040900,2021,import,1606439,241258.00
LU,WORLD,040900,2022,import,1710827,234671.00
LU,WORLD,040900,2023,import,1804526,243364.00
LU,WORLD,040900,2024,import,1713845,246838.00
LU,WORLD,040900,2025,import,1983301,287727.00
LV,EXT_EU27_2020,040900,2020,import,42916,20400.00
LV,EXT_EU27_2020,040900,2021,import,58583,22497.00
LV,EXT_EU27_2020,040900,2022,import,239260,103566.00
LV,EXT_EU27_2020,040900,2023,import,92119,40747.00
LV,EXT_EU27_2020,040900,2024,import,9313,1171.00
LV,EXT_EU27_2020,040900,2025,import,3770,284.00
LV,WORLD,040900,2020,import,700604,295808.00
LV,WORLD,040900,2021,import,932287,335165.00
LV,WORLD,040900,2022,import,1285317,381159.00
LV,WORLD,040900,2023,import,950574,286571.00
LV,WORLD,040900,2024,import,931869,277938.00
LV,WORLD,040900,2025,import,792866,231995.00
MT,EXT_EU27_2020,040900,2020,import,214646,39419.00
MT,EXT_EU27_2020,040900,2021,import,30832,1239.00
MT,EXT_EU27_2020,040900,2022,import,64560,3124.00
MT,EXT_EU27_2020,040900,2023,import,56525,3097.00
MT,EXT_EU27_2020,040900,2024,import,76253,4748.00
MT,EXT_EU27_2020,040900,2025,import,48322,4434.00
MT,VN,040900,2025,import,14,2.00
MT,WORLD,040900,2020,import,921911,207082.00
MT,WORLD,040900,2021,import,817633,202967.00
MT,WORLD,040900,2022,import,1001794,157443.00
MT,WORLD,040900,2023,import,1135717,213564.00
MT,WORLD,040900,2024,import,1176418,248832.00
MT,WORLD,040900,2025,import,1155967,267507.00
NL,EXT_EU27_2020,040900,2020,import,9317276,1017669.00
NL,EXT_EU27_2020,040900,2021,import,18444752,5034960.00
NL,EXT_EU27_2020,040900,2022,import,25690507,9750182.00
NL,EXT_EU27_2020,040900,2023,import,13791610,6719174.00
NL,EXT_EU27_2020,040900,2024,import,16105650,9255786.00
NL,EXT_EU27_2020,040900,2025,import,19734818,11247576.00
NL,VN,040900,2021,import,73,2.00
NL,VN,040900,2022,import,1907778,924061.00
NL,VN,040900,2023,import,90,16.00
NL,WORLD,040900,2020,import,49264207,13584094.00
NL,WORLD,040900,2021,import,64174150,17710591.00
NL,WORLD,040900,2022,import,63519308,17391559.00
NL,WORLD,040900,2023,import,51497211,15644948.00
NL,WORLD,040900,2024,import,85503947,22891030.00
NL,WORLD,040900,2025,import,59195752,20596056.00
PL,EXT_EU27_2020,040900,2020,import,48498075,31666755.00
PL,EXT_EU27_2020,040900,2021,import,54233588,32113436.00
PL,EXT_EU27_2020,040900,2022,import,50141859,27347724.00
PL,EXT_EU27_2020,040900,2023,import,36976091,23315202.00
PL,EXT_EU27_2020,040900,2024,import,27020745,19312382.00
PL,EXT_EU27_2020,040900,2025,import,29407692,20854401.00
PL,VN,040900,2020,import,131470,117280.00
PL,VN,040900,2021,import,159950,104160.00
PL,VN,040900,2022,import,435010,250201.00
PL,VN,040900,2023,import,73905,62641.00
PL,VN,040900,2024,import,506757,401980.00
PL,VN,040900,2025,import,274464,209690.00
PL,WORLD,040900,2020,import,69010319,37453473.00
PL,WORLD,040900,2021,import,77056492,37614835.00
PL,WORLD,040900,2022,import,67504364,31768931.00
PL,WORLD,040900,2023,import,51785278,27003818.00
PL,WORLD,040900,2024,import,47225966,26585674.00
PL,WORLD,040900,2025,import,49387867,27827177.00
PT,EXT_EU27_2020,040900,2020,import,7877503,6339832.00
PT,EXT_EU27_2020,040900,2021,import,10833241,7079634.00
PT,EXT_EU27_2020,040900,2022,import,18950496,10115491.00
PT,EXT_EU27_2020,040900,2023,import,9276290,7686837.00
PT,EXT_EU27_2020,040900,2024,import,12758404,9972483.00
PT,EXT_EU27_2020,040900,2025,import,10121488,8275569.00
PT,VN,040900,2022,import,201508,80400.00
PT,VN,040900,2025,import,446817,352350.00
PT,WORLD,040900,2020,import,15000081,8706854.00
PT,WORLD,040900,2021,import,18172903,9462515.00
PT,WORLD,040900,2022,import,29303604,13594475.00
PT,WORLD,040900,2023,import,20365287,10483938.00
PT,WORLD,040900,2024,import,24599299,13006374.00
PT,WORLD,040900,2025,import,22361836,12365006.00
RO,EXT_EU27_2020,040900,2020,import,7104808,3984599.00
RO,EXT_EU27_2020,040900,2021,import,7796667,4125598.00
RO,EXT_EU27_2020,040900,2022,import,7801885,3794654.00
RO,EXT_EU27_2020,040900,2023,import,7747102,3557182.00
RO,EXT_EU27_2020,040900,2024,import,7829663,4095499.00
RO,EXT_EU27_2020,040900,2025,import,10203506,4428393.00
RO,VN,040900,2025,import,25459,20880.00
RO,WORLD,040900,2020,import,14558954,5906459.00
RO,WORLD,040900,2021,import,13585886,5225526.00
RO,WORLD,040900,2022,import,13869430,5309876.00
RO,WORLD,040900,2023,import,13416719,4978107.00
RO,WORLD,040900,2024,import,12591972,4960063.00
RO,WORLD,040900,2025,import,17714773,6785827.00
SE,EXT_EU27_2020,040900,2020,import,1349450,333516.00
SE,EXT_EU27_2020,040900,2021,import,1638043,366710.00
SE,EXT_EU27_2020,040900,2022,import,1570348,237798.00
SE,EXT_EU27_2020,040900,2023,import,1968177,444213.00
SE,EXT_EU27_2020,040900,2024,import,1811147,324540.00
SE,EXT_EU27_2020,040900,2025,import,1932897,366616.00
SE,VN,040900,2021,import,50640,19500.00
SE,VN,040900,2022,import,2,
SE,WORLD,040900,2020,import,19124181,4875009.00
SE,WORLD,040900,2021,import,16973779,4338374.00
SE,WORLD,040900,2022,import,22712920,5209258.00
SE,WORLD,040900,2023,import,21817372,5269767.00
SE,WORLD,040900,2024,import,20120335,5094710.00
SE,WORLD,040900,2025,import,20463495,5279363.00
SI,EXT_EU27_2020,040900,2020,import,1459591,835988.00
SI,EXT_EU27_2020,040900,2021,import,1984390,1091563.00
SI,EXT_EU27_2020,040900,2022,import,1755363,891547.00
SI,EXT_EU27_2020,040900,2023,import,156355,61505.00
SI,EXT_EU27_2020,040900,2024,import,145610,37079.00
SI,EXT_EU27_2020,040900,2025,import,431431,186341.00
SI,VN,040900,2022,import,233533,117000.00
SI,WORLD,040900,2020,import,4650143,1844375.00
SI,WORLD,040900,2021,import,5731568,2174427.00
SI,WORLD,040900,2022,import,6056444,2025476.00
SI,WORLD,040900,2023,import,4847477,1094969.00
SI,WORLD,040900,2024,import,4982157,1047355.00
SI,WORLD,040900,2025,import,3719637,1093234.00
SK,EXT_EU27_2020,040900,2020,import,2659651,1547076.00
SK,EXT_EU27_2020,040900,2021,import,5610809,2615971.00
SK,EXT_EU27_2020,040900,2022,import,5699960,2256650.00
SK,EXT_EU27_2020,040900,2023,import,2046256,942015.00
SK,EXT_EU27_2020,040900,2024,import,3496402,2051029.00
SK,EXT_EU27_2020,040900,2025,import,2099416,968145.00
SK,VN,040900,2020,import,84385,58800.00
SK,VN,040900,2021,import,494554,273000.00
SK,WORLD,040900,2020,import,4643786,2139187.00
SK,WORLD,040900,2021,import,7563176,3150451.00
SK,WORLD,040900,2022,import,8185257,2820495.00
SK,WORLD,040900,2023,import,5352260,1739541.00
SK,WORLD,040900,2024,import,10548553,4109141.00
SK,WORLD,040900,2025,import,6236622,2154875.00
AT,EXT_EU27_2020,080132,2020,import,5149815,694868.00
AT,EXT_EU27_2020,080132,2021,import,4023297,682397.00
AT,EXT_EU27_2020,080132,2022,import,4734985,663946.00
AT,EXT_EU27_2020,080132,2023,import,1967042,307394.00
AT,EXT_EU27_2020,080132,2024,import,1748129,303557.00
AT,EXT_EU27_2020,080132,2025,import,3229961,516582.00
AT,VN,080132,2020,import,878474,111817.00
AT,VN,080132,2021,import,134695,25944.00
AT,VN,080132,2022,import,346,23.00
AT,VN,080132,2024,import,860384,142897.00
AT,VN,080132,2025,import,912206,144992.00
AT,WORLD,080132,2020,import,22940931,2853041.00
AT,WORLD,080132,2021,import,19253734,2661941.00
AT,WORLD,080132,2022,import,21551932,2754711.00
AT,WORLD,080132,2023,import,18867637,2552659.00
AT,WORLD,080132,2024,import,20210517,2920907.00
AT,WORLD,080132,2025,import,23659078,3060441.00
BE,EXT_EU27_2020,080132,2020,import,23977334,4810990.00
BE,EXT_EU27_2020,080132,2021,import,25003460,5595424.00
BE,EXT_EU27_2020,080132,2022,import,14603639,2971880.00
BE,EXT_EU27_2020,080132,2023,import,18475667,3984142.00
BE,EXT_EU27_2020,080132,2024,import,22412454,5040140.00
BE,EXT_EU27_2020,080132,2025,import,22341352,4198710.00
BE,VN,080132,2020,import,5577418,846876.00
BE,VN,080132,2021,import,1733638,319221.00
BE,VN,080132,2022,import,2684511,445200.00
BE,VN,080132,2023,import,2253083,395668.00
BE,VN,080132,2024,import,2970312,551770.00
BE,VN,080132,2025,import,4557945,772384.00
BE,WORLD,080132,2020,import,57767579,10003002.00
BE,WORLD,080132,2021,import,56170399,10523174.00
BE,WORLD,080132,2022,import,39299791,7133905.00
BE,WORLD,080132,2023,import,54463772,9529401.00
BE,WORLD,080132,2024,import,60742553,11854317.00
BE,WORLD,080132,2025,import,53490618,9212874.00
BG,EXT_EU27_2020,080132,2020,import,4746555,873381.00
BG,EXT_EU27_2020,080132,2021,import,6736387,1192535.00
BG,EXT_EU27_2020,080132,2022,import,9035623,1421985.00
BG,EXT_EU27_2020,080132,2023,import,8307971,1560699.00
BG,EXT_EU27_2020,080132,2024,import,11028064,2065985.00
BG,EXT_EU27_2020,080132,2025,import,15141377,2444983.00
BG,VN,080132,2020,import,4335029,759619.00
BG,VN,080132,2021,import,5285218,914368.00
BG,VN,080132,2022,import,7528063,1188004.00
BG,VN,080132,2023,import,6136258,1146588.00
BG,VN,080132,2024,import,10359758,1875203.00
BG,VN,080132,2025,import,13014402,2037410.00
BG,WORLD,080132,2020,import,7363255,1284093.00
BG,WORLD,080132,2021,import,9986869,1771116.00
BG,WORLD,080132,2022,import,11466097,1813145.00
BG,WORLD,080132,2023,import,11694358,2190960.00
BG,WORLD,080132,2024,import,14400288,2633170.00
BG,WORLD,080132,2025,import,18464159,2970536.00
CY,EXT_EU27_2020,080132,2020,import,930593,136435.00
CY,EXT_EU27_2020,080132,2021,import,1412625,201609.00
CY,EXT_EU27_2020,080132,2022,import,951938,126019.00
CY,EXT_EU27_2020,080132,2023,import,1277238,203569.00
CY,EXT_EU27_2020,080132,2024,import,1020700,148610.00
CY,EXT_EU27_2020,080132,2025,import,1052840,151403.00
CY,VN,080132,2020,import,83783,14403.00
CY,VN,080132,2021,import,172542,30000.00
CY,VN,080132,2022,import,217548,30002.00
CY,VN,080132,2023,import,91610,16000.00
CY,VN,080132,2024,import,120887,16000.00
CY,VN,080132,2025,import,210127,32000.00
CY,WORLD,080132,2020,import,1764462,253361.00
CY,WORLD,080132,2021,import,2227562,323907.00
CY,WORLD,080132,2022,import,1878021,269891.00
CY,WORLD,080132,2023,import,2198292,339546.00
CY,WORLD,080132,2024,import,2372093,360693.00
CY,WORLD,080132,2025,import,2831199,417925.00
CZ,EXT_EU27_2020,080132,2020,import,4923347,790303.00
CZ,EXT_EU27_2020,080132,2021,import,5697049,926595.00
CZ,EXT_EU27_2020,080132,2022,import,6133568,936221.00
CZ,EXT_EU27_2020,080132,2023,import,7496876,1399260.00
CZ,EXT_EU27_2020,080132,2024,import,7883943,1431271.00
CZ,EXT_EU27_2020,080132,2025,import,12186641,1887154.00
CZ,VN,080132,2020,import,2878385,476293.00
CZ,VN,080132,2021,import,2965629,465882.00
CZ,VN,080132,2022,import,3411268,531223.00
CZ,VN,080132,2023,import,4942359,921257.00
CZ,VN,080132,2024,import,6934109,1248158.00
CZ,VN,080132,2025,import,9295721,1434530.00
CZ,WORLD,080132,2020,import,16435594,2179301.00
CZ,WORLD,080132,2021,import,20379821,2823536.00
CZ,WORLD,080132,2022,import,22790371,3304298.00
CZ,WORLD,080132,2023,import,26816240,4386447.00
CZ,WORLD,080132,2024,import,32107490,5419867.00
CZ,WORLD,080132,2025,import,38386130,5706935.00
DE,EXT_EU27_2020,080132,2020,import,302471709,45829102.00
DE,EXT_EU27_2020,080132,2021,import,252029699,41467462.00
DE,EXT_EU27_2020,080132,2022,import,309196856,44758417.00
DE,EXT_EU27_2020,080132,2023,import,282472590,47974362.00
DE,EXT_EU27_2020,080132,2024,import,296492111,52310209.00
DE,EXT_EU27_2020,080132,2025,import,439803906,68727051.00
DE,VN,080132,2020,import,223881087,34093211.00
DE,VN,080132,2021,import,201560346,33256382.00
DE,VN,080132,2022,import,241997445,35314409.00
DE,VN,080132,2023,import,207669464,35746831.00
DE,VN,080132,2024,import,203305991,36542364.00
DE,VN,080132,2025,import,320770161,50365700.00
DE,WORLD,080132,2020,import,431106314,64889113.00
DE,WORLD,080132,2021,import,359913198,59262295.00
DE,WORLD,080132,2022,import,412434223,60583180.00
DE,WORLD,080132,2023,import,388193936,66952580.00
DE,WORLD,080132,2024,import,396093063,69740428.00
DE,WORLD,080132,2025,import,545767743,85276033.00
DK,EXT_EU27_2020,080132,2020,import,3482699,605211.00
DK,EXT_EU27_2020,080132,2021,import,3043469,551905.00
DK,EXT_EU27_2020,080132,2022,import,2751786,449323.00
DK,EXT_EU27_2020,080132,2023,import,2134119,392727.00
DK,EXT_EU27_2020,080132,2024,import,2528615,594191.00
DK,EXT_EU27_2020,080132,2025,import,3039757,507618.00
DK,VN,080132,2020,import,2651002,452771.00
DK,VN,080132,2021,import,1894691,335032.00
DK,VN,080132,2022,import,2340446,394681.00
DK,VN,080132,2023,import,2021767,376654.00
DK,VN,080132,2024,import,2254314,487940.00
DK,VN,080132,2025,import,2256023,387147.00
DK,WORLD,080132,2020,import,9626734,1557612.00
DK,WORLD,080132,2021,import,8698097,1499014.00
DK,WORLD,080132,2022,import,8141475,1255568.00
DK,WORLD,080132,2023,import,8976712,1353545.00
DK,WORLD,080132,2024,import,12095400,1583704.00
DK,WORLD,080132,2025,import,15179885,2043867.00
EE,EXT_EU27_2020,080132,2020,import,1450422,288125.00
EE,EXT_EU27_2020,080132,2021,import,2496180,479225.00
EE,EXT_EU27_2020,080132,2022,import,2182012,354851.00
EE,EXT_EU27_2020,080132,2023,import,1777994,310479.00
EE,EXT_EU27_2020,080132,2024,import,2696169,528039.00
EE,EXT_EU27_2020,080132,2025,import,2586752,464805.00
EE,VN,080132,2020,import,1144214,192658.00
EE,VN,080132,2021,import,2291237,399564.00
EE,VN,080132,2022,import,2126623,338168.00
EE,VN,080132,2023,import,1777926,310398.00
EE,VN,080132,2024,import,2693847,527744.00
EE,VN,080132,2025,import,1917325,332964.00
EE,WORLD,080132,2020,import,2692019,458704.00
EE,WORLD,080132,2021,import,3617819,647137.00
EE,WORLD,080132,2022,import,3295615,499315.00
EE,WORLD,080132,2023,import,2928062,463738.00
EE,WORLD,080132,2024,import,3852406,688030.00
EE,WORLD,080132,2025,import,4547029,718549.00
ES,EXT_EU27_2020,080132,2020,import,52112405,7492935.00
ES,EXT_EU27_2020,080132,2021,import,59113621,9207556.00
ES,EXT_EU27_2020,080132,2022,import,78365066,11368909.00
ES,EXT_EU27_2020,080132,2023,import,75664934,12810665.00
ES,EXT_EU27_2020,080132,2024,import,108128976,17584056.00
ES,EXT_EU27_2020,080132,2025,import,120304526,17076355.00
ES,VN,080132,2020,import,25640923,4234983.00
ES,VN,080132,2021,import,39060259,6534656.00
ES,VN,080132,2022,import,58157439,8964189.00
ES,VN,080132,2023,import,49080490,9130536.00
ES,VN,080132,2024,import,69479278,12057249.00
ES,VN,080132,2025,import,67698985,10402015.00
ES,WORLD,080132,2020,import,62638148,8763894.00
ES,WORLD,080132,2021,import,70644912,10708648.00
ES,WORLD,080132,2022,import,92401949,13145503.00
ES,WORLD,080132,2023,import,93914071,15148770.00
ES,WORLD,080132,2024,import,126727242,20136307.00
ES,WORLD,080132,2025,import,138203149,19396333.00
EU27_2020,AE,080132,2024,import,350809,71838.00
EU27_2020,AE,080132,2025,import,118282,17907.00
EU27_2020,AF,080132,2024,import,205,311.00
EU27_2020,AF,080132,2025,import,911,71.00
EU27_2020,AL,080132,2024,import,49,6.00
EU27_2020,AL,080132,2025,import,32,4.00
EU27_2020,AM,080132,2024,import,18,1.00
EU27_2020,AR,080132,2024,import,179859,88045.00
EU27_2020,AR,080132,2025,import,59508,15895.00
EU27_2020,AT,080132,2024,import,3928148,489833.00
EU27_2020,AT,080132,2025,import,6965070,798726.00
EU27_2020,AU,080132,2024,import,55,8.00
EU27_2020,AU,080132,2025,import,55,6.00
EU27_2020,AZ,080132,2025,import,142,22.00
EU27_2020,BE,080132,2024,import,19659028,3486230.00
EU27_2020,BE,080132,2025,import,27560185,4506614.00
EU27_2020,BF,080132,2024,import,11931286,1998427.00
EU27_2020,BF,080132,2025,import,11694005,1664986.00
EU27_2020,BG,080132,2024,import,752216,102491.00
EU27_2020,BG,080132,2025,import,1124963,151259.00
EU27_2020,BJ,080132,2024,import,19628715,3743597.00
EU27_2020,BJ,080132,2025,import,8972720,1498569.00
EU27_2020,BN,080132,2024,import,786,48.00
EU27_2020,BO,080132,2024,import,185780,32000.00
EU27_2020,BO,080132,2025,import,989,30.00
EU27_2020,BR,080132,2024,import,9850486,2042154.00
EU27_2020,BR,080132,2025,import,13008720,2414811.00
EU27_2020,CA,080132,2024,import,25621,3461.00
EU27_2020,CA,080132,2025,import,12136,1706.00
EU27_2020,CH,080132,2024,import,14869,2178.00
EU27_2020,CH,080132,2025,import,143497,16662.00
EU27_2020,CI,080132,2024,import,126206337,23979859.00
EU27_2020,CI,080132,2025,import,205570423,33794704.00
EU27_2020,CL,080132,2024,import,2501,299.00
EU27_2020,CL,080132,2025,import,37563,15883.00
EU27_2020,CM,080132,2024,import,283,228.00
EU27_2020,CM,080132,2025,import,24,30.00
EU27_2020,CN,080132,2024,import,1659221,353432.00
EU27_2020,CN,080132,2025,import,1146683,206646.00
EU27_2020,CO,080132,2025,import,993,50.00
EU27_2020,CR,080132,2025,import,205,20.00
EU27_2020,CY,080132,2024,import,6689,885.00
EU27_2020,CY,080132,2025,import,20,3.00
EU27_2020,CZ,080132,2024,import,1848906,263853.00
EU27_2020,CZ,080132,2025,import,5607423,890314.00
EU27_2020,DE,080132,2024,import,138373313,19819411.00
EU27_2020,DE,080132,2025,import,156387965,21585251.00
EU27_2020,DK,080132,2024,import,568665,74802.00
EU27_2020,DK,080132,2025,import,702243,87282.00
EU27_2020,EC,080132,2025,import,475,28.00
EU27_2020,EE,080132,2024,import,994332,126844.00
EU27_2020,EE,080132,2025,import,1077424,133991.00
EU27_2020,EG,080132,2025,import,66,1.00
EU27_2020,ES,080132,2024,import,15028672,1866765.00
EU27_2020,ES,080132,2025,import,10919395,1273294.00
EU27_2020,EXT_EU27_2020,080132,2020,import,935608703,150637262.00
EU27_2020,EXT_EU27_2020,080132,2021,import,909624341,156076932.00
EU27_2020,EXT_EU27_2020,080132,2022,import,991987997,151532073.00
EU27_2020,EXT_EU27_2020,080132,2023,import,933809057,167080429.00
EU27_2020,EXT_EU27_2020,080132,2024,import,1034041598,186442410.00
EU27_2020,EXT_EU27_2020,080132,2025,import,1273098146,201371327.00
EU27_2020,FI,080132,2024,import,105504,21717.00
EU27_2020,FI,080132,2025,import,144280,15736.00
EU27_2020,FR,080132,2024,import,2999471,438029.00
EU27_2020,FR,080132,2025,import,3298505,455615.00
EU27_2020,GB,080132,2024,import,365000,61345.00
EU27_2020,GB,080132,2025,import,364305,52137.00
EU27_2020,GE,080132,2024,import,11528,1000.00
EU27_2020,GH,080132,2024,import,6710991,1162420.00
EU27_2020,GH,080132,2025,import,5084090,900951.00
EU27_2020,GM,080132,2024,import,203,10.00
EU27_2020,GN,080132,2024,import,1001341,182565.00
EU27_2020,GR,080132,2024,import,2082883,376601.00
EU27_2020,GR,080132,2025,import,2547688,409658.00
EU27_2020,GW,080132,2024,import,2362541,456763.00
EU27_2020,GW,080132,2025,import,1376685,225933.00
EU27_2020,HK,080132,2024,import,226,7.00
EU27_2020,HN,080132,2024,import,307524,27506.00
EU27_2020,HN,080132,2025,import,260972,22237.00
EU27_2020,HR,080132,2024,import,415897,60247.00
EU27_2020,HR,080132,2025,import,433552,48826.00
EU27_2020,HU,080132,2024,import,396901,42553.00
EU27_2020,HU,080132,2025,import,461218,64040.00
EU27_2020,ID,080132,2024,import,5780390,1047640.00
EU27_2020,ID,080132,2025,import,3461541,558952.00
EU27_2020,IE,080132,2024,import,134337,19268.00
EU27_2020,IE,080132,2025,import,243564,42798.00
EU27_2020,IL,080132,2024,import,970,126.00
EU27_2020,IL,080132,2025,import,2774,383.00
EU27_2020,IN,080132,2024,import,73713975,10191295.00
EU27_2020,IN,080132,2025,import,72174918,8698971.00
EU27_2020,INT_EU27_2020,080132,2024,import,450863020,71852772.00
EU27_2020,INT_EU27_2020,080132,2025,import,466654914,67914157.00
EU27_2020,IQ,080132,2024,import,8,1.00
EU27_2020,IQ,080132,2025,import,1400,112.00
EU27_2020,IR,080132,2024,import,1188,80.00
EU27_2020,IR,080132,2025,import,2010,567.00
EU27_2020,IT,080132,2024,import,6894156,809716.00
EU27_2020,IT,080132,2025,import,6435487,790670.00
EU27_2020,JO,080132,2024,import,16,1.00
EU27_2020,JO,080132,2025,import,84,3.00
EU27_2020,JP,080132,2024,import,2,1.00
EU27_2020,JP,080132,2025,import,89,145.00
EU27_2020,KE,080132,2024,import,2089058,396597.00
EU27_2020,KE,080132,2025,import,2848557,504841.00
EU27_2020,KH,080132,2024,import,132867,16414.00
EU27_2020,KH,080132,2025,import,1325050,197676.00
EU27_2020,KW,080132,2024,import,24,3.00
EU27_2020,LB,080132,2024,import,33272,3656.00
EU27_2020,LB,080132,2025,import,139285,31913.00
EU27_2020,LK,080132,2024,import,29037,4977.00
EU27_2020,LK,080132,2025,import,56268,9834.00
EU27_2020,LT,080132,2024,import,5474418,787833.00
EU27_2020,LT,080132,2025,import,7590698,1034194.00
EU27_2020,LU,080132,2024,import,914645,127701.00
EU27_2020,LU,080132,2025,import,99244,18319.00
EU27_2020,LV,080132,2024,import,876820,123598.00
EU27_2020,LV,080132,2025,import,1472264,191275.00
EU27_2020,MA,080132,2024,import,5,1.00
EU27_2020,MA,080132,2025,import,64,1.00
EU27_2020,MG,080132,2024,import,560399,93111.00
EU27_2020,MG,080132,2025,import,76898,10534.00
EU27_2020,MK,080132,2025,import,91,12.00
EU27_2020,ML,080132,2024,import,764973,239509.00
EU27_2020,ML,080132,2025,import,223045,40211.00
EU27_2020,MM,080132,2024,import,27,2.00
EU27_2020,MT,080132,2024,import,187353,23996.00
EU27_2020,MT,080132,2025,import,2,
EU27_2020,MU,080132,2024,import,74,18.00
EU27_2020,MU,080132,2025,import,3793,321.00
EU27_2020,MX,080132,2024,import,7,1.00
EU27_2020,MX,080132,2025,import,192946,19061.00
EU27_2020,MY,080132,2024,import,38,11.00
EU27_2020,MY,080132,2025,import,49,3.00
EU27_2020,MZ,080132,2024,import,4498383,838650.00
EU27_2020,MZ,080132,2025,import,3927633,605422.00
EU27_2020,NE,080132,2024,import,125549,23249.00
EU27_2020,NG,080132,2024,import,12341718,2656500.00
EU27_2020,NG,080132,2025,import,17394396,3145002.00
EU27_2020,NI,080132,2024,import,2093,274.00
EU27_2020,NL,080132,2024,import,235616686,40547015.00
EU27_2020,NL,080132,2025,import,226097408,34448950.00
EU27_2020,NO,080132,2024,import,191336,32071.00
EU27_2020,NO,080132,2025,import,47075,11080.00
EU27_2020,NZ,080132,2024,import,11,1.00
EU27_2020,NZ,080132,2025,import,4,1.00
EU27_2020,PE,080132,2024,import,145,4.00
EU27_2020,PE,080132,2025,import,1,1.00
EU27_2020,PH,080132,2024,import,3630,538.00
EU27_2020,PH,080132,2025,import,87,17.00
EU27_2020,PL,080132,2024,import,3527503,640410.00
EU27_2020,PL,080132,2025,import,1997041,308343.00
EU27_2020,PT,080132,2024,import,269132,104832.00
EU27_2020,PT,080132,2025,import,31563,4587.00
EU27_2020,PY,080132,2024,import,45,
EU27_2020,QA,080132,2025,import,77,6.00
EU27_2020,QV,080132,2025,import,425,16.00
EU27_2020,QW,080132,2024,import,167,34.00
EU27_2020,QW,080132,2025,import,5142,397.00
EU27_2020,RO,080132,2024,import,17111,2072.00
EU27_2020,RO,080132,2025,import,1791,142.00
EU27_2020,RU,080132,2024,import,15,3.00
EU27_2020,RU,080132,2025,import,40,4.00
EU27_2020,RW,080132,2025,import,15,1.00
EU27_2020,SA,080132,2025,import,50,7.00
EU27_2020,SE,080132,2024,import,1019539,127414.00
EU27_2020,SE,080132,2025,import,790962,82678.00
EU27_2020,SG,080132,2024,import,1371,240.00
EU27_2020,SG,080132,2025,import,108609,16725.00
EU27_2020,SI,080132,2024,import,768221,97708.00
EU27_2020,SI,080132,2025,import,893289,100624.00
EU27_2020,SK,080132,2024,import,8002474,1270948.00
EU27_2020,SK,080132,2025,import,3771245,470952.00
EU27_2020,SL,080132,2024,import,27,1.00
EU27_2020,SN,080132,2024,import,428404,58759.00
EU27_2020,SN,080132,2025,import,264509,29613.00
EU27_2020,SO,080132,2025,import,5,
EU27_2020,SY,080132,2025,import,43,10.00
EU27_2020,TG,080132,2024,import,4022610,741198.00
EU27_2020,TG,080132,2025,import,2723901,424988.00
EU27_2020,TH,080132,2024,import,12631,1293.00
EU27_2020,TH,080132,2025,import,190223,28382.00
EU27_2020,TN,080132,2024,import,30,4.00
EU27_2020,TN,080132,2025,import,46,18.00
EU27_2020,TR,080132,2024,import,3001395,328987.00
EU27_2020,TR,080132,2025,import,529270,68581.00
EU27_2020,TW,080132,2025,import,30,3.00
EU27_2020,TZ,080132,2024,import,10109100,1873801.00
EU27_2020,TZ,080132,2025,import,10685913,1731082.00
EU27_2020,UG,080132,2024,import,732,80.00
EU27_2020,UG,080132,2025,import,208,24.00
EU27_2020,US,080132,2024,import,324274,72865.00
EU27_2020,US,080132,2025,import,834151,121345.00
EU27_2020,UZ,080132,2025,import,267,52.00
EU27_2020,VI,080132,2024,import,206,15.00
EU27_2020,VN,080132,2020,import,684405359,110734842.00
EU27_2020,VN,080132,2021,import,705978523,120481635.00
EU27_2020,VN,080132,2022,import,751854092,115142997.00
EU27_2020,VN,080132,2023,import,680591371,123484550.00
EU27_2020,VN,080132,2024,import,735030067,133601100.00
EU27_2020,VN,080132,2025,import,907874769,144239894.00
EU27_2020,VU,080132,2025,import,5928,845.00
EU27_2020,XS,080132,2025,import,247,47.00
EU27_2020,ZA,080132,2024,import,45095,11791.00
EU27_2020,ZA,080132,2025,import,143164,24951.00
FI,EXT_EU27_2020,080132,2020,import,1498507,228457.00
FI,EXT_EU27_2020,080132,2021,import,1319939,223815.00
FI,EXT_EU27_2020,080132,2022,import,1061336,158831.00
FI,EXT_EU27_2020,080132,2023,import,698698,127081.00
FI,EXT_EU27_2020,080132,2024,import,1126093,206482.00
FI,EXT_EU27_2020,080132,2025,import,1049096,151843.00
FI,VN,080132,2020,import,1326022,206388.00
FI,VN,080132,2021,import,1307835,222986.00
FI,VN,080132,2022,import,1060738,158765.00
FI,VN,080132,2023,import,697932,127009.00
FI,VN,080132,2024,import,935269,174689.00
FI,VN,080132,2025,import,935250,135880.00
FI,WORLD,080132,2020,import,12155923,1523270.00
FI,WORLD,080132,2021,import,10866776,1480281.00
FI,WORLD,080132,2022,import,10403052,1365389.00
FI,WORLD,080132,2023,import,11391394,1422213.00
FI,WORLD,080132,2024,import,9846611,1371379.00
FI,WORLD,080132,2025,import,10287347,1335771.00
FR,EXT_EU27_2020,080132,2020,import,55849422,8282930.00
FR,EXT_EU27_2020,080132,2021,import,59738242,9623202.00
FR,EXT_EU27_2020,080132,2022,import,64522932,9478637.00
FR,EXT_EU27_2020,080132,2023,import,60469820,10270991.00
FR,EXT_EU27_2020,080132,2024,import,69980130,12389417.00
FR,EXT_EU27_2020,080132,2025,import,87169280,14154568.00
FR,VN,080132,2020,import,45717044,6733858.00
FR,VN,080132,2021,import,52601957,8329537.00
FR,VN,080132,2022,import,50579299,7256227.00
FR,VN,080132,2023,import,48243145,8125944.00
FR,VN,080132,2024,import,53849799,9423788.00
FR,VN,080132,2025,import,62846779,10284656.00
FR,WORLD,080132,2020,import,105214176,14543747.00
FR,WORLD,080132,2021,import,112355541,16893227.00
FR,WORLD,080132,2022,import,115024742,16206871.00
FR,WORLD,080132,2023,import,114405424,17695534.00
FR,WORLD,080132,2024,import,125570347,20906729.00
FR,WORLD,080132,2025,import,148869267,22442481.00
GR,EXT_EU27_2020,080132,2020,import,13336342,2097433.00
GR,EXT_EU27_2020,080132,2021,import,15769929,2474535.00
GR,EXT_EU27_2020,080132,2022,import,16669821,2484323.00
GR,EXT_EU27_2020,080132,2023,import,18308314,3225079.00
GR,EXT_EU27_2020,080132,2024,import,19212151,3182188.00
GR,EXT_EU27_2020,080132,2025,import,23964504,3538340.00
GR,VN,080132,2020,import,6952321,1207399.00
GR,VN,080132,2021,import,10281631,1708231.00
GR,VN,080132,2022,import,12447888,1945088.00
GR,VN,080132,2023,import,14168481,2620886.00
GR,VN,080132,2024,import,14907574,2553024.00
GR,VN,080132,2025,import,19153005,2915052.00
GR,WORLD,080132,2020,import,16361347,2512016.00
GR,WORLD,080132,2021,import,19133033,2951841.00
GR,WORLD,080132,2022,import,20596070,3088232.00
GR,WORLD,080132,2023,import,21091939,3633533.00
GR,WORLD,080132,2024,import,24725366,4027598.00
GR,WORLD,080132,2025,import,29257700,4252348.00
HR,EXT_EU27_2020,080132,2020,import,1100817,170095.00
HR,EXT_EU27_2020,080132,2021,import,1079440,189909.00
HR,EXT_EU27_2020,080132,2022,import,2165703,326586.00
HR,EXT_EU27_2020,080132,2023,import,3546621,624932.00
HR,EXT_EU27_2020,080132,2024,import,2883252,499653.00
HR,EXT_EU27_2020,080132,2025,import,3254571,489877.00
HR,VN,080132,2020,import,1100028,170027.00
HR,VN,080132,2021,import,640963,121765.00
HR,VN,080132,2022,import,1781388,284094.00
HR,VN,080132,2023,import,2799625,515730.00
HR,VN,080132,2024,import,2256416,404026.00
HR,VN,080132,2025,import,2933033,450948.00
HR,WORLD,080132,2020,import,2285527,314466.00
HR,WORLD,080132,2021,import,2575254,399603.00
HR,WORLD,080132,2022,import,3777470,534795.00
HR,WORLD,080132,2023,import,5664454,912058.00
HR,WORLD,080132,2024,import,6328807,1013546.00
HR,WORLD,080132,2025,import,6095821,851209.00
HU,EXT_EU27_2020,080132,2020,import,2252264,360732.00
HU,EXT_EU27_2020,080132,2021,import,2364515,399233.00
HU,EXT_EU27_2020,080132,2022,import,1456458,217463.00
HU,EXT_EU27_2020,080132,2023,import,2807590,481530.00
HU,EXT_EU27_2020,080132,2024,import,2700432,508046.00
HU,EXT_EU27_2020,080132,2025,import,3304446,546989.00
HU,VN,080132,2020,import,2153611,344879.00
HU,VN,080132,2021,import,2330990,394203.00
HU,VN,080132,2022,import,1454835,217391.00
HU,VN,080132,2023,import,2803149,481315.00
HU,VN,080132,2024,import,2698444,507963.00
HU,VN,080132,2025,import,3289167,544910.00
HU,WORLD,080132,2020,import,5058365,703748.00
HU,WORLD,080132,2021,import,5962532,887999.00
HU,WORLD,080132,2022,import,5947302,843742.00
HU,WORLD,080132,2023,import,6648232,959547.00
HU,WORLD,080132,2024,import,7237609,1167839.00
HU,WORLD,080132,2025,import,10363543,1459790.00
IE,EXT_EU27_2020,080132,2020,import,1514139,160441.00
IE,EXT_EU27_2020,080132,2021,import,1534393,210268.00
IE,EXT_EU27_2020,080132,2022,import,2448850,347600.00
IE,EXT_EU27_2020,080132,2023,import,2447159,364298.00
IE,EXT_EU27_2020,080132,2024,import,1838922,289646.00
IE,EXT_EU27_2020,080132,2025,import,2123344,289494.00
IE,VN,080132,2020,import,331052,54752.00
IE,VN,080132,2021,import,1022293,146702.00
IE,VN,080132,2022,import,2111961,298007.00
IE,VN,080132,2023,import,2128168,315605.00
IE,VN,080132,2024,import,1593928,249926.00
IE,VN,080132,2025,import,1730868,240193.00
IE,WORLD,080132,2020,import,5331940,582142.00
IE,WORLD,080132,2021,import,5467337,661998.00
IE,WORLD,080132,2022,import,6390549,836252.00
IE,WORLD,080132,2023,import,7027452,917586.00
IE,WORLD,080132,2024,import,5891345,849489.00
IE,WORLD,080132,2025,import,6620830,1487839.00
IT,EXT_EU27_2020,080132,2020,import,55534617,11981033.00
IT,EXT_EU27_2020,080132,2021,import,54059202,12433162.00
IT,EXT_EU27_2020,080132,2022,import,57828648,11659508.00
IT,EXT_EU27_2020,080132,2023,import,57797458,13587206.00
IT,EXT_EU27_2020,080132,2024,import,61646539,14757709.00
IT,EXT_EU27_2020,080132,2025,import,76534485,15876809.00
IT,VN,080132,2020,import,37860616,7789530.00
IT,VN,080132,2021,import,37752410,8512875.00
IT,VN,080132,2022,import,34810528,7201959.00
IT,VN,080132,2023,import,35645722,8789823.00
IT,VN,080132,2024,import,36706029,8912932.00
IT,VN,080132,2025,import,42683402,8534091.00
IT,WORLD,080132,2020,import,63978579,13114232.00
IT,WORLD,080132,2021,import,66630351,14377716.00
IT,WORLD,080132,2022,import,71911203,13596145.00
IT,WORLD,080132,2023,import,74265937,15941192.00
IT,WORLD,080132,2024,import,82344455,17817558.00
IT,WORLD,080132,2025,import,100583079,19210744.00
LT,EXT_EU27_2020,080132,2020,import,11991915,1976318.00
LT,EXT_EU27_2020,080132,2021,import,12558158,2171318.00
LT,EXT_EU27_2020,080132,2022,import,13145567,2091694.00
LT,EXT_EU27_2020,080132,2023,import,10542954,2067717.00
LT,EXT_EU27_2020,080132,2024,import,12520556,2481224.00
LT,EXT_EU27_2020,080132,2025,import,14739855,2467297.00
LT,VN,080132,2020,import,11963279,1969932.00
LT,VN,080132,2021,import,12558158,2171318.00
LT,VN,080132,2022,import,13145490,2091690.00
LT,VN,080132,2023,import,10188948,1999100.00
LT,VN,080132,2024,import,12367869,2450839.00
LT,VN,080132,2025,import,14638646,2451418.00
LT,WORLD,080132,2020,import,14326106,2366831.00
LT,WORLD,080132,2021,import,15344005,2595344.00
LT,WORLD,080132,2022,import,14625669,2311596.00
LT,WORLD,080132,2023,import,12592852,2387707.00
LT,WORLD,080132,2024,import,14479824,2795310.00
LT,WORLD,080132,2025,import,17480354,2871917.00
LU,EXT_EU27_2020,080132,2020,import,2912514,222398.00
LU,EXT_EU27_2020,080132,2021,import,838045,154453.00
LU,EXT_EU27_2020,080132,2022,import,641613,100375.00
LU,EXT_EU27_2020,080132,2023,import,896325,160674.00
LU,EXT_EU27_2020,080132,2024,import,684483,136352.00
LU,EXT_EU27_2020,080132,2025,import,922379,178962.00
LU,VN,080132,2020,import,2911329,222264.00
LU,VN,080132,2021,import,838005,154451.00
LU,VN,080132,2022,import,641558,100372.00
LU,VN,080132,2023,import,896217,160667.00
LU,VN,080132,2024,import,684483,136352.00
LU,VN,080132,2025,import,922376,178961.00
LU,WORLD,080132,2020,import,23101612,3070008.00
LU,WORLD,080132,2021,import,20681141,3417132.00
LU,WORLD,080132,2022,import,21685344,3570602.00
LU,WORLD,080132,2023,import,21937572,3487363.00
LU,WORLD,080132,2024,import,16317371,3106152.00
LU,WORLD,080132,2025,import,14517544,2651334.00
LV,EXT_EU27_2020,080132,2020,import,1078225,212502.00
LV,EXT_EU27_2020,080132,2021,import,1076477,204704.00
LV,EXT_EU27_2020,080132,2022,import,1442308,238372.00
LV,EXT_EU27_2020,080132,2023,import,1078806,216558.00
LV,EXT_EU27_2020,080132,2024,import,1865933,344816.00
LV,EXT_EU27_2020,080132,2025,import,1551570,258966.00
LV,VN,080132,2020,import,1077605,212459.00
LV,VN,080132,2021,import,997363,188828.00
LV,VN,080132,2022,import,1332166,222494.00
LV,VN,080132,2023,import,508725,102491.00
LV,VN,080132,2024,import,282539,57879.00
LV,VN,080132,2025,import,403541,66937.00
LV,WORLD,080132,2020,import,2310274,376906.00
LV,WORLD,080132,2021,import,3037015,519126.00
LV,WORLD,080132,2022,import,3597601,542007.00
LV,WORLD,080132,2023,import,3336769,541041.00
LV,WORLD,080132,2024,import,4260915,693054.00
LV,WORLD,080132,2025,import,4060110,607620.00
MT,EXT_EU27_2020,080132,2020,import,91581,14823.00
MT,EXT_EU27_2020,080132,2021,import,85971,16600.00
MT,EXT_EU27_2020,080132,2022,import,110243,16424.00
MT,EXT_EU27_2020,080132,2023,import,95365,20016.00
MT,EXT_EU27_2020,080132,2024,import,5870,343.00
MT,EXT_EU27_2020,080132,2025,import,95966,16575.00
MT,VN,080132,2020,import,83227,13608.00
MT,VN,080132,2021,import,13,2.00
MT,VN,080132,2022,import,105418,15948.00
MT,VN,080132,2023,import,94536,19963.00
MT,VN,080132,2024,import,4319,235.00
MT,VN,080132,2025,import,94193,16457.00
MT,WORLD,080132,2020,import,445119,61248.00
MT,WORLD,080132,2021,import,635495,122957.00
MT,WORLD,080132,2022,import,625752,87221.00
MT,WORLD,080132,2023,import,717324,113170.00
MT,WORLD,080132,2024,import,621713,91886.00
MT,WORLD,080132,2025,import,656982,90728.00
NL,EXT_EU27_2020,080132,2020,import,353818673,57475228.00
NL,EXT_EU27_2020,080132,2021,import,368940211,62201026.00
NL,EXT_EU27_2020,080132,2022,import,371610413,56451215.00
NL,EXT_EU27_2020,080132,2023,import,348289413,61673647.00
NL,EXT_EU27_2020,080132,2024,import,367921406,64705939.00
NL,EXT_EU27_2020,080132,2025,import,386509710,59223953.00
NL,VN,080132,2020,import,279758432,46224539.00
NL,VN,080132,2021,import,305651642,51888152.00
NL,VN,080132,2022,import,288773892,44181905.00
NL,VN,080132,2023,import,266325693,47856065.00
NL,VN,080132,2024,import,279946442,49812389.00
NL,VN,080132,2025,import,296179538,46001240.00
NL,WORLD,080132,2020,import,362339621,58463923.00
NL,WORLD,080132,2021,import,376085967,63053261.00
NL,WORLD,080132,2022,import,380640663,57595126.00
NL,WORLD,080132,2023,import,357384935,62752569.00
NL,WORLD,080132,2024,import,378392353,66135630.00
NL,WORLD,080132,2025,import,401512554,61422923.00
PL,EXT_EU27_2020,080132,2020,import,17630208,3014467.00
PL,EXT_EU27_2020,080132,2021,import,17397249,3155365.00
PL,EXT_EU27_2020,080132,2022,import,14604623,2364092.00
PL,EXT_EU27_2020,080132,2023,import,14700423,2890287.00
PL,EXT_EU27_2020,080132,2024,import,22698877,4110509.00
PL,EXT_EU27_2020,080132,2025,import,29729788,4754276.00
PL,VN,080132,2020,import,14480003,2461061.00
PL,VN,080132,2021,import,14928766,2633921.00
PL,VN,080132,2022,import,13068977,2108258.00
PL,VN,080132,2023,import,12955319,2535829.00
PL,VN,080132,2024,import,20000564,3586521.00
PL,VN,080132,2025,import,25296590,4049920.00
PL,WORLD,080132,2020,import,52739023,7919603.00
PL,WORLD,080132,2021,import,60732804,9924148.00
PL,WORLD,080132,2022,import,59974300,9230150.00
PL,WORLD,080132,2023,import,58527935,9664940.00
PL,WORLD,080132,2024,import,78262293,13142502.00
PL,WORLD,080132,2025,import,86111848,12981765.00
PT,EXT_EU27_2020,080132,2020,import,3455039,592786.00
PT,EXT_EU27_2020,080132,2021,import,4071221,719142.00
PT,EXT_EU27_2020,080132,2022,import,6532596,1020040.00
PT,EXT_EU27_2020,080132,2023,import,4969386,910379.00
PT,EXT_EU27_2020,080132,2024,import,6094283,1143522.00
PT,EXT_EU27_2020,080132,2025,import,10088053,1578851.00
PT,VN,080132,2020,import,1994421,321150.00
PT,VN,080132,2021,import,2817388,477194.00
PT,VN,080132,2022,import,3898248,574276.00
PT,VN,080132,2023,import,2210464,390416.00
PT,VN,080132,2024,import,1686121,330230.00
PT,VN,080132,2025,import,5026691,775770.00
PT,WORLD,080132,2020,import,10445834,1442916.00
PT,WORLD,080132,2021,import,12552415,1864823.00
PT,WORLD,080132,2022,import,15390900,2180035.00
PT,WORLD,080132,2023,import,15283774,2283974.00
PT,WORLD,080132,2024,import,14754209,2499827.00
PT,WORLD,080132,2025,import,19397406,2832341.00
RO,EXT_EU27_2020,080132,2020,import,1279166,229305.00
RO,EXT_EU27_2020,080132,2021,import,1425094,258382.00
RO,EXT_EU27_2020,080132,2022,import,665216,111209.00
RO,EXT_EU27_2020,080132,2023,import,1000240,210834.00
RO,EXT_EU27_2020,080132,2024,import,1182537,213074.00
RO,EXT_EU27_2020,080132,2025,import,985982,153380.00
RO,VN,080132,2020,import,1271911,228303.00
RO,VN,080132,2021,import,1149844,207678.00
RO,VN,080132,2022,import,652405,109260.00
RO,VN,080132,2023,import,1000131,210831.00
RO,VN,080132,2024,import,1182533,213074.00
RO,VN,080132,2025,import,985658,153373.00
RO,WORLD,080132,2020,import,3896065,540757.00
RO,WORLD,080132,2021,import,5273460,722214.00
RO,WORLD,080132,2022,import,5124701,727640.00
RO,WORLD,080132,2023,import,6731776,986581.00
RO,WORLD,080132,2024,import,8167944,1284302.00
RO,WORLD,080132,2025,import,6632550,955970.00
SE,EXT_EU27_2020,080132,2020,import,11338183,1816471.00
SE,EXT_EU27_2020,080132,2021,import,7383074,1266573.00
SE,EXT_EU27_2020,080132,2022,import,7887878,1223184.00
SE,EXT_EU27_2020,080132,2023,import,6042827,1205500.00
SE,EXT_EU27_2020,080132,2024,import,6555318,1261458.00
SE,EXT_EU27_2020,080132,2025,import,8658142,1332565.00
SE,VN,080132,2020,import,7443062,1239164.00
SE,VN,080132,2021,import,5575498,972338.00
SE,VN,080132,2022,import,6730445,1043414.00
SE,VN,080132,2023,import,5770073,1153922.00
SE,VN,080132,2024,import,6169368,1195102.00
SE,VN,080132,2025,import,8481766,1304470.00
SE,WORLD,080132,2020,import,19333959,2792652.00
SE,WORLD,080132,2021,import,16391556,2491287.00
SE,WORLD,080132,2022,import,15936279,2287253.00
SE,WORLD,080132,2023,import,15214403,2492621.00
SE,WORLD,080132,2024,import,20025194,3055112.00
SE,WORLD,080132,2025,import,19827680,2649924.00
SI,EXT_EU27_2020,080132,2020,import,1143733,190854.00
SI,EXT_EU27_2020,080132,2021,import,1824,473.00
SI,EXT_EU27_2020,080132,2022,import,565451,95167.00
SI,EXT_EU27_2020,080132,2023,import,302940,53298.00
SI,EXT_EU27_2020,080132,2024,import,324255,48432.00
SI,EXT_EU27_2020,080132,2025,import,1004461,133144.00
SI,VN,080132,2020,import,462026,79381.00
SI,VN,080132,2021,import,1654,457.00
SI,VN,080132,2022,import,274298,48116.00
SI,VN,080132,2024,import,114863,16000.00
SI,VN,080132,2025,import,763901,101120.00
SI,WORLD,080132,2020,import,4105606,591964.00
SI,WORLD,080132,2021,import,3414006,497936.00
SI,WORLD,080132,2022,import,4134770,593869.00
SI,WORLD,080132,2023,import,3557007,536057.00
SI,WORLD,080132,2024,import,4134033,615895.00
SI,WORLD,080132,2025,import,5289813,712178.00
SK,EXT_EU27_2020,080132,2020,import,538479,89639.00
SK,EXT_EU27_2020,080132,2021,import,425570,70064.00
SK,EXT_EU27_2020,080132,2022,import,672868,95802.00
SK,EXT_EU27_2020,080132,2023,import,240287,47105.00
SK,EXT_EU27_2020,080132,2024,import,861400,157542.00
SK,EXT_EU27_2020,080132,2025,import,1725402,250777.00
SK,VN,080132,2020,import,449055,73517.00
SK,VN,080132,2021,import,423858,69948.00
SK,VN,080132,2022,import,520869,79834.00
SK,VN,080132,2023,import,182086,35022.00
SK,VN,080132,2024,import,664627,126806.00
SK,VN,080132,2025,import,877470,125356.00
SK,WORLD,080132,2020,import,6649077,972056.00
SK,WORLD,080132,2021,import,10074756,1546873.00
SK,WORLD,080132,2022,import,10141258,1468257.00
SK,WORLD,080132,2023,import,9610666,1502857.00
SK,WORLD,080132,2024,import,14943177,2383951.00
SK,WORLD,080132,2025,import,11659642,1665109.00
AT,EXT_EU27_2020,081060,2020,import,104280,3591.00
AT,EXT_EU27_2020,081060,2021,import,142707,4086.00
AT,EXT_EU27_2020,081060,2022,import,122173,4867.00
AT,EXT_EU27_2020,081060,2023,import,80795,3058.00
AT,EXT_EU27_2020,081060,2024,import,67644,2848.00
AT,EXT_EU27_2020,081060,2025,import,70391,2146.00
AT,WORLD,081060,2020,import,121715,4759.00
AT,WORLD,081060,2021,import,168234,6458.00
AT,WORLD,081060,2022,import,133409,5622.00
AT,WORLD,081060,2023,import,87173,3447.00
AT,WORLD,081060,2024,import,433577,100143.00
AT,WORLD,081060,2025,import,93726,3548.00
BE,EXT_EU27_2020,081060,2023,import,1,4.00
BE,EXT_EU27_2020,081060,2024,import,187,7.00
BE,EXT_EU27_2020,081060,2025,import,24,2.00
BE,WORLD,081060,2020,import,38425,25836.00
BE,WORLD,081060,2021,import,28575,3819.00
BE,WORLD,081060,2022,import,315056,35260.00
BE,WORLD,081060,2023,import,25032,3538.00
BE,WORLD,081060,2024,import,19315,997.00
BE,WORLD,081060,2025,import,23922,1109.00
CZ,EXT_EU27_2020,081060,2020,import,65155,16752.00
CZ,EXT_EU27_2020,081060,2021,import,172963,48157.00
CZ,EXT_EU27_2020,081060,2022,import,264716,41488.00
CZ,EXT_EU27_2020,081060,2023,import,295506,54318.00
CZ,EXT_EU27_2020,081060,2024,import,331266,58419.00
CZ,EXT_EU27_2020,081060,2025,import,331055,54556.00
CZ,VN,081060,2020,import,8719,1772.00
CZ,VN,081060,2021,import,5673,946.00
CZ,VN,081060,2022,import,26016,2558.00
CZ,VN,081060,2023,import,29702,4596.00
CZ,WORLD,081060,2020,import,77651,18099.00
CZ,WORLD,081060,2021,import,180521,48743.00
CZ,WORLD,081060,2022,import,269212,41984.00
CZ,WORLD,081060,2023,import,302321,54778.00
CZ,WORLD,081060,2024,import,396158,63321.00
CZ,WORLD,081060,2025,import,385840,58401.00
DE,EXT_EU27_2020,081060,2020,import,330831,20507.00
DE,EXT_EU27_2020,081060,2021,import,530804,39013.00
DE,EXT_EU27_2020,081060,2022,import,1059432,67247.00
DE,EXT_EU27_2020,081060,2023,import,939062,68520.00
DE,EXT_EU27_2020,081060,2024,import,810129,61798.00
DE,EXT_EU27_2020,081060,2025,import,992806,66442.00
DE,VN,081060,2020,import,3707,423.00
DE,VN,081060,2021,import,75832,9387.00
DE,VN,081060,2022,import,149269,18574.00
DE,VN,081060,2023,import,164374,22080.00
DE,VN,081060,2024,import,26487,3918.00
DE,VN,081060,2025,import,7063,1244.00
DE,WORLD,081060,2020,import,357767,22600.00
DE,WORLD,081060,2021,import,623704,47845.00
DE,WORLD,081060,2022,import,1119906,70884.00
DE,WORLD,081060,2023,import,1113222,76064.00
DE,WORLD,081060,2024,import,1072552,70588.00
DE,WORLD,081060,2025,import,1617655,85286.00
DK,EXT_EU27_2020,081060,2020,import,100227,7791.00
DK,EXT_EU27_2020,081060,2021,import,142222,12400.00
DK,EXT_EU27_2020,081060,2022,import,137253,12471.00
DK,EXT_EU27_2020,081060,2023,import,151733,13496.00
DK,EXT_EU27_2020,081060,2024,import,114926,8629.00
DK,EXT_EU27_2020,081060,2025,import,146842,9616.00
DK,VN,081060,2020,import,101,22.00
DK,VN,081060,2021,import,1,1.00
DK,VN,081060,2022,import,3,1.00
DK,VN,081060,2023,import,1702,260.00
DK,WORLD,081060,2020,import,102011,8564.00
DK,WORLD,081060,2021,import,147014,12516.00
DK,WORLD,081060,2022,import,142932,12887.00
DK,WORLD,081060,2023,import,173242,15067.00
DK,WORLD,081060,2024,import,122428,9177.00
DK,WORLD,081060,2025,import,160890,10645.00
EE,WORLD,081060,2024,import,865,61.00
EE,WORLD,081060,2025,import,6063,751.00
ES,EXT_EU27_2020,081060,2020,import,120134,9454.00
ES,EXT_EU27_2020,081060,2021,import,444175,30088.00
ES,EXT_EU27_2020,081060,2022,import,614291,45375.00
ES,EXT_EU27_2020,081060,2023,import,960490,67807.00
ES,EXT_EU27_2020,081060,2024,import,617921,45250.00
ES,EXT_EU27_2020,081060,2025,import,846102,66084.00
ES,VN,081060,2021,import,10804,1112.00
ES,VN,081060,2022,import,4760,504.00
ES,VN,081060,2023,import,209503,18038.00
ES,VN,081060,2024,import,2591,120.00
ES,VN,081060,2025,import,13112,612.00
ES,WORLD,081060,2020,import,222611,17098.00
ES,WORLD,081060,2021,import,510504,36964.00
ES,WORLD,081060,2022,import,724369,50161.00
ES,WORLD,081060,2023,import,997404,71162.00
ES,WORLD,081060,2024,import,620202,45664.00
ES,WORLD,081060,2025,import,860112,67693.00
EU27_2020,AT,081060,2025,import,20,1.00
EU27_2020,BE,081060,2024,import,31692,6841.00
EU27_2020,BE,081060,2025,import,56569,13418.00
EU27_2020,BG,081060,2024,import,13,1.00
EU27_2020,BG,081060,2025,import,21,
EU27_2020,CN,081060,2024,import,1,1.00
EU27_2020,CN,081060,2025,import,3243,257.00
EU27_2020,CZ,081060,2024,import,114504,6963.00
EU27_2020,CZ,081060,2025,import,371203,11325.00
EU27_2020,DE,081060,2024,import,44054,2750.00
EU27_2020,DE,081060,2025,import,12403,1176.00
EU27_2020,DK,081060,2025,import,1958,106.00
EU27_2020,EE,081060,2024,import,2119,137.00
EU27_2020,ES,081060,2024,import,1549124,333098.00
EU27_2020,ES,081060,2025,import,575476,74253.00
EU27_2020,EXT_EU27_2020,081060,2020,import,2958497,247397.00
EU27_2020,EXT_EU27_2020,081060,2021,import,5945248,503981.00
EU27_2020,EXT_EU27_2020,081060,2022,import,7299880,573168.00
EU27_2020,EXT_EU27_2020,081060,2023,import,6870085,598711.00
EU27_2020,EXT_EU27_2020,081060,2024,import,5998145,513248.00
EU27_2020,EXT_EU27_2020,081060,2025,import,5911275,475148.00
EU27_2020,FR,081060,2024,import,108760,49033.00
EU27_2020,FR,081060,2025,import,293108,76221.00
EU27_2020,GR,081060,2025,import,11,
EU27_2020,HK,081060,2024,import,7,
EU27_2020,HU,081060,2025,import,2204,127.00
EU27_2020,ID,081060,2024,import,102795,10611.00
EU27_2020,ID,081060,2025,import,110527,12756.00
EU27_2020,IE,081060,2025,import,17,1.00
EU27_2020,IN,081060,2025,import,9,3.00
EU27_2020,INT_EU27_2020,081060,2024,import,2703942,520519.00
EU27_2020,INT_EU27_2020,081060,2025,import,1865670,203997.00
EU27_2020,IT,081060,2024,import,368818,97536.00
EU27_2020,IT,081060,2025,import,1804,469.00
EU27_2020,KH,081060,2024,import,541068,52869.00
EU27_2020,KH,081060,2025,import,612700,51088.00
EU27_2020,LA,081060,2024,import,9198,658.00
EU27_2020,LK,081060,2024,import,272,68.00
EU27_2020,LK,081060,2025,import,2296,544.00
EU27_2020,LU,081060,2025,import,66,3.00
EU27_2020,LV,081060,2024,import,605,46.00
EU27_2020,LV,081060,2025,import,1473,82.00
EU27_2020,MY,081060,2024,import,66757,3618.00
EU27_2020,MY,081060,2025,import,187043,10367.00
EU27_2020,NL,081060,2024,import,438951,21372.00
EU27_2020,NL,081060,2025,import,506437,24592.00
EU27_2020,PH,081060,2025,import,6124,500.00
EU27_2020,PL,081060,2025,import,6714,761.00
EU27_2020,PT,081060,2024,import,233,15.00
EU27_2020,PT,081060,2025,import,97,4.00
EU27_2020,RO,081060,2024,import,1,
EU27_2020,RO,081060,2025,import,1,
EU27_2020,SE,081060,2024,import,45068,2727.00
EU27_2020,SE,081060,2025,import,36088,1458.00
EU27_2020,TH,081060,2024,import,4968283,422740.00
EU27_2020,TH,081060,2025,import,4841282,390119.00
EU27_2020,TZ,081060,2024,import,182,22.00
EU27_2020,US,081060,2024,import,151,20.00
EU27_2020,US,081060,2025,import,130,40.00
EU27_2020,VN,081060,2020,import,275630,29694.00
EU27_2020,VN,081060,2021,import,727002,86749.00
EU27_2020,VN,081060,2022,import,1484057,138873.00
EU27_2020,VN,081060,2023,import,1913613,196513.00
EU27_2020,VN,081060,2024,import,309431,22641.00
EU27_2020,VN,081060,2025,import,147921,9474.00
FI,EXT_EU27_2020,081060,2020,import,7355,332.00
FI,EXT_EU27_2020,081060,2021,import,4653,157.00
FI,EXT_EU27_2020,081060,2022,import,3168,110.00
FI,EXT_EU27_2020,081060,2023,import,6025,192.00
FI,EXT_EU27_2020,081060,2024,import,69712,3366.00
FI,EXT_EU27_2020,081060,2025,import,77044,3586.00
FI,WORLD,081060,2020,import,17532,660.00
FI,WORLD,081060,2021,import,12356,452.00
FI,WORLD,081060,2022,import,79429,2742.00
FI,WORLD,081060,2023,import,32316,1212.00
FI,WORLD,081060,2024,import,87711,4124.00
FI,WORLD,081060,2025,import,113078,4983.00
FR,EXT_EU27_2020,081060,2020,import,1334666,113135.00
FR,EXT_EU27_2020,081060,2021,import,2029760,165959.00
FR,EXT_EU27_2020,081060,2022,import,2738208,210069.00
FR,EXT_EU27_2020,081060,2023,import,2252950,193163.00
FR,EXT_EU27_2020,081060,2024,import,2305812,178929.00
FR,EXT_EU27_2020,081060,2025,import,2305590,178747.00
FR,VN,081060,2020,import,70333,7572.00
FR,VN,081060,2021,import,129504,17004.00
FR,VN,081060,2022,import,705762,60998.00
FR,VN,081060,2023,import,680113,76551.00
FR,VN,081060,2024,import,67916,5968.00
FR,VN,081060,2025,import,1854,90.00
FR,WORLD,081060,2020,import,1399840,169972.00
FR,WORLD,081060,2021,import,2051616,173200.00
FR,WORLD,081060,2022,import,2764946,211775.00
FR,WORLD,081060,2023,import,2282208,195070.00
FR,WORLD,081060,2024,import,2336741,180482.00
FR,WORLD,081060,2025,import,2350767,181194.00
GR,WORLD,081060,2020,import,351,60.00
GR,WORLD,081060,2021,import,2682,168.00
GR,WORLD,081060,2022,import,569,34.00
GR,WORLD,081060,2023,import,9610,15452.00
GR,WORLD,081060,2024,import,2238,124.00
GR,WORLD,081060,2025,import,2004,110.00
HR,EXT_EU27_2020,081060,2024,import,1023,80.00
HR,VN,081060,2024,import,1023,80.00
HR,WORLD,081060,2024,import,2643,134.00
HU,EXT_EU27_2020,081060,2020,import,927,578.00
HU,EXT_EU27_2020,081060,2021,import,957,444.00
HU,EXT_EU27_2020,081060,2023,import,1339,96.00
HU,EXT_EU27_2020,081060,2024,import,4192,242.00
HU,EXT_EU27_2020,081060,2025,import,3705,203.00
HU,VN,081060,2020,import,927,578.00
HU,VN,081060,2021,import,102,124.00
HU,WORLD,081060,2020,import,927,578.00
HU,WORLD,081060,2021,import,1110,459.00
HU,WORLD,081060,2023,import,1339,96.00
HU,WORLD,081060,2024,import,42899,2480.00
HU,WORLD,081060,2025,import,14262,822.00
IE,EXT_EU27_2020,081060,2020,import,26782,9933.00
IE,EXT_EU27_2020,081060,2021,import,55211,19474.00
IE,EXT_EU27_2020,081060,2022,import,65576,19445.00
IE,EXT_EU27_2020,081060,2023,import,119360,40497.00
IE,EXT_EU27_2020,081060,2024,import,127189,43016.00
IE,EXT_EU27_2020,081060,2025,import,98667,33333.00
IE,VN,081060,2020,import,5049,1573.00
IE,VN,081060,2021,import,953,350.00
IE,WORLD,081060,2020,import,28822,10621.00
IE,WORLD,081060,2021,import,91472,23978.00
IE,WORLD,081060,2022,import,122994,28236.00
IE,WORLD,081060,2023,import,186051,58074.00
IE,WORLD,081060,2024,import,135697,43478.00
IE,WORLD,081060,2025,import,101441,33766.00
IT,EXT_EU27_2020,081060,2020,import,213412,21148.00
IT,EXT_EU27_2020,081060,2021,import,742517,58313.00
IT,EXT_EU27_2020,081060,2022,import,757694,59055.00
IT,EXT_EU27_2020,081060,2023,import,923323,73116.00
IT,EXT_EU27_2020,081060,2024,import,656558,47079.00
IT,EXT_EU27_2020,081060,2025,import,162110,8287.00
IT,VN,081060,2020,import,131149,13049.00
IT,VN,081060,2021,import,193282,19288.00
IT,VN,081060,2022,import,164794,12419.00
IT,VN,081060,2023,import,569737,49481.00
IT,VN,081060,2024,import,37741,2950.00
IT,WORLD,081060,2020,import,412087,228401.00
IT,WORLD,081060,2021,import,947941,217532.00
IT,WORLD,081060,2022,import,1019111,168239.00
IT,WORLD,081060,2023,import,1342728,104544.00
IT,WORLD,081060,2024,import,867516,149554.00
IT,WORLD,081060,2025,import,571834,107581.00
LT,WORLD,081060,2020,import,36,4.00
LT,WORLD,081060,2021,import,147,11.00
LT,WORLD,081060,2023,import,98,6.00
LT,WORLD,081060,2025,import,43,2.00
LU,EXT_EU27_2020,081060,2021,import,80,3.00
LU,WORLD,081060,2020,import,52432,13441.00
LU,WORLD,081060,2021,import,41980,13117.00
LU,WORLD,081060,2022,import,46792,13811.00
LU,WORLD,081060,2023,import,45894,10239.00
LU,WORLD,081060,2024,import,62144,8546.00
LU,WORLD,081060,2025,import,91525,15313.00
LV,WORLD,081060,2020,import,97,5.00
LV,WORLD,081060,2022,import,49,2.00
LV,WORLD,081060,2023,import,419,23.00
LV,WORLD,081060,2024,import,985,75.00
LV,WORLD,081060,2025,import,1438,89.00
MT,WORLD,081060,2025,import,570,30.00
NL,EXT_EU27_2020,081060,2020,import,610320,40350.00
NL,EXT_EU27_2020,081060,2021,import,1441173,104368.00
NL,EXT_EU27_2020,081060,2022,import,1094929,86959.00
NL,EXT_EU27_2020,081060,2023,import,823195,66204.00
NL,EXT_EU27_2020,081060,2024,import,661889,51093.00
NL,EXT_EU27_2020,081060,2025,import,425233,30860.00
NL,VN,081060,2020,import,55645,4705.00
NL,VN,081060,2021,import,244121,28336.00
NL,VN,081060,2022,import,384633,38138.00
NL,VN,081060,2023,import,250383,24067.00
NL,VN,081060,2024,import,173673,9605.00
NL,VN,081060,2025,import,124316,7363.00
NL,WORLD,081060,2020,import,2422809,241479.00
NL,WORLD,081060,2021,import,1955725,147338.00
NL,WORLD,081060,2022,import,1094929,86959.00
NL,WORLD,081060,2023,import,987108,77060.00
NL,WORLD,081060,2024,import,769746,58028.00
NL,WORLD,081060,2025,import,604513,40445.00
PL,EXT_EU27_2020,081060,2021,import,6799,520.00
PL,WORLD,081060,2020,import,7501,1277.00
PL,WORLD,081060,2021,import,16737,1335.00
PL,WORLD,081060,2022,import,3236,256.00
PL,WORLD,081060,2023,import,32815,2530.00
PL,WORLD,081060,2024,import,1406644,278071.00
PL,WORLD,081060,2025,import,241324,40732.00
PT,EXT_EU27_2020,081060,2025,import,6239,1200.00
PT,WORLD,081060,2020,import,33444,28418.00
PT,WORLD,081060,2021,import,43514,24071.00
PT,WORLD,081060,2022,import,27712,15358.00
PT,WORLD,081060,2023,import,17160,7680.00
PT,WORLD,081060,2024,import,13917,1346.00
PT,WORLD,081060,2025,import,6809,1677.00
RO,EXT_EU27_2020,081060,2022,import,26279,1900.00
RO,EXT_EU27_2020,081060,2024,import,45,13.00
RO,EXT_EU27_2020,081060,2025,import,4301,210.00
RO,WORLD,081060,2021,import,6349,310.00
RO,WORLD,081060,2022,import,29902,2091.00
RO,WORLD,081060,2023,import,6391,341.00
RO,WORLD,081060,2024,import,4770,269.00
RO,WORLD,081060,2025,import,5822,298.00
SE,EXT_EU27_2020,081060,2020,import,44408,3826.00
SE,EXT_EU27_2020,081060,2021,import,231227,20999.00
SE,EXT_EU27_2020,081060,2022,import,416161,24182.00
SE,EXT_EU27_2020,081060,2023,import,316306,18240.00
SE,EXT_EU27_2020,081060,2024,import,229652,12479.00
SE,EXT_EU27_2020,081060,2025,import,441166,19876.00
SE,VN,081060,2021,import,66730,10201.00
SE,VN,081060,2022,import,48820,5681.00
SE,VN,081060,2023,import,8099,1440.00
SE,VN,081060,2025,import,1576,165.00
SE,WORLD,081060,2020,import,61105,17254.00
SE,WORLD,081060,2021,import,266494,27874.00
SE,WORLD,081060,2022,import,416801,24346.00
SE,WORLD,081060,2023,import,317638,18445.00
SE,WORLD,081060,2024,import,229652,12479.00
SE,WORLD,081060,2025,import,449856,20443.00
SI,WORLD,081060,2020,import,8429,72.00
SI,WORLD,081060,2021,import,4165,212.00
SI,WORLD,081060,2022,import,4619,278.00
SI,WORLD,081060,2023,import,9319,91.00
SI,WORLD,081060,2024,import,4004,158.00
SI,WORLD,081060,2025,import,6736,245.00
SK,WORLD,081060,2020,import,8101,591.00
SK,WORLD,081060,2022,import,325,23.00
SK,WORLD,081060,2023,import,312,25.00
SK,WORLD,081060,2024,import,69683,4468.00
SK,WORLD,081060,2025,import,66715,3982.00
AT,EXT_EU27_2020,081090,2020,import,15943848,15069825.00
AT,EXT_EU27_2020,081090,2021,import,18277002,16858514.00
AT,EXT_EU27_2020,081090,2022,import,21941631,17027635.00
AT,EXT_EU27_2020,081090,2023,import,28788683,18459449.00
AT,EXT_EU27_2020,081090,2024,import,36291868,23977804.00
AT,EXT_EU27_2020,081090,2025,import,40568755,22154382.00
AT,VN,081090,2020,import,2366,227.00
AT,VN,081090,2021,import,1212,116.00
AT,WORLD,081090,2020,import,35452204,25697562.00
AT,WORLD,081090,2021,import,36152864,24501386.00
AT,WORLD,081090,2022,import,40967471,24065256.00
AT,WORLD,081090,2023,import,48399198,26861340.00
AT,WORLD,081090,2024,import,59250891,31341678.00
AT,WORLD,081090,2025,import,70389706,32120697.00
BE,EXT_EU27_2020,081090,2020,import,28138181,12935276.00
BE,EXT_EU27_2020,081090,2021,import,18132638,7713259.00
BE,EXT_EU27_2020,081090,2022,import,22773893,9825377.00
BE,EXT_EU27_2020,081090,2023,import,6552610,1777710.00
BE,EXT_EU27_2020,081090,2024,import,19214852,7943283.00
BE,EXT_EU27_2020,081090,2025,import,21009359,9142736.00
BE,VN,081090,2020,import,319207,46171.00
BE,VN,081090,2021,import,246101,32792.00
BE,VN,081090,2022,import,195776,23604.00
BE,VN,081090,2023,import,98376,16262.00
BE,VN,081090,2024,import,288223,44279.00
BE,VN,081090,2025,import,133125,17595.00
BE,WORLD,081090,2020,import,53945725,24725164.00
BE,WORLD,081090,2021,import,44752005,19907152.00
BE,WORLD,081090,2022,import,52949585,22181075.00
BE,WORLD,081090,2023,import,35872463,16079771.00
BE,WORLD,081090,2024,import,53363976,23116927.00
BE,WORLD,081090,2025,import,62005819,26769010.00
BG,EXT_EU27_2020,081090,2020,import,1524286,1981099.00
BG,EXT_EU27_2020,081090,2021,import,3182800,3099287.00
BG,EXT_EU27_2020,081090,2022,import,3519780,3262659.00
BG,EXT_EU27_2020,081090,2023,import,5242626,3731338.00
BG,EXT_EU27_2020,081090,2024,import,5737200,4116043.00
BG,EXT_EU27_2020,081090,2025,import,10940071,6507656.00
BG,VN,081090,2023,import,1237,50.00
BG,WORLD,081090,2020,import,1923514,2296862.00
BG,WORLD,081090,2021,import,3876014,3692003.00
BG,WORLD,081090,2022,import,4647060,4350018.00
BG,WORLD,081090,2023,import,6773947,5650844.00
BG,WORLD,081090,2024,import,7253517,6143792.00
BG,WORLD,081090,2025,import,12998644,8759531.00
CY,EXT_EU27_2020,081090,2020,import,284563,160222.00
CY,EXT_EU27_2020,081090,2021,import,301947,190206.00
CY,EXT_EU27_2020,081090,2022,import,252432,114438.00
CY,EXT_EU27_2020,081090,2023,import,278876,135080.00
CY,EXT_EU27_2020,081090,2024,import,412475,149260.00
CY,EXT_EU27_2020,081090,2025,import,545839,255354.00
CY,VN,081090,2023,import,826,116.00
CY,VN,081090,2024,import,1276,144.00
CY,WORLD,081090,2020,import,631573,277626.00
CY,WORLD,081090,2021,import,1231299,478075.00
CY,WORLD,081090,2022,import,1480427,571841.00
CY,WORLD,081090,2023,import,2330138,638124.00
CY,WORLD,081090,2024,import,2676784,618502.00
CY,WORLD,081090,2025,import,2933509,648854.00
CZ,EXT_EU27_2020,081090,2020,import,1250037,729551.00
CZ,EXT_EU27_2020,081090,2021,import,2383741,896338.00
CZ,EXT_EU27_2020,081090,2022,import,2454857,524385.00
CZ,EXT_EU27_2020,081090,2023,import,2555430,541844.00
CZ,EXT_EU27_2020,081090,2024,import,2478871,565669.00
CZ,EXT_EU27_2020,081090,2025,import,3266672,720218.00
CZ,VN,081090,2020,import,235105,91295.00
CZ,VN,081090,2021,import,606965,155095.00
CZ,VN,081090,2022,import,102100,14280.00
CZ,VN,081090,2023,import,96160,22152.00
CZ,VN,081090,2024,import,1560311,307927.00
CZ,VN,081090,2025,import,2153418,452733.00
CZ,WORLD,081090,2020,import,8281453,3219054.00
CZ,WORLD,081090,2021,import,10843591,3221189.00
CZ,WORLD,081090,2022,import,14164787,4143353.00
CZ,WORLD,081090,2023,import,14129941,4770770.00
CZ,WORLD,081090,2024,import,15627321,5502199.00
CZ,WORLD,081090,2025,import,15856396,5503002.00
DE,EXT_EU27_2020,081090,2020,import,14710680,8352019.00
DE,EXT_EU27_2020,081090,2021,import,13355484,5678941.00
DE,EXT_EU27_2020,081090,2022,import,16038690,4808848.00
DE,EXT_EU27_2020,081090,2023,import,17249033,4584989.00
DE,EXT_EU27_2020,081090,2024,import,19342085,5307547.00
DE,EXT_EU27_2020,081090,2025,import,22653391,5419081.00
DE,VN,081090,2020,import,1040896,162099.00
DE,VN,081090,2021,import,1661124,225018.00
DE,VN,081090,2022,import,1815995,231967.00
DE,VN,081090,2023,import,6037625,1037725.00
DE,VN,081090,2024,import,6576881,1049906.00
DE,VN,081090,2025,import,8655796,1438201.00
DE,WORLD,081090,2020,import,127070318,58340427.00
DE,WORLD,081090,2021,import,127290064,55452360.00
DE,WORLD,081090,2022,import,141373476,53942392.00
DE,WORLD,081090,2023,import,165475754,57645213.00
DE,WORLD,081090,2024,import,177860048,62144483.00
DE,WORLD,081090,2025,import,219508664,71280368.00
DK,EXT_EU27_2020,081090,2020,import,951654,881916.00
DK,EXT_EU27_2020,081090,2021,import,783106,693762.00
DK,EXT_EU27_2020,081090,2022,import,765139,659896.00
DK,EXT_EU27_2020,081090,2023,import,642453,396383.00
DK,EXT_EU27_2020,081090,2024,import,1173146,666760.00
DK,EXT_EU27_2020,081090,2025,import,1496324,680221.00
DK,VN,081090,2020,import,512,154.00
DK,VN,081090,2021,import,6572,2063.00
DK,VN,081090,2022,import,2858,824.00
DK,VN,081090,2023,import,964,249.00
DK,VN,081090,2024,import,6320,1638.00
DK,VN,081090,2025,import,2428,655.00
DK,WORLD,081090,2020,import,7976610,2820833.00
DK,WORLD,081090,2021,import,7846770,2529688.00
DK,WORLD,081090,2022,import,8156342,2703100.00
DK,WORLD,081090,2023,import,8675923,2442583.00
DK,WORLD,081090,2024,import,9914413,2937516.00
DK,WORLD,081090,2025,import,10555660,3206598.00
EE,EXT_EU27_2020,081090,2020,import,33078,35313.00
EE,EXT_EU27_2020,081090,2021,import,35957,38720.00
EE,EXT_EU27_2020,081090,2022,import,23916,38500.00
EE,EXT_EU27_2020,081090,2023,import,7832,22550.00
EE,EXT_EU27_2020,081090,2024,import,13876,17242.00
EE,EXT_EU27_2020,081090,2025,import,2634,4580.00
EE,WORLD,081090,2020,import,2499332,1294019.00
EE,WORLD,081090,2021,import,2648737,1263243.00
EE,WORLD,081090,2022,import,1892478,932581.00
EE,WORLD,081090,2023,import,1776165,649194.00
EE,WORLD,081090,2024,import,1702864,587643.00
EE,WORLD,081090,2025,import,5087991,1105046.00
ES,EXT_EU27_2020,081090,2020,import,6188992,2555472.00
ES,EXT_EU27_2020,081090,2021,import,9504336,3685713.00
ES,EXT_EU27_2020,081090,2022,import,11032164,3678781.00
ES,EXT_EU27_2020,081090,2023,import,16747978,5006922.00
ES,EXT_EU27_2020,081090,2024,import,23677311,5630028.00
ES,EXT_EU27_2020,081090,2025,import,29275721,7530370.00
ES,VN,081090,2020,import,168921,25338.00
ES,VN,081090,2021,import,449049,50129.00
ES,VN,081090,2022,import,680228,80246.00
ES,VN,081090,2023,import,467808,63022.00
ES,VN,081090,2024,import,1135926,149300.00
ES,VN,081090,2025,import,1951347,272933.00
ES,WORLD,081090,2020,import,9643172,3944227.00
ES,WORLD,081090,2021,import,15205423,6047794.00
ES,WORLD,081090,2022,import,16837171,6140165.00
ES,WORLD,081090,2023,import,21446261,6868590.00
ES,WORLD,081090,2024,import,30585404,7972967.00
ES,WORLD,081090,2025,import,37929982,10659053.00
EU27_2020,AE,081090,2024,import,49,2.00
EU27_2020,AE,081090,2025,import,47,3.00
EU27_2020,AF,081090,2024,import,28028,36948.00
EU27_2020,AF,081090,2025,import,5486,1085.00
EU27_2020,AL,081090,2024,import,74784,75196.00
EU27_2020,AL,081090,2025,import,25042,21162.00
EU27_2020,AO,081090,2024,import,412759,112260.00
EU27_2020,AO,081090,2025,import,733284,286851.00
EU27_2020,AR,081090,2024,import,372608,171235.00
EU27_2020,AR,081090,2025,import,870166,482271.00
EU27_2020,AT,081090,2024,import,17446618,12048065.00
EU27_2020,AT,081090,2025,import,22090053,13414996.00
EU27_2020,AU,081090,2024,import,95,1.00
EU27_2020,AU,081090,2025,import,211,11.00
EU27_2020,AZ,081090,2024,import,28809,36700.00
EU27_2020,AZ,081090,2025,import,14281,22253.00
EU27_2020,BD,081090,2024,import,552450,132996.00
EU27_2020,BD,081090,2025,import,980661,245060.00
EU27_2020,BE,081090,2024,import,15627946,5247433.00
EU27_2020,BE,081090,2025,import,22574208,7203605.00
EU27_2020,BF,081090,2024,import,86911,86096.00
EU27_2020,BF,081090,2025,import,94517,85351.00
EU27_2020,BG,081090,2024,import,4568540,2714297.00
EU27_2020,BG,081090,2025,import,5153454,2700447.00
EU27_2020,BI,081090,2024,import,744,293.00
EU27_2020,BI,081090,2025,import,3488,975.00
EU27_2020,BJ,081090,2024,import,8619,1338.00
EU27_2020,BJ,081090,2025,import,2812,618.00
EU27_2020,BR,081090,2024,import,2116561,425676.00
EU27_2020,BR,081090,2025,import,3565332,750823.00
EU27_2020,CA,081090,2024,import,116,15.00
EU27_2020,CA,081090,2025,import,19209,2047.00
EU27_2020,CD,081090,2024,import,12890,5062.00
EU27_2020,CD,081090,2025,import,32557,21722.00
EU27_2020,CG,081090,2024,import,511604,368046.00
EU27_2020,CG,081090,2025,import,702538,513446.00
EU27_2020,CH,081090,2024,import,177838,51886.00
EU27_2020,CH,081090,2025,import,48151,13392.00
EU27_2020,CI,081090,2024,import,121297,93723.00
EU27_2020,CI,081090,2025,import,93742,110628.00
EU27_2020,CL,081090,2024,import,426203,87027.00
EU27_2020,CL,081090,2025,import,112821,26544.00
EU27_2020,CM,081090,2024,import,1095941,763559.00
EU27_2020,CM,081090,2025,import,3398606,1275461.00
EU27_2020,CN,081090,2024,import,1513361,211368.00
EU27_2020,CN,081090,2025,import,1663371,208617.00
EU27_2020,CO,081090,2024,import,102846213,19630968.00
EU27_2020,CO,081090,2025,import,94283110,17084360.00
EU27_2020,CR,081090,2024,import,4470,1299.00
EU27_2020,CR,081090,2025,import,332155,428080.00
EU27_2020,CY,081090,2024,import,4189,986.00
EU27_2020,CY,081090,2025,import,23522,4316.00
EU27_2020,CZ,081090,2024,import,2166491,1133733.00
EU27_2020,CZ,081090,2025,import,2918319,1592575.00
EU27_2020,DE,081090,2024,import,51578804,17900419.00
EU27_2020,DE,081090,2025,import,53211010,17362488.00
EU27_2020,DK,081090,2024,import,5733523,2139493.00
EU27_2020,DK,081090,2025,import,7200307,2520361.00
EU27_2020,DO,081090,2024,import,681381,272439.00
EU27_2020,DO,081090,2025,import,864922,363465.00
EU27_2020,DZ,081090,2024,import,706,803.00
EU27_2020,DZ,081090,2025,import,22250,52226.00
EU27_2020,EC,081090,2024,import,21224382,3866831.00
EU27_2020,EC,081090,2025,import,32815939,6314748.00
EU27_2020,EE,081090,2024,import,146389,68651.00
EU27_2020,EE,081090,2025,import,28421,12982.00
EU27_2020,EG,081090,2024,import,7235934,3229457.00
EU27_2020,EG,081090,2025,import,7999936,3365059.00
EU27_2020,ES,081090,2024,import,159807997,89358034.00
EU27_2020,ES,081090,2025,import,163667149,85631055.00
EU27_2020,EXT_EU27_2020,081090,2020,import,330161083,144311463.00
EU27_2020,EXT_EU27_2020,081090,2021,import,331928218,136763148.00
EU27_2020,EXT_EU27_2020,081090,2022,import,364127983,140620660.00
EU27_2020,EXT_EU27_2020,081090,2023,import,355340378,130264017.00
EU27_2020,EXT_EU27_2020,081090,2024,import,397604842,135311571.00
EU27_2020,EXT_EU27_2020,081090,2025,import,462423584,147699010.00
EU27_2020,FI,081090,2024,import,18039,2099.00
EU27_2020,FI,081090,2025,import,43198,11142.00
EU27_2020,FR,081090,2024,import,32487542,9268140.00
EU27_2020,FR,081090,2025,import,38489496,10895504.00
EU27_2020,GB,081090,2024,import,202276,41936.00
EU27_2020,GB,081090,2025,import,229969,50363.00
EU27_2020,GH,081090,2024,import,16072988,3182298.00
EU27_2020,GH,081090,2025,import,20575661,3328619.00
EU27_2020,GN,081090,2024,import,1753,1225.00
EU27_2020,GN,081090,2025,import,1264,830.00
EU27_2020,GR,081090,2024,import,3446685,1845123.00
EU27_2020,GR,081090,2025,import,5092998,2314037.00
EU27_2020,GT,081090,2024,import,331837,44649.00
EU27_2020,GT,081090,2025,import,597655,88727.00
EU27_2020,HN,081090,2024,import,56057,6528.00
EU27_2020,HN,081090,2025,import,20797,4207.00
EU27_2020,HR,081090,2024,import,715300,495729.00
EU27_2020,HR,081090,2025,import,1467843,920134.00
EU27_2020,HT,081090,2025,import,236,34.00
EU27_2020,HU,081090,2024,import,3475237,2194929.00
EU27_2020,HU,081090,2025,import,5663152,3678771.00
EU27_2020,ID,081090,2024,import,876000,143442.00
EU27_2020,ID,081090,2025,import,1451558,234818.00
EU27_2020,IE,081090,2024,import,137920,43177.00
EU27_2020,IE,081090,2025,import,45992,14484.00
EU27_2020,IL,081090,2024,import,6546335,2234986.00
EU27_2020,IL,081090,2025,import,5933080,1800603.00
EU27_2020,IN,081090,2024,import,9819633,1998984.00
EU27_2020,IN,081090,2025,import,12547452,2267208.00
EU27_2020,INT_EU27_2020,081090,2024,import,532219599,218768242.00
EU27_2020,INT_EU27_2020,081090,2025,import,608872141,235518549.00
EU27_2020,IR,081090,2024,import,38117,27001.00
EU27_2020,IR,081090,2025,import,103972,83522.00
EU27_2020,IT,081090,2024,import,21485904,11315213.00
EU27_2020,IT,081090,2025,import,22068368,11024406.00
EU27_2020,JM,081090,2024,import,246,33.00
EU27_2020,JO,081090,2024,import,2628,557.00
EU27_2020,JO,081090,2025,import,1123,381.00
EU27_2020,JP,081090,2024,import,1475,277.00
EU27_2020,JP,081090,2025,import,4075,368.00
EU27_2020,KE,081090,2024,import,107843,27104.00
EU27_2020,KE,081090,2025,import,342346,66985.00
EU27_2020,KG,081090,2024,import,1290,250.00
EU27_2020,KH,081090,2024,import,126251,30331.00
EU27_2020,KH,081090,2025,import,538634,186932.00
EU27_2020,KR,081090,2024,import,4567,865.00
EU27_2020,KR,081090,2025,import,25,5.00
EU27_2020,LA,081090,2024,import,27591,3621.00
EU27_2020,LB,081090,2024,import,234810,54840.00
EU27_2020,LB,081090,2025,import,257278,78306.00
EU27_2020,LK,081090,2024,import,456094,125193.00
EU27_2020,LK,081090,2025,import,612618,168743.00
EU27_2020,LT,081090,2024,import,589231,230435.00
EU27_2020,LT,081090,2025,import,1204881,322974.00
EU27_2020,LU,081090,2024,import,35505,10143.00
EU27_2020,LU,081090,2025,import,67685,18568.00
EU27_2020,LV,081090,2024,import,1686267,715610.00
EU27_2020,LV,081090,2025,import,2585603,883217.00
EU27_2020,MA,081090,2024,import,4190942,4452810.00
EU27_2020,MA,081090,2025,import,6713965,7531739.00
EU27_2020,MD,081090,2024,import,24525,20000.00
EU27_2020,MD,081090,2025,import,49604,40000.00
EU27_2020,MG,081090,2024,import,29678368,13350691.00
EU27_2020,MG,081090,2025,import,27184421,14889414.00
EU27_2020,MK,081090,2024,import,26,1.00
EU27_2020,ML,081090,2024,import,17809,13067.00
EU27_2020,ML,081090,2025,import,13484,8358.00
EU27_2020,MT,081090,2024,import,57080,15492.00
EU27_2020,MT,081090,2025,import,921,164.00
EU27_2020,MU,081090,2024,import,1378484,163477.00
EU27_2020,MU,081090,2025,import,2261596,324111.00
EU27_2020,MX,081090,2024,import,2645231,840155.00
EU27_2020,MX,081090,2025,import,2337727,780937.00
EU27_2020,MY,081090,2024,import,5179983,714358.00
EU27_2020,MY,081090,2025,import,5730787,793408.00
EU27_2020,MZ,081090,2024,import,1603823,321476.00
EU27_2020,MZ,081090,2025,import,1570640,434478.00
EU27_2020,NC,081090,2024,import,928,38.00
EU27_2020,NG,081090,2024,import,5969,3402.00
EU27_2020,NG,081090,2025,import,10694,7644.00
EU27_2020,NL,081090,2024,import,197355603,54473122.00
EU27_2020,NL,081090,2025,import,245018988,68950746.00
EU27_2020,NO,081090,2024,import,5,2.00
EU27_2020,NP,081090,2025,import,159,115.00
EU27_2020,NZ,081090,2024,import,12340,2406.00
EU27_2020,OM,081090,2024,import,5,1.00
EU27_2020,PA,081090,2024,import,93,28.00
EU27_2020,PA,081090,2025,import,232,46.00
EU27_2020,PE,081090,2024,import,45556302,17044767.00
EU27_2020,PE,081090,2025,import,68113782,22732671.00
EU27_2020,PF,081090,2024,import,36,
EU27_2020,PF,081090,2025,import,50210,11003.00
EU27_2020,PH,081090,2024,import,485,137.00
EU27_2020,PH,081090,2025,import,516,136.00
EU27_2020,PK,081090,2024,import,43642,12499.00
EU27_2020,PK,081090,2025,import,50573,12290.00
EU27_2020,PL,081090,2024,import,7396414,5907533.00
EU27_2020,PL,081090,2025,import,5766971,4432588.00
EU27_2020,PT,081090,2024,import,876000,354663.00
EU27_2020,PT,081090,2025,import,1132915,621321.00
EU27_2020,QV,081090,2024,import,915619,172449.00
EU27_2020,QV,081090,2025,import,580196,128586.00
EU27_2020,QW,081090,2024,import,64,2.00
EU27_2020,QW,081090,2025,import,225,54.00
EU27_2020,RO,081090,2024,import,213168,60215.00
EU27_2020,RO,081090,2025,import,504128,143591.00
EU27_2020,RU,081090,2025,import,27674,3348.00
EU27_2020,RW,081090,2024,import,22834,3290.00
EU27_2020,RW,081090,2025,import,62545,13282.00
EU27_2020,SA,081090,2024,import,8,2.00
EU27_2020,SE,081090,2024,import,3548806,886865.00
EU27_2020,SE,081090,2025,import,1313516,419911.00
EU27_2020,SG,081090,2024,import,96,1.00
EU27_2020,SG,081090,2025,import,19,1.00
EU27_2020,SI,081090,2024,import,452025,130261.00
EU27_2020,SI,081090,2025,import,454245,237271.00
EU27_2020,SK,081090,2024,import,246757,35933.00
EU27_2020,SK,081090,2025,import,504602,58309.00
EU27_2020,SN,081090,2024,import,13977,7726.00
EU27_2020,SN,081090,2025,import,21126,13796.00
EU27_2020,SR,081090,2024,import,7548,1781.00
EU27_2020,SR,081090,2025,import,8702,1756.00
EU27_2020,ST,081090,2024,import,427,24.00
EU27_2020,SY,081090,2024,import,170090,188745.00
EU27_2020,SY,081090,2025,import,320645,308026.00
EU27_2020,TG,081090,2024,import,2590,1398.00
EU27_2020,TG,081090,2025,import,6087,6391.00
EU27_2020,TH,081090,2024,import,10912952,2540761.00
EU27_2020,TH,081090,2025,import,9468862,2006746.00
EU27_2020,TN,081090,2024,import,253848,203451.00
EU27_2020,TN,081090,2025,import,335802,279706.00
EU27_2020,TR,081090,2024,import,69286402,47711265.00
EU27_2020,TR,081090,2025,import,75434499,44122272.00
EU27_2020,TW,081090,2024,import,50,4.00
EU27_2020,TZ,081090,2024,import,250,24.00
EU27_2020,TZ,081090,2025,import,2432,303.00
EU27_2020,UA,081090,2024,import,100353,42345.00
EU27_2020,UA,081090,2025,import,39931,22357.00
EU27_2020,UG,081090,2024,import,110020,26360.00
EU27_2020,UG,081090,2025,import,104888,19866.00
EU27_2020,US,081090,2024,import,922,55.00
EU27_2020,US,081090,2025,import,17561,2750.00
EU27_2020,UZ,081090,2024,import,52821,35460.00
EU27_2020,UZ,081090,2025,import,348968,214333.00
EU27_2020,VE,081090,2025,import,2820,415.00
EU27_2020,VN,081090,2020,import,27772090,4740872.00
EU27_2020,VN,081090,2021,import,34795369,4962424.00
EU27_2020,VN,081090,2022,import,28887921,3280943.00
EU27_2020,VN,081090,2023,import,28327388,4659421.00
EU27_2020,VN,081090,2024,import,37849265,5980081.00
EU27_2020,VN,081090,2025,import,51282398,8691224.00
EU27_2020,XS,081090,2024,import,176371,144737.00
EU27_2020,XS,081090,2025,import,4975,1962.00
EU27_2020,YE,081090,2024,import,2924,200.00
EU27_2020,ZA,081090,2024,import,11750912,3397271.00
EU27_2020,ZA,081090,2025,import,15937797,3760338.00
EU27_2020,ZM,081090,2024,import,1269675,269517.00
EU27_2020,ZM,081090,2025,import,1693365,326614.00
EU27_2020,ZW,081090,2024,import,838903,232412.00
EU27_2020,ZW,081090,2025,import,1311496,300211.00
FI,EXT_EU27_2020,081090,2020,import,211525,29180.00
FI,EXT_EU27_2020,081090,2021,import,7350,1246.00
FI,EXT_EU27_2020,081090,2022,import,606,491.00
FI,EXT_EU27_2020,081090,2023,import,12952,2995.00
FI,EXT_EU27_2020,081090,2024,import,34867,21427.00
FI,EXT_EU27_2020,081090,2025,import,125393,63314.00
FI,WORLD,081090,2020,import,4225034,1472925.00
FI,WORLD,081090,2021,import,6246165,2687035.00
FI,WORLD,081090,2022,import,5937857,3195762.00
FI,WORLD,081090,2023,import,4449256,2428553.00
FI,WORLD,081090,2024,import,5243339,1529577.00
FI,WORLD,081090,2025,import,4554389,1257638.00
FR,EXT_EU27_2020,081090,2020,import,41887015,12507226.00
FR,EXT_EU27_2020,081090,2021,import,58853331,18319693.00
FR,EXT_EU27_2020,081090,2022,import,56625049,14518245.00
FR,EXT_EU27_2020,081090,2023,import,69499387,25130596.00
FR,EXT_EU27_2020,081090,2024,import,63324198,19242157.00
FR,EXT_EU27_2020,081090,2025,import,82565623,25966913.00
FR,VN,081090,2020,import,18126286,2771459.00
FR,VN,081090,2021,import,22351421,2914004.00
FR,VN,081090,2022,import,20369693,2152264.00
FR,VN,081090,2023,import,16914767,2605329.00
FR,VN,081090,2024,import,23096995,3451504.00
FR,VN,081090,2025,import,32177650,5137577.00
FR,WORLD,081090,2020,import,83035869,35745463.00
FR,WORLD,081090,2021,import,100501875,43136352.00
FR,WORLD,081090,2022,import,104172236,38888643.00
FR,WORLD,081090,2023,import,115064164,46536736.00
FR,WORLD,081090,2024,import,118694487,43294591.00
FR,WORLD,081090,2025,import,141353126,51751527.00
GR,EXT_EU27_2020,081090,2020,import,288928,208626.00
GR,EXT_EU27_2020,081090,2021,import,458033,593356.00
GR,EXT_EU27_2020,081090,2022,import,582578,596650.00
GR,EXT_EU27_2020,081090,2023,import,401667,313631.00
GR,EXT_EU27_2020,081090,2024,import,471624,390883.00
GR,EXT_EU27_2020,081090,2025,import,1137029,960501.00
GR,WORLD,081090,2020,import,2712236,1434060.00
GR,WORLD,081090,2021,import,6036662,3043092.00
GR,WORLD,081090,2022,import,3772479,1855261.00
GR,WORLD,081090,2023,import,3990990,1324506.00
GR,WORLD,081090,2024,import,4542049,1380798.00
GR,WORLD,081090,2025,import,6196963,2126019.00
HR,EXT_EU27_2020,081090,2020,import,1166598,1324095.00
HR,EXT_EU27_2020,081090,2021,import,2233050,2306840.00
HR,EXT_EU27_2020,081090,2022,import,1772433,1631450.00
HR,EXT_EU27_2020,081090,2023,import,2079706,1614024.00
HR,EXT_EU27_2020,081090,2024,import,2308343,1873500.00
HR,EXT_EU27_2020,081090,2025,import,2502102,1716710.00
HR,WORLD,081090,2020,import,1582990,1555563.00
HR,WORLD,081090,2021,import,2738256,2622153.00
HR,WORLD,081090,2022,import,2754288,2308140.00
HR,WORLD,081090,2023,import,2781404,1854304.00
HR,WORLD,081090,2024,import,3253871,2253758.00
HR,WORLD,081090,2025,import,4174851,2310408.00
HU,EXT_EU27_2020,081090,2020,import,1201600,1278096.00
HU,EXT_EU27_2020,081090,2021,import,1920747,1794976.00
HU,EXT_EU27_2020,081090,2022,import,2352671,2008594.00
HU,EXT_EU27_2020,081090,2023,import,2333851,1534110.00
HU,EXT_EU27_2020,081090,2024,import,2548352,1804131.00
HU,EXT_EU27_2020,081090,2025,import,1750454,1007632.00
HU,VN,081090,2024,import,5123,635.00
HU,WORLD,081090,2020,import,3998829,3816622.00
HU,WORLD,081090,2021,import,5128310,4112593.00
HU,WORLD,081090,2022,import,5168027,3950770.00
HU,WORLD,081090,2023,import,6490748,3812012.00
HU,WORLD,081090,2024,import,6872707,3952652.00
HU,WORLD,081090,2025,import,8490213,3057228.00
IE,EXT_EU27_2020,081090,2020,import,31471249,13517041.00
IE,EXT_EU27_2020,081090,2021,import,1570662,411339.00
IE,EXT_EU27_2020,081090,2022,import,2911070,741505.00
IE,EXT_EU27_2020,081090,2023,import,1967987,391273.00
IE,EXT_EU27_2020,081090,2024,import,1576358,339028.00
IE,EXT_EU27_2020,081090,2025,import,1866983,315613.00
IE,VN,081090,2020,import,11687,3310.00
IE,VN,081090,2021,import,25927,5885.00
IE,VN,081090,2022,import,4,
IE,VN,081090,2023,import,21,1.00
IE,VN,081090,2024,import,3844,486.00
IE,VN,081090,2025,import,9430,1400.00
IE,WORLD,081090,2020,import,36223978,16092678.00
IE,WORLD,081090,2021,import,5862859,2830649.00
IE,WORLD,081090,2022,import,6436325,1955981.00
IE,WORLD,081090,2023,import,5379397,1393072.00
IE,WORLD,081090,2024,import,7731169,1959619.00
IE,WORLD,081090,2025,import,7428077,1986071.00
IT,EXT_EU27_2020,081090,2020,import,5744301,5345262.00
IT,EXT_EU27_2020,081090,2021,import,6844433,3336474.00
IT,EXT_EU27_2020,081090,2022,import,5669278,2051890.00
IT,EXT_EU27_2020,081090,2023,import,6404569,2735461.00
IT,EXT_EU27_2020,081090,2024,import,5150102,2329136.00
IT,EXT_EU27_2020,081090,2025,import,6874758,3106058.00
IT,VN,081090,2020,import,466150,69309.00
IT,VN,081090,2021,import,1182583,149280.00
IT,VN,081090,2022,import,373589,36097.00
IT,VN,081090,2023,import,107427,12682.00
IT,VN,081090,2024,import,88496,11950.00
IT,VN,081090,2025,import,123889,20025.00
IT,WORLD,081090,2020,import,50199712,38220461.00
IT,WORLD,081090,2021,import,61102271,40602171.00
IT,WORLD,081090,2022,import,52210989,28306651.00
IT,WORLD,081090,2023,import,46537057,23703210.00
IT,WORLD,081090,2024,import,55747332,30404092.00
IT,WORLD,081090,2025,import,63228189,32207293.00
LT,EXT_EU27_2020,081090,2020,import,445104,607981.00
LT,EXT_EU27_2020,081090,2021,import,493035,536045.00
LT,EXT_EU27_2020,081090,2022,import,419575,354762.00
LT,EXT_EU27_2020,081090,2023,import,421090,315620.00
LT,EXT_EU27_2020,081090,2024,import,468161,335850.00
LT,EXT_EU27_2020,081090,2025,import,256532,131197.00
LT,VN,081090,2023,import,4074,500.00
LT,WORLD,081090,2020,import,4527114,3142479.00
LT,WORLD,081090,2021,import,5138298,3102517.00
LT,WORLD,081090,2022,import,5356469,2837811.00
LT,WORLD,081090,2023,import,6642226,2895931.00
LT,WORLD,081090,2024,import,6421324,2468155.00
LT,WORLD,081090,2025,import,7717473,2259529.00
LU,EXT_EU27_2020,081090,2020,import,113353,78715.00
LU,EXT_EU27_2020,081090,2021,import,68452,7610.00
LU,EXT_EU27_2020,081090,2022,import,30779,2791.00
LU,EXT_EU27_2020,081090,2023,import,32930,5878.00
LU,EXT_EU27_2020,081090,2024,import,29120,4201.00
LU,EXT_EU27_2020,081090,2025,import,114,253.00
LU,VN,081090,2021,import,68452,7610.00
LU,VN,081090,2022,import,23075,2500.00
LU,VN,081090,2023,import,32855,5872.00
LU,VN,081090,2024,import,28950,4001.00
LU,WORLD,081090,2020,import,2831800,822300.00
LU,WORLD,081090,2021,import,2864360,718419.00
LU,WORLD,081090,2022,import,2806436,572057.00
LU,WORLD,081090,2023,import,3668728,796449.00
LU,WORLD,081090,2024,import,4925414,1337207.00
LU,WORLD,081090,2025,import,3592565,837028.00
LV,EXT_EU27_2020,081090,2020,import,1592716,1844283.00
LV,EXT_EU27_2020,081090,2021,import,1264964,1358347.00
LV,EXT_EU27_2020,081090,2022,import,1355204,1368281.00
LV,EXT_EU27_2020,081090,2023,import,1488896,1255045.00
LV,EXT_EU27_2020,081090,2024,import,1811609,1530527.00
LV,EXT_EU27_2020,081090,2025,import,1526848,991554.00
LV,WORLD,081090,2020,import,3994931,2908135.00
LV,WORLD,081090,2021,import,4354554,2800882.00
LV,WORLD,081090,2022,import,4078929,2497001.00
LV,WORLD,081090,2023,import,4920434,2494181.00
LV,WORLD,081090,2024,import,4867626,2510280.00
LV,WORLD,081090,2025,import,5336506,2133914.00
MT,EXT_EU27_2020,081090,2020,import,63,8.00
MT,EXT_EU27_2020,081090,2021,import,117,1.00
MT,EXT_EU27_2020,081090,2022,import,480,80.00
MT,EXT_EU27_2020,081090,2023,import,8203,2174.00
MT,EXT_EU27_2020,081090,2024,import,6775,1397.00
MT,EXT_EU27_2020,081090,2025,import,5803,1426.00
MT,WORLD,081090,2020,import,257183,140711.00
MT,WORLD,081090,2021,import,235638,104054.00
MT,WORLD,081090,2022,import,309469,127398.00
MT,WORLD,081090,2023,import,410015,158524.00
MT,WORLD,081090,2024,import,573692,181708.00
MT,WORLD,081090,2025,import,626109,167084.00
NL,EXT_EU27_2020,081090,2020,import,165131036,54517237.00
NL,EXT_EU27_2020,081090,2021,import,179399050,58959995.00
NL,EXT_EU27_2020,081090,2022,import,199802083,67905887.00
NL,EXT_EU27_2020,081090,2023,import,179828071,54351651.00
NL,EXT_EU27_2020,081090,2024,import,196950140,49549746.00
NL,EXT_EU27_2020,081090,2025,import,220658966,53244776.00
NL,VN,081090,2020,import,7396957,1571203.00
NL,VN,081090,2021,import,8193788,1419722.00
NL,VN,081090,2022,import,5313153,733250.00
NL,VN,081090,2023,import,4557581,894550.00
NL,VN,081090,2024,import,5051756,957883.00
NL,VN,081090,2025,import,6031445,1342139.00
NL,WORLD,081090,2020,import,249382270,86183770.00
NL,WORLD,081090,2021,import,296760538,106083755.00
NL,WORLD,081090,2022,import,321013653,135466987.00
NL,WORLD,081090,2023,import,245968522,89658945.00
NL,WORLD,081090,2024,import,264926747,83603630.00
NL,WORLD,081090,2025,import,284709340,85326014.00
PL,EXT_EU27_2020,081090,2020,import,1686288,1754476.00
PL,EXT_EU27_2020,081090,2021,import,1656473,1675376.00
PL,EXT_EU27_2020,081090,2022,import,2330033,1913304.00
PL,EXT_EU27_2020,081090,2023,import,2771426,1958888.00
PL,EXT_EU27_2020,081090,2024,import,3601319,2561902.00
PL,EXT_EU27_2020,081090,2025,import,2882443,1742545.00
PL,VN,081090,2022,import,265,12.00
PL,VN,081090,2024,import,21,1.00
PL,WORLD,081090,2020,import,16130102,8293913.00
PL,WORLD,081090,2021,import,16976747,7743421.00
PL,WORLD,081090,2022,import,16023672,7394302.00
PL,WORLD,081090,2023,import,18338017,7783134.00
PL,WORLD,081090,2024,import,20033571,7703479.00
PL,WORLD,081090,2025,import,24102497,8385244.00
PT,EXT_EU27_2020,081090,2020,import,412235,201870.00
PT,EXT_EU27_2020,081090,2021,import,820977,278108.00
PT,EXT_EU27_2020,081090,2022,import,1082062,254662.00
PT,EXT_EU27_2020,081090,2023,import,700077,209314.00
PT,EXT_EU27_2020,081090,2024,import,612930,184750.00
PT,EXT_EU27_2020,081090,2025,import,992304,385326.00
PT,VN,081090,2023,import,6849,298.00
PT,VN,081090,2024,import,5143,427.00
PT,WORLD,081090,2020,import,12667064,7901042.00
PT,WORLD,081090,2021,import,16698956,9374628.00
PT,WORLD,081090,2022,import,18507896,8922462.00
PT,WORLD,081090,2023,import,24440829,11805550.00
PT,WORLD,081090,2024,import,29405259,12566427.00
PT,WORLD,081090,2025,import,25186997,9372473.00
RO,EXT_EU27_2020,081090,2020,import,3112601,3439625.00
RO,EXT_EU27_2020,081090,2021,import,4325302,4240373.00
RO,EXT_EU27_2020,081090,2022,import,4373653,3899962.00
RO,EXT_EU27_2020,081090,2023,import,3624356,2782900.00
RO,EXT_EU27_2020,081090,2024,import,4243905,3298103.00
RO,EXT_EU27_2020,081090,2025,import,3738466,2714072.00
RO,WORLD,081090,2020,import,7157377,5556301.00
RO,WORLD,081090,2021,import,8535043,6940800.00
RO,WORLD,081090,2022,import,9184428,6395081.00
RO,WORLD,081090,2023,import,9604280,5444780.00
RO,WORLD,081090,2024,import,11351395,5572742.00
RO,WORLD,081090,2025,import,17017222,7324820.00
SE,EXT_EU27_2020,081090,2020,import,4357919,3162205.00
SE,EXT_EU27_2020,081090,2021,import,4623367,2818956.00
SE,EXT_EU27_2020,081090,2022,import,4585243,2589837.00
SE,EXT_EU27_2020,081090,2023,import,4919977,2511173.00
SE,EXT_EU27_2020,081090,2024,import,5070021,2963136.00
SE,EXT_EU27_2020,081090,2025,import,4066203,2173255.00
SE,VN,081090,2020,import,4003,307.00
SE,VN,081090,2021,import,2175,710.00
SE,VN,081090,2022,import,11185,5899.00
SE,VN,081090,2023,import,818,613.00
SE,VN,081090,2025,import,43870,7966.00
SE,WORLD,081090,2020,import,18379705,10645059.00
SE,WORLD,081090,2021,import,17599880,9523715.00
SE,WORLD,081090,2022,import,18071138,9770254.00
SE,WORLD,081090,2023,import,15514663,7205065.00
SE,WORLD,081090,2024,import,19939749,8768163.00
SE,WORLD,081090,2025,import,22491185,8385549.00
SI,EXT_EU27_2020,081090,2020,import,2303170,1787270.00
SI,EXT_EU27_2020,081090,2021,import,1414689,1252772.00
SI,EXT_EU27_2020,081090,2022,import,1413549,827769.00
SI,EXT_EU27_2020,081090,2023,import,741547,463701.00
SI,EXT_EU27_2020,081090,2024,import,1002319,468526.00
SI,EXT_EU27_2020,081090,2025,import,1657659,729882.00
SI,WORLD,081090,2020,import,3194807,2357173.00
SI,WORLD,081090,2021,import,2551877,1785135.00
SI,WORLD,081090,2022,import,2833780,1352464.00
SI,WORLD,081090,2023,import,2323165,1337983.00
SI,WORLD,081090,2024,import,2558443,1307872.00
SI,WORLD,081090,2025,import,3412658,1622855.00
SK,EXT_EU27_2020,081090,2020,import,10063,7574.00
SK,EXT_EU27_2020,081090,2021,import,17175,16901.00
SK,EXT_EU27_2020,081090,2022,import,19135,13981.00
SK,EXT_EU27_2020,081090,2023,import,38165,29318.00
SK,EXT_EU27_2020,081090,2024,import,53015,39535.00
SK,EXT_EU27_2020,081090,2025,import,57138,33385.00
SK,WORLD,081090,2020,import,3385274,1598989.00
SK,WORLD,081090,2021,import,3888246,2879555.00
SK,WORLD,081090,2022,import,5609397,3224018.00
SK,WORLD,081090,2023,import,5521438,3888617.00
SK,WORLD,081090,2024,import,4501049,2919356.00
SK,WORLD,081090,2025,import,4410994,2654706.00
AT,EXT_EU27_2020,090111,2020,import,12006252,5765212.00
AT,EXT_EU27_2020,090111,2021,import,13468440,5807782.00
AT,EXT_EU27_2020,090111,2022,import,24102962,6558030.00
AT,EXT_EU27_2020,090111,2023,import,19732526,6145139.00
AT,EXT_EU27_2020,090111,2024,import,25560279,6396251.00
AT,EXT_EU27_2020,090111,2025,import,25222073,4311685.00
AT,VN,090111,2020,import,3526043,2203692.00
AT,VN,090111,2021,import,4042715,2201881.00
AT,VN,090111,2022,import,7933209,3066008.00
AT,VN,090111,2023,import,6883311,3020952.00
AT,VN,090111,2024,import,7330897,2170842.00
AT,VN,090111,2025,import,9981003,1953016.00
AT,WORLD,090111,2020,import,36672221,14832773.00
AT,WORLD,090111,2021,import,32001692,12622778.00
AT,WORLD,090111,2022,import,48992136,14042498.00
AT,WORLD,090111,2023,import,46461220,12904030.00
AT,WORLD,090111,2024,import,52000200,12287652.00
AT,WORLD,090111,2025,import,67938720,11031556.00
BE,EXT_EU27_2020,090111,2020,import,658065374,306720086.00
BE,EXT_EU27_2020,090111,2021,import,839444728,336600712.00
BE,EXT_EU27_2020,090111,2022,import,1490400660,378366961.00
BE,EXT_EU27_2020,090111,2023,import,1007361850,279151002.00
BE,EXT_EU27_2020,090111,2024,import,1156369530,268611885.00
BE,EXT_EU27_2020,090111,2025,import,1586904089,267907813.00
BE,VN,090111,2020,import,94472564,61008581.00
BE,VN,090111,2021,import,75537017,46235675.00
BE,VN,090111,2022,import,166025366,67619319.00
BE,VN,090111,2023,import,138528603,58564708.00
BE,VN,090111,2024,import,92144625,26583605.00
BE,VN,090111,2025,import,120000015,25067699.00
BE,WORLD,090111,2020,import,668298100,313250224.00
BE,WORLD,090111,2021,import,853081182,341788125.00
BE,WORLD,090111,2022,import,1522651400,386906442.00
BE,WORLD,090111,2023,import,1056888075,294850271.00
BE,WORLD,090111,2024,import,1199741367,280543112.00
BE,WORLD,090111,2025,import,1656998485,279545047.00
BG,EXT_EU27_2020,090111,2020,import,44356833,24151135.00
BG,EXT_EU27_2020,090111,2021,import,46951116,23390584.00
BG,EXT_EU27_2020,090111,2022,import,68749179,20915342.00
BG,EXT_EU27_2020,090111,2023,import,54666873,17555952.00
BG,EXT_EU27_2020,090111,2024,import,90486974,22277474.00
BG,EXT_EU27_2020,090111,2025,import,140155675,23040442.00
BG,VN,090111,2020,import,11971560,8307005.00
BG,VN,090111,2021,import,11844569,7260102.00
BG,VN,090111,2022,import,15384185,6102566.00
BG,VN,090111,2023,import,10972170,4653166.00
BG,VN,090111,2024,import,19709551,5506810.00
BG,VN,090111,2025,import,18092462,3505187.00
BG,WORLD,090111,2020,import,57177736,30433787.00
BG,WORLD,090111,2021,import,57317519,28690260.00
BG,WORLD,090111,2022,import,83253675,25361176.00
BG,WORLD,090111,2023,import,74186781,23555018.00
BG,WORLD,090111,2024,import,120549528,29593453.00
BG,WORLD,090111,2025,import,178156434,29773444.00
CY,EXT_EU27_2020,090111,2020,import,5290535,2037822.00
CY,EXT_EU27_2020,090111,2021,import,1920741,1099428.00
CY,EXT_EU27_2020,090111,2022,import,4946696,1073163.00
CY,EXT_EU27_2020,090111,2023,import,4270245,1162985.00
CY,EXT_EU27_2020,090111,2024,import,4391721,1150688.00
CY,EXT_EU27_2020,090111,2025,import,7102528,1247797.00
CY,VN,090111,2023,import,46227,19370.00
CY,WORLD,090111,2020,import,5931060,2190078.00
CY,WORLD,090111,2021,import,3129315,1381078.00
CY,WORLD,090111,2022,import,6394944,1358414.00
CY,WORLD,090111,2023,import,5892840,1442411.00
CY,WORLD,090111,2024,import,5463843,1315039.00
CY,WORLD,090111,2025,import,9592434,1530993.00
CZ,EXT_EU27_2020,090111,2020,import,5289451,3264228.00
CZ,EXT_EU27_2020,090111,2021,import,4321733,2520080.00
CZ,EXT_EU27_2020,090111,2022,import,5320362,2083594.00
CZ,EXT_EU27_2020,090111,2023,import,5666701,1560697.00
CZ,EXT_EU27_2020,090111,2024,import,5566427,1088664.00
CZ,EXT_EU27_2020,090111,2025,import,5322302,701105.00
CZ,VN,090111,2020,import,1668193,1173511.00
CZ,VN,090111,2021,import,786965,571407.00
CZ,VN,090111,2022,import,1343512,687110.00
CZ,VN,090111,2023,import,448175,162005.00
CZ,VN,090111,2024,import,600758,206130.00
CZ,VN,090111,2025,import,46515,8020.00
CZ,WORLD,090111,2020,import,52122242,20798520.00
CZ,WORLD,090111,2021,import,50740286,18673136.00
CZ,WORLD,090111,2022,import,78124049,18025360.00
CZ,WORLD,090111,2023,import,85956157,19460855.00
CZ,WORLD,090111,2024,import,78751933,17351005.00
CZ,WORLD,090111,2025,import,103017602,16550336.00
DE,EXT_EU27_2020,090111,2020,import,2319086091,1084930752.00
DE,EXT_EU27_2020,090111,2021,import,2644450188,1074070313.00
DE,EXT_EU27_2020,090111,2022,import,4255891845,1086030776.00
DE,EXT_EU27_2020,090111,2023,import,3042863623,900429823.00
DE,EXT_EU27_2020,090111,2024,import,4390003411,1060885912.00
DE,EXT_EU27_2020,090111,2025,import,6024548247,1002003167.00
DE,VN,090111,2020,import,338462125,237311059.00
DE,VN,090111,2021,import,326880328,206220097.00
DE,VN,090111,2022,import,541040811,240604784.00
DE,VN,090111,2023,import,461360498,206502770.00
DE,VN,090111,2024,import,613721781,181746029.00
DE,VN,090111,2025,import,1034503526,208392339.00
DE,WORLD,090111,2020,import,2406752159,1119084180.00
DE,WORLD,090111,2021,import,2745522597,1110808799.00
DE,WORLD,090111,2022,import,4532209052,1156285563.00
DE,WORLD,090111,2023,import,3321296820,984709475.00
DE,WORLD,090111,2024,import,4788407047,1158233231.00
DE,WORLD,090111,2025,import,6693418965,1115532297.00
DK,EXT_EU27_2020,090111,2020,import,26846633,11577704.00
DK,EXT_EU27_2020,090111,2021,import,33575253,12037744.00
DK,EXT_EU27_2020,090111,2022,import,54637374,11942535.00
DK,EXT_EU27_2020,090111,2023,import,52441694,13647061.00
DK,EXT_EU27_2020,090111,2024,import,66840709,14494145.00
DK,EXT_EU27_2020,090111,2025,import,117945790,16775797.00
DK,VN,090111,2020,import,2187228,1575895.00
DK,VN,090111,2021,import,1664780,969057.00
DK,VN,090111,2022,import,2451170,1059468.00
DK,VN,090111,2023,import,4075752,1650271.00
DK,VN,090111,2024,import,5040378,1354161.00
DK,VN,090111,2025,import,7688909,1578222.00
DK,WORLD,090111,2020,import,39483733,14879315.00
DK,WORLD,090111,2021,import,45961778,14889601.00
DK,WORLD,090111,2022,import,78059893,16007277.00
DK,WORLD,090111,2023,import,69710393,16558187.00
DK,WORLD,090111,2024,import,84610132,17345893.00
DK,WORLD,090111,2025,import,147853807,21161380.00
EE,EXT_EU27_2020,090111,2020,import,227921,59492.00
EE,EXT_EU27_2020,090111,2021,import,197939,60904.00
EE,EXT_EU27_2020,090111,2022,import,494503,100096.00
EE,EXT_EU27_2020,090111,2023,import,388914,98383.00
EE,EXT_EU27_2020,090111,2024,import,602891,150816.00
EE,EXT_EU27_2020,090111,2025,import,1357234,201203.00
EE,VN,090111,2020,import,8,1.00
EE,VN,090111,2023,import,39,
EE,VN,090111,2024,import,1955,841.00
EE,VN,090111,2025,import,3180,600.00
EE,WORLD,090111,2020,import,980752,266525.00
EE,WORLD,090111,2021,import,1105129,274959.00
EE,WORLD,090111,2022,import,3415775,583243.00
EE,WORLD,090111,2023,import,2524980,580980.00
EE,WORLD,090111,2024,import,3111173,633514.00
EE,WORLD,090111,2025,import,7622942,1041486.00
ES,EXT_EU27_2020,090111,2020,import,468745800,262520340.00
ES,EXT_EU27_2020,090111,2021,import,438171906,229320827.00
ES,EXT_EU27_2020,090111,2022,import,818955545,259652468.00
ES,EXT_EU27_2020,090111,2023,import,685911167,230624541.00
ES,EXT_EU27_2020,090111,2024,import,1006842425,258858934.00
ES,EXT_EU27_2020,090111,2025,import,1455779268,263850944.00
ES,VN,090111,2020,import,163457933,110480671.00
ES,VN,090111,2021,import,117542545,78633944.00
ES,VN,090111,2022,import,230693007,101535337.00
ES,VN,090111,2023,import,249586241,106284466.00
ES,VN,090111,2024,import,337283393,93361224.00
ES,VN,090111,2025,import,495163666,99071308.00
ES,WORLD,090111,2020,import,505339558,287702036.00
ES,WORLD,090111,2021,import,498091994,276263247.00
ES,WORLD,090111,2022,import,905391059,320851595.00
ES,WORLD,090111,2023,import,758212811,277374322.00
ES,WORLD,090111,2024,import,1115625155,315078200.00
ES,WORLD,090111,2025,import,1555480352,295821031.00
EU27_2020,AE,090111,2024,import,9585,1256.00
EU27_2020,AE,090111,2025,import,405011,61758.00
EU27_2020,AF,090111,2024,import,5,
EU27_2020,AF,090111,2025,import,63,5.00
EU27_2020,AL,090111,2024,import,2,2.00
EU27_2020,AL,090111,2025,import,72,10.00
EU27_2020,AM,090111,2024,import,129,2.00
EU27_2020,AM,090111,2025,import,197,36.00
EU27_2020,AO,090111,2024,import,4102648,1485852.00
EU27_2020,AO,090111,2025,import,7310450,1900556.00
EU27_2020,AR,090111,2024,import,765,78.00
EU27_2020,AR,090111,2025,import,953,71.00
EU27_2020,AT,090111,2024,import,4830341,872610.00
EU27_2020,AT,090111,2025,import,13745865,1795242.00
EU27_2020,AU,090111,2024,import,296122,10734.00
EU27_2020,AU,090111,2025,import,7899,250.00
EU27_2020,AW,090111,2024,import,22,
EU27_2020,AZ,090111,2024,import,150,17.00
EU27_2020,AZ,090111,2025,import,86,3.00
EU27_2020,BA,090111,2024,import,37,11.00
EU27_2020,BA,090111,2025,import,19,3.00
EU27_2020,BD,090111,2024,import,13,4.00
EU27_2020,BD,090111,2025,import,112,24.00
EU27_2020,BE,090111,2024,import,691782455,157717230.00
EU27_2020,BE,090111,2025,import,849575138,140227590.00
EU27_2020,BF,090111,2024,import,149,4.00
EU27_2020,BF,090111,2025,import,124,8.00
EU27_2020,BG,090111,2024,import,2553155,615462.00
EU27_2020,BG,090111,2025,import,3646809,498007.00
EU27_2020,BH,090111,2024,import,9,3.00
EU27_2020,BH,090111,2025,import,2,1.00
EU27_2020,BI,090111,2024,import,21042787,4805014.00
EU27_2020,BI,090111,2025,import,24596359,3872391.00
EU27_2020,BJ,090111,2024,import,8,3.00
EU27_2020,BJ,090111,2025,import,7,2.00
EU27_2020,BL,090111,2024,import,335,9.00
EU27_2020,BN,090111,2025,import,101,4.00
EU27_2020,BO,090111,2024,import,3874934,653238.00
EU27_2020,BO,090111,2025,import,7389618,915363.00
EU27_2020,BR,090111,2024,import,4901371476,1209770983.00
EU27_2020,BR,090111,2025,import,6392756049,1004939216.00
EU27_2020,BT,090111,2024,import,21,1.00
EU27_2020,BY,090111,2024,import,60,3.00
EU27_2020,BY,090111,2025,import,43,4.00
EU27_2020,BZ,090111,2024,import,11,1.00
EU27_2020,CA,090111,2024,import,57424,3069.00
EU27_2020,CA,090111,2025,import,16067,2108.00
EU27_2020,CD,090111,2024,import,22293718,4914285.00
EU27_2020,CD,090111,2025,import,18674606,3075515.00
EU27_2020,CG,090111,2024,import,10898786,2633485.00
EU27_2020,CG,090111,2025,import,10566565,2106274.00
EU27_2020,CH,090111,2024,import,684114,143903.00
EU27_2020,CH,090111,2025,import,1289529,208357.00
EU27_2020,CI,090111,2024,import,52039573,14219650.00
EU27_2020,CI,090111,2025,import,45469743,10601957.00
EU27_2020,CL,090111,2024,import,114269,22359.00
EU27_2020,CL,090111,2025,import,180365,28605.00
EU27_2020,CM,090111,2024,import,23255884,6568502.00
EU27_2020,CM,090111,2025,import,31931167,7191180.00
EU27_2020,CN,090111,2024,import,82893974,19093629.00
EU27_2020,CN,090111,2025,import,75199534,10933394.00
EU27_2020,CO,090111,2024,import,670588480,136962581.00
EU27_2020,CO,090111,2025,import,1168097573,161887816.00
EU27_2020,CR,090111,2024,import,65048904,11868204.00
EU27_2020,CR,090111,2025,import,94166589,12847764.00
EU27_2020,CU,090111,2024,import,3252775,530699.00
EU27_2020,CU,090111,2025,import,3799097,554881.00
EU27_2020,CV,090111,2025,import,257,20.00
EU27_2020,CY,090111,2024,import,482902,63757.00
EU27_2020,CY,090111,2025,import,807736,197672.00
EU27_2020,CZ,090111,2024,import,2800163,290822.00
EU27_2020,CZ,090111,2025,import,6479369,584152.00
EU27_2020,DE,090111,2024,import,637593375,176511039.00
EU27_2020,DE,090111,2025,import,938185017,166120616.00
EU27_2020,DJ,090111,2024,import,1985694,415656.00
EU27_2020,DJ,090111,2025,import,7296604,1136104.00
EU27_2020,DK,090111,2024,import,249879,66062.00
EU27_2020,DK,090111,2025,import,784120,517305.00
EU27_2020,DO,090111,2024,import,2362896,421671.00
EU27_2020,DO,090111,2025,import,2019638,282738.00
EU27_2020,DZ,090111,2024,import,39,7.00
EU27_2020,DZ,090111,2025,import,231,15.00
EU27_2020,EC,090111,2024,import,3455492,504915.00
EU27_2020,EC,090111,2025,import,4468222,514707.00
EU27_2020,EE,090111,2024,import,2165719,485684.00
EU27_2020,EE,090111,2025,import,2767486,469155.00
EU27_2020,EG,090111,2024,import,881,203.00
EU27_2020,EG,090111,2025,import,1961,289.00
EU27_2020,ER,090111,2024,import,11,
EU27_2020,ES,090111,2024,import,84595767,23276959.00
EU27_2020,ES,090111,2025,import,121720941,24044173.00
EU27_2020,ET,090111,2024,import,382172239,81929410.00
EU27_2020,ET,090111,2025,import,806707532,130998504.00
EU27_2020,EXT_EU27_2020,090111,2020,import,5807861780,2787293259.00
EU27_2020,EXT_EU27_2020,090111,2021,import,6485444222,2788030962.00
EU27_2020,EXT_EU27_2020,090111,2022,import,11068911571,2952219458.00
EU27_2020,EXT_EU27_2020,090111,2023,import,8947922560,2653253834.00
EU27_2020,EXT_EU27_2020,090111,2024,import,11858412604,2896898295.00
EU27_2020,EXT_EU27_2020,090111,2025,import,16904318625,2844776514.00
EU27_2020,FI,090111,2024,import,2775333,622173.00
EU27_2020,FI,090111,2025,import,3107679,504969.00
EU27_2020,FJ,090111,2024,import,48,2.00
EU27_2020,FJ,090111,2025,import,253,5.00
EU27_2020,FO,090111,2025,import,1,1.00
EU27_2020,FR,090111,2024,import,43900783,11194466.00
EU27_2020,FR,090111,2025,import,54478300,9978514.00
EU27_2020,GA,090111,2024,import,2694,1102.00
EU27_2020,GB,090111,2024,import,6495150,1301888.00
EU27_2020,GB,090111,2025,import,6203232,1103567.00
EU27_2020,GE,090111,2024,import,1,1.00
EU27_2020,GE,090111,2025,import,182087,39215.00
EU27_2020,GH,090111,2024,import,865867,193791.00
EU27_2020,GH,090111,2025,import,757658,174666.00
EU27_2020,GI,090111,2024,import,22,1.00
EU27_2020,GL,090111,2024,import,199,8.00
EU27_2020,GL,090111,2025,import,170,6.00
EU27_2020,GN,090111,2024,import,14413012,4794722.00
EU27_2020,GN,090111,2025,import,2517586,651366.00
EU27_2020,GQ,090111,2024,import,57988,19320.00
EU27_2020,GQ,090111,2025,import,52266,17829.00
EU27_2020,GR,090111,2024,import,11812767,2522431.00
EU27_2020,GR,090111,2025,import,21850464,3776082.00
EU27_2020,GT,090111,2024,import,164752894,34005900.00
EU27_2020,GT,090111,2025,import,218590325,29417058.00
EU27_2020,GW,090111,2025,import,24884,3779.00
EU27_2020,HK,090111,2024,import,35466,2230.00
EU27_2020,HK,090111,2025,import,105192,1220.00
EU27_2020,HN,090111,2024,import,668830765,151726173.00
EU27_2020,HN,090111,2025,import,988398501,136442544.00
EU27_2020,HR,090111,2024,import,160976,11249.00
EU27_2020,HR,090111,2025,import,230830,32112.00
EU27_2020,HT,090111,2024,import,410,160.00
EU27_2020,HT,090111,2025,import,5138,631.00
EU27_2020,HU,090111,2024,import,890841,95203.00
EU27_2020,HU,090111,2025,import,914733,104327.00
EU27_2020,ID,090111,2024,import,222398380,45751968.00
EU27_2020,ID,090111,2025,import,494062964,109723548.00
EU27_2020,IE,090111,2024,import,1549226,335553.00
EU27_2020,IE,090111,2025,import,1331661,177337.00
EU27_2020,IL,090111,2024,import,9756,689.00
EU27_2020,IL,090111,2025,import,2799,133.00
EU27_2020,IN,090111,2024,import,580379736,140226505.00
EU27_2020,IN,090111,2025,import,605539539,110299516.00
EU27_2020,INT_EU27_2020,090111,2024,import,1971114783,484152147.00
EU27_2020,INT_EU27_2020,090111,2025,import,2828668455,475021075.00
EU27_2020,IQ,090111,2024,import,85,12.00
EU27_2020,IQ,090111,2025,import,26,1.00
EU27_2020,IR,090111,2024,import,508,42.00
EU27_2020,IR,090111,2025,import,1531,139.00
EU27_2020,IS,090111,2024,import,711,23.00
EU27_2020,IS,090111,2025,import,103,7.00
EU27_2020,IT,090111,2024,import,57752813,11808264.00
EU27_2020,IT,090111,2025,import,96943967,15956905.00
EU27_2020,JM,090111,2024,import,1475420,42668.00
EU27_2020,JM,090111,2025,import,1130930,24757.00
EU27_2020,JO,090111,2024,import,532,41.00
EU27_2020,JO,090111,2025,import,25063,2372.00
EU27_2020,JP,090111,2024,import,12525,324.00
EU27_2020,JP,090111,2025,import,65350,17187.00
EU27_2020,KE,090111,2024,import,135222184,27350186.00
EU27_2020,KE,090111,2025,import,214093810,32707850.00
EU27_2020,KG,090111,2025,import,94,
EU27_2020,KH,090111,2024,import,629,39.00
EU27_2020,KH,090111,2025,import,790,48.00
EU27_2020,KN,090111,2025,import,248902,43200.00
EU27_2020,KR,090111,2024,import,4244,269.00
EU27_2020,KR,090111,2025,import,13497,1399.00
EU27_2020,KW,090111,2024,import,414,61.00
EU27_2020,KW,090111,2025,import,1329,40.00
EU27_2020,KY,090111,2025,import,687297,864000.00
EU27_2020,KZ,090111,2024,import,11,2.00
EU27_2020,KZ,090111,2025,import,265,43.00
EU27_2020,LA,090111,2024,import,10791890,2555442.00
EU27_2020,LA,090111,2025,import,23372279,3504678.00
EU27_2020,LB,090111,2024,import,158399,22642.00
EU27_2020,LB,090111,2025,import,48624,7785.00
EU27_2020,LC,090111,2024,import,168,2.00
EU27_2020,LK,090111,2024,import,6719,1512.00
EU27_2020,LK,090111,2025,import,137233,23795.00
EU27_2020,LR,090111,2024,import,41620,12514.00
EU27_2020,LR,090111,2025,import,1951,438.00
EU27_2020,LT,090111,2024,import,3528326,539984.00
EU27_2020,LT,090111,2025,import,3578928,446645.00
EU27_2020,LU,090111,2024,import,49302,8060.00
EU27_2020,LU,090111,2025,import,140267,25406.00
EU27_2020,LV,090111,2024,import,1333599,123802.00
EU27_2020,LV,090111,2025,import,2647466,168092.00
EU27_2020,LY,090111,2025,import,145,23.00
EU27_2020,MA,090111,2024,import,8952,434.00
EU27_2020,MA,090111,2025,import,130666,15381.00
EU27_2020,ME,090111,2024,import,160,
EU27_2020,ME,090111,2025,import,192,35.00
EU27_2020,MG,090111,2024,import,1859640,424309.00
EU27_2020,MG,090111,2025,import,21337651,5178235.00
EU27_2020,MK,090111,2024,import,59,4.00
EU27_2020,MK,090111,2025,import,40,4.00
EU27_2020,MM,090111,2024,import,290398,52109.00
EU27_2020,MM,090111,2025,import,1607610,210346.00
EU27_2020,MN,090111,2024,import,65,6.00
EU27_2020,MN,090111,2025,import,56,7.00
EU27_2020,MO,090111,2024,import,1,1.00
EU27_2020,MR,090111,2025,import,32,
EU27_2020,MT,090111,2024,import,20200244,4317878.00
EU27_2020,MT,090111,2025,import,31794496,4582057.00
EU27_2020,MU,090111,2024,import,339,20.00
EU27_2020,MU,090111,2025,import,2,1.00
EU27_2020,MW,090111,2024,import,1332327,376063.00
EU27_2020,MW,090111,2025,import,1001500,167384.00
EU27_2020,MX,090111,2024,import,98167059,20623817.00
EU27_2020,MX,090111,2025,import,160360499,22183655.00
EU27_2020,MY,090111,2024,import,18734,756.00
EU27_2020,MY,090111,2025,import,36800,2104.00
EU27_2020,MZ,090111,2025,import,143121,19205.00
EU27_2020,NC,090111,2024,import,458,50.00
EU27_2020,NG,090111,2024,import,124807,24651.00
EU27_2020,NG,090111,2025,import,425777,66188.00
EU27_2020,NI,090111,2024,import,149106482,31071818.00
EU27_2020,NI,090111,2025,import,333063561,48641118.00
EU27_2020,NL,090111,2024,import,311597991,73065210.00
EU27_2020,NL,090111,2025,import,548828972,84242697.00
EU27_2020,NO,090111,2024,import,63956,6109.00
EU27_2020,NO,090111,2025,import,359196,32999.00
EU27_2020,NP,090111,2024,import,561189,54485.00
EU27_2020,NP,090111,2025,import,365131,29287.00
EU27_2020,NZ,090111,2024,import,7223,69.00
EU27_2020,NZ,090111,2025,import,247,5.00
EU27_2020,OM,090111,2024,import,151,18.00
EU27_2020,OM,090111,2025,import,5310,484.00
EU27_2020,PA,090111,2024,import,3311690,359752.00
EU27_2020,PA,090111,2025,import,3197471,244476.00
EU27_2020,PE,090111,2024,import,526860602,109612942.00
EU27_2020,PE,090111,2025,import,573351999,82454511.00
EU27_2020,PF,090111,2024,import,32,
EU27_2020,PF,090111,2025,import,44,3.00
EU27_2020,PG,090111,2024,import,121333484,28005999.00
EU27_2020,PG,090111,2025,import,90995885,14114935.00
EU27_2020,PH,090111,2024,import,4649,320.00
EU27_2020,PH,090111,2025,import,6458,517.00
EU27_2020,PK,090111,2024,import,22,2.00
EU27_2020,PK,090111,2025,import,20,1.00
EU27_2020,PL,090111,2024,import,15007038,2781242.00
EU27_2020,PL,090111,2025,import,27305727,3885188.00
EU27_2020,PN,090111,2025,import,2757,20.00
EU27_2020,PS,090111,2024,import,90,32.00
EU27_2020,PS,090111,2025,import,1089,65.00
EU27_2020,PT,090111,2024,import,2878452,1134517.00
EU27_2020,PT,090111,2025,import,6060217,1193889.00
EU27_2020,PY,090111,2024,import,27,1.00
EU27_2020,QA,090111,2024,import,374,18.00
EU27_2020,QA,090111,2025,import,632,43.00
EU27_2020,QV,090111,2024,import,1527840,326659.00
EU27_2020,QV,090111,2025,import,432681,53797.00
EU27_2020,QW,090111,2024,import,16050395,3666499.00
EU27_2020,QW,090111,2025,import,10727511,2030784.00
EU27_2020,RO,090111,2024,import,1255532,183748.00
EU27_2020,RO,090111,2025,import,1244765,104732.00
EU27_2020,RU,090111,2024,import,495,12.00
EU27_2020,RU,090111,2025,import,1477,92.00
EU27_2020,RW,090111,2024,import,48845170,9625707.00
EU27_2020,RW,090111,2025,import,52059945,7296815.00
EU27_2020,SA,090111,2024,import,6646,1245.00
EU27_2020,SA,090111,2025,import,24273,5506.00
EU27_2020,SC,090111,2024,import,24,1.00
EU27_2020,SC,090111,2025,import,20,1.00
EU27_2020,SD,090111,2024,import,2105,570.00
EU27_2020,SE,090111,2024,import,12830518,2619735.00
EU27_2020,SE,090111,2025,import,22240498,3048065.00
EU27_2020,SG,090111,2024,import,1015923,231686.00
EU27_2020,SG,090111,2025,import,961206,134274.00
EU27_2020,SH,090111,2024,import,30291,266.00
EU27_2020,SH,090111,2025,import,4399,40.00
EU27_2020,SI,090111,2024,import,54399294,12480346.00
EU27_2020,SI,090111,2025,import,66987492,12205440.00
EU27_2020,SK,090111,2024,import,610152,82002.00
EU27_2020,SK,090111,2025,import,836831,80909.00
EU27_2020,SL,090111,2024,import,4786764,1366548.00
EU27_2020,SL,090111,2025,import,1560950,344860.00
EU27_2020,SM,090111,2024,import,3938,440.00
EU27_2020,SN,090111,2024,import,9713,14197.00
EU27_2020,SN,090111,2025,import,25860,6100.00
EU27_2020,SO,090111,2024,import,27655,5621.00
EU27_2020,SO,090111,2025,import,7146,1452.00
EU27_2020,SS,090111,2025,import,1160,181.00
EU27_2020,ST,090111,2024,import,2000,250.00
EU27_2020,SV,090111,2024,import,40667631,7827685.00
EU27_2020,SV,090111,2025,import,40761589,6014910.00
EU27_2020,SY,090111,2025,import,134,53.00
EU27_2020,TG,090111,2024,import,9038109,2574544.00
EU27_2020,TG,090111,2025,import,11573796,2532106.00
EU27_2020,TH,090111,2024,import,529829,106953.00
EU27_2020,TH,090111,2025,import,1472548,243766.00
EU27_2020,TL,090111,2024,import,2411102,702122.00
EU27_2020,TL,090111,2025,import,3737607,506946.00
EU27_2020,TN,090111,2024,import,321,32.00
EU27_2020,TN,090111,2025,import,213,25.00
EU27_2020,TR,090111,2024,import,251637,46295.00
EU27_2020,TR,090111,2025,import,228701,37549.00
EU27_2020,TW,090111,2024,import,18261,3291.00
EU27_2020,TW,090111,2025,import,1348,69.00
EU27_2020,TZ,090111,2024,import,145777467,39173448.00
EU27_2020,TZ,090111,2025,import,205244054,35773395.00
EU27_2020,UA,090111,2024,import,798,26.00
EU27_2020,UA,090111,2025,import,711,61.00
EU27_2020,UG,090111,2024,import,751843939,193115711.00
EU27_2020,UG,090111,2025,import,1257197304,262367282.00
EU27_2020,US,090111,2024,import,2869399,595363.00
EU27_2020,US,090111,2025,import,785310,86866.00
EU27_2020,UY,090111,2024,import,80,14.00
EU27_2020,UY,090111,2025,import,159,8.00
EU27_2020,UZ,090111,2024,import,41,7.00
EU27_2020,UZ,090111,2025,import,50,4.00
EU27_2020,VE,090111,2024,import,3172279,839537.00
EU27_2020,VE,090111,2025,import,5330042,864264.00
EU27_2020,VN,090111,2020,import,928323469,632449170.00
EU27_2020,VN,090111,2021,import,831700054,533063282.00
EU27_2020,VN,090111,2022,import,1493700564,648026839.00
EU27_2020,VN,090111,2023,import,1464548039,633357253.00
EU27_2020,VN,090111,2024,import,1861010735,539206558.00
EU27_2020,VN,090111,2025,import,2846498882,570883540.00
EU27_2020,XK,090111,2025,import,57,8.00
EU27_2020,XS,090111,2024,import,88140,12440.00
EU27_2020,XS,090111,2025,import,170,13.00
EU27_2020,YE,090111,2024,import,597293,46928.00
EU27_2020,YE,090111,2025,import,421458,32129.00
EU27_2020,ZA,090111,2024,import,11071,11172.00
EU27_2020,ZA,090111,2025,import,24074,1696.00
EU27_2020,ZM,090111,2024,import,8303323,2091541.00
EU27_2020,ZM,090111,2025,import,20405093,3080705.00
EU27_2020,ZW,090111,2024,import,224192,48119.00
EU27_2020,ZW,090111,2025,import,243373,37226.00
FI,EXT_EU27_2020,090111,2020,import,163872422,58054076.00
FI,EXT_EU27_2020,090111,2021,import,165495198,51391572.00
FI,EXT_EU27_2020,090111,2022,import,268051792,50752138.00
FI,EXT_EU27_2020,090111,2023,import,195809373,45938433.00
FI,EXT_EU27_2020,090111,2024,import,235534614,50459215.00
FI,EXT_EU27_2020,090111,2025,import,286907561,41173956.00
FI,VN,090111,2020,import,511988,306522.00
FI,VN,090111,2021,import,443917,239758.00
FI,VN,090111,2022,import,1479854,604473.00
FI,VN,090111,2023,import,1433666,578915.00
FI,VN,090111,2024,import,911326,269344.00
FI,VN,090111,2025,import,1353218,257403.00
FI,WORLD,090111,2020,import,169484753,60338606.00
FI,WORLD,090111,2021,import,167335424,51595428.00
FI,WORLD,090111,2022,import,271962984,51281827.00
FI,WORLD,090111,2023,import,198725476,46315881.00
FI,WORLD,090111,2024,import,239757175,51020528.00
FI,WORLD,090111,2025,import,296033302,42468126.00
FR,EXT_EU27_2020,090111,2020,import,334968410,157737378.00
FR,EXT_EU27_2020,090111,2021,import,365531950,158399339.00
FR,EXT_EU27_2020,090111,2022,import,561034586,146040515.00
FR,EXT_EU27_2020,090111,2023,import,532788969,148661902.00
FR,EXT_EU27_2020,090111,2024,import,589055188,146061294.00
FR,EXT_EU27_2020,090111,2025,import,1062539455,171394161.00
FR,VN,090111,2020,import,42968853,28452650.00
FR,VN,090111,2021,import,31432158,21498761.00
FR,VN,090111,2022,import,66014468,27565228.00
FR,VN,090111,2023,import,74978309,31733263.00
FR,VN,090111,2024,import,78366723,22900056.00
FR,VN,090111,2025,import,132349340,26349221.00
FR,WORLD,090111,2020,import,543688651,229287538.00
FR,WORLD,090111,2021,import,562607702,224189704.00
FR,WORLD,090111,2022,import,876651925,213378275.00
FR,WORLD,090111,2023,import,877875606,220972795.00
FR,WORLD,090111,2024,import,959701782,223859229.00
FR,WORLD,090111,2025,import,1404258726,225252785.00
GR,EXT_EU27_2020,090111,2020,import,72641500,33056661.00
GR,EXT_EU27_2020,090111,2021,import,81938547,33721682.00
GR,EXT_EU27_2020,090111,2022,import,145618596,33513715.00
GR,EXT_EU27_2020,090111,2023,import,141949111,35506047.00
GR,EXT_EU27_2020,090111,2024,import,164310279,37304659.00
GR,EXT_EU27_2020,090111,2025,import,261063063,40769072.00
GR,VN,090111,2020,import,5564340,3413461.00
GR,VN,090111,2021,import,5257859,3062928.00
GR,VN,090111,2022,import,7944802,3355271.00
GR,VN,090111,2023,import,6618158,2563961.00
GR,VN,090111,2024,import,11740704,2921802.00
GR,VN,090111,2025,import,12341116,2483838.00
GR,WORLD,090111,2020,import,86491046,35781237.00
GR,WORLD,090111,2021,import,100023189,37426001.00
GR,WORLD,090111,2022,import,172197419,38039062.00
GR,WORLD,090111,2023,import,169232496,39756608.00
GR,WORLD,090111,2024,import,191297190,41495326.00
GR,WORLD,090111,2025,import,295922330,44861112.00
HR,EXT_EU27_2020,090111,2020,import,1185629,716029.00
HR,EXT_EU27_2020,090111,2021,import,565670,292867.00
HR,EXT_EU27_2020,090111,2022,import,533269,160459.00
HR,EXT_EU27_2020,090111,2023,import,307572,75092.00
HR,EXT_EU27_2020,090111,2024,import,172095,41060.00
HR,EXT_EU27_2020,090111,2025,import,201940,28139.00
HR,VN,090111,2020,import,118375,70667.00
HR,VN,090111,2021,import,40994,22671.00
HR,VN,090111,2022,import,6015,2075.00
HR,VN,090111,2023,import,272,7.00
HR,VN,090111,2024,import,11908,2413.00
HR,VN,090111,2025,import,186,2.00
HR,WORLD,090111,2020,import,25001896,14791537.00
HR,WORLD,090111,2021,import,26432666,13906281.00
HR,WORLD,090111,2022,import,45300359,13756170.00
HR,WORLD,090111,2023,import,41429647,13088271.00
HR,WORLD,090111,2024,import,56598746,13390239.00
HR,WORLD,090111,2025,import,68432678,12246588.00
HU,EXT_EU27_2020,090111,2020,import,1840417,1234448.00
HU,EXT_EU27_2020,090111,2021,import,710295,264587.00
HU,EXT_EU27_2020,090111,2022,import,726146,185263.00
HU,EXT_EU27_2020,090111,2023,import,731411,153539.00
HU,EXT_EU27_2020,090111,2024,import,2066243,408172.00
HU,EXT_EU27_2020,090111,2025,import,2115163,356056.00
HU,VN,090111,2020,import,30100,19200.00
HU,VN,090111,2021,import,54726,21900.00
HU,VN,090111,2022,import,151877,58204.00
HU,VN,090111,2023,import,98303,22788.00
HU,VN,090111,2024,import,241451,62795.00
HU,VN,090111,2025,import,409764,84876.00
HU,WORLD,090111,2020,import,7247663,3419361.00
HU,WORLD,090111,2021,import,10306960,4215495.00
HU,WORLD,090111,2022,import,15655274,5407451.00
HU,WORLD,090111,2023,import,16558248,5106633.00
HU,WORLD,090111,2024,import,25492739,5525110.00
HU,WORLD,090111,2025,import,31708320,5616898.00
IE,EXT_EU27_2020,090111,2020,import,23619138,7670086.00
IE,EXT_EU27_2020,090111,2021,import,21578226,5405308.00
IE,EXT_EU27_2020,090111,2022,import,42227420,7524428.00
IE,EXT_EU27_2020,090111,2023,import,35584875,7001766.00
IE,EXT_EU27_2020,090111,2024,import,34347006,6794840.00
IE,EXT_EU27_2020,090111,2025,import,52669589,7217680.00
IE,VN,090111,2020,import,143224,76826.00
IE,VN,090111,2021,import,250626,134542.00
IE,VN,090111,2022,import,1075062,340833.00
IE,VN,090111,2023,import,564777,198835.00
IE,VN,090111,2024,import,600882,198626.00
IE,VN,090111,2025,import,745463,141190.00
IE,WORLD,090111,2020,import,32266012,9607149.00
IE,WORLD,090111,2021,import,27246246,6651810.00
IE,WORLD,090111,2022,import,53426898,9383922.00
IE,WORLD,090111,2023,import,44941745,8456411.00
IE,WORLD,090111,2024,import,40889561,7945565.00
IE,WORLD,090111,2025,import,62262638,8396548.00
IT,EXT_EU27_2020,090111,2020,import,1047106282,553213568.00
IT,EXT_EU27_2020,090111,2021,import,1174830307,596534744.00
IT,EXT_EU27_2020,090111,2022,import,2097419976,649737422.00
IT,EXT_EU27_2020,090111,2023,import,1925270501,621574124.00
IT,EXT_EU27_2020,090111,2024,import,2455601792,633951008.00
IT,EXT_EU27_2020,090111,2025,import,3425460616,604708346.00
IT,VN,090111,2020,import,194521661,133322910.00
IT,VN,090111,2021,import,196257313,129572110.00
IT,VN,090111,2022,import,348009276,150352270.00
IT,VN,090111,2023,import,343234592,149363483.00
IT,VN,090111,2024,import,453324035,132751021.00
IT,VN,090111,2025,import,608223480,120960408.00
IT,WORLD,090111,2020,import,1086024072,567275940.00
IT,WORLD,090111,2021,import,1233660851,618575536.00
IT,WORLD,090111,2022,import,2190796829,673028863.00
IT,WORLD,090111,2023,import,2000730324,642773435.00
IT,WORLD,090111,2024,import,2543956990,652301730.00
IT,WORLD,090111,2025,import,3649870683,637754600.00
LT,EXT_EU27_2020,090111,2020,import,4916959,1718193.00
LT,EXT_EU27_2020,090111,2021,import,2410739,801182.00
LT,EXT_EU27_2020,090111,2022,import,5745419,1303130.00
LT,EXT_EU27_2020,090111,2023,import,7343700,1933314.00
LT,EXT_EU27_2020,090111,2024,import,6887790,1617283.00
LT,EXT_EU27_2020,090111,2025,import,8302366,1320627.00
LT,VN,090111,2020,import,478986,268800.00
LT,VN,090111,2021,import,298472,172922.00
LT,VN,090111,2022,import,571691,241964.00
LT,VN,090111,2023,import,712514,326400.00
LT,VN,090111,2024,import,547390,192782.00
LT,VN,090111,2025,import,985636,209160.00
LT,WORLD,090111,2020,import,9138758,2975108.00
LT,WORLD,090111,2021,import,8253390,2427116.00
LT,WORLD,090111,2022,import,18992607,3582015.00
LT,WORLD,090111,2023,import,18573140,4083764.00
LT,WORLD,090111,2024,import,18753415,3840148.00
LT,WORLD,090111,2025,import,26896173,4061819.00
LU,EXT_EU27_2020,090111,2020,import,562267,133022.00
LU,EXT_EU27_2020,090111,2021,import,297990,74449.00
LU,EXT_EU27_2020,090111,2022,import,543613,74288.00
LU,EXT_EU27_2020,090111,2023,import,401122,55068.00
LU,EXT_EU27_2020,090111,2024,import,280574,48033.00
LU,EXT_EU27_2020,090111,2025,import,199894,26985.00
LU,VN,090111,2021,import,156,3.00
LU,VN,090111,2025,import,53,1.00
LU,WORLD,090111,2020,import,3482829,826470.00
LU,WORLD,090111,2021,import,2964801,570955.00
LU,WORLD,090111,2022,import,4541416,780342.00
LU,WORLD,090111,2023,import,4450128,706059.00
LU,WORLD,090111,2024,import,4184314,673754.00
LU,WORLD,090111,2025,import,7064533,852778.00
LV,EXT_EU27_2020,090111,2020,import,3141550,1635156.00
LV,EXT_EU27_2020,090111,2021,import,2839478,1339914.00
LV,EXT_EU27_2020,090111,2022,import,4262422,1109805.00
LV,EXT_EU27_2020,090111,2023,import,1967928,485901.00
LV,EXT_EU27_2020,090111,2024,import,1974060,455393.00
LV,EXT_EU27_2020,090111,2025,import,2821412,398025.00
LV,VN,090111,2020,import,293221,188132.00
LV,VN,090111,2021,import,120793,80000.00
LV,VN,090111,2022,import,95000,38000.00
LV,VN,090111,2023,import,138,1.00
LV,VN,090111,2024,import,1,1.00
LV,VN,090111,2025,import,52574,10020.00
LV,WORLD,090111,2020,import,4804375,2166217.00
LV,WORLD,090111,2021,import,5016483,2004013.00
LV,WORLD,090111,2022,import,8818041,2212192.00
LV,WORLD,090111,2023,import,9984278,2345975.00
LV,WORLD,090111,2024,import,12734226,2516220.00
LV,WORLD,090111,2025,import,19042868,2537902.00
MT,EXT_EU27_2020,090111,2020,import,246448,138605.00
MT,EXT_EU27_2020,090111,2021,import,58258,39157.00
MT,EXT_EU27_2020,090111,2022,import,15199,1376.00
MT,EXT_EU27_2020,090111,2023,import,5747,356.00
MT,EXT_EU27_2020,090111,2024,import,19629,2054.00
MT,EXT_EU27_2020,090111,2025,import,3094,218.00
MT,VN,090111,2020,import,142616,96000.00
MT,VN,090111,2021,import,55656,38400.00
MT,VN,090111,2022,import,37,7.00
MT,VN,090111,2023,import,131,6.00
MT,VN,090111,2024,import,30,1.00
MT,VN,090111,2025,import,40,7.00
MT,WORLD,090111,2020,import,373853,178672.00
MT,WORLD,090111,2021,import,145620,62943.00
MT,WORLD,090111,2022,import,241762,61722.00
MT,WORLD,090111,2023,import,587386,131358.00
MT,WORLD,090111,2024,import,1084069,137643.00
MT,WORLD,090111,2025,import,1370546,153897.00
NL,EXT_EU27_2020,090111,2020,import,159348640,63116834.00
NL,EXT_EU27_2020,090111,2021,import,173194582,62002323.00
NL,EXT_EU27_2020,090111,2022,import,468943132,106795407.00
NL,EXT_EU27_2020,090111,2023,import,578738238,157539774.00
NL,EXT_EU27_2020,090111,2024,import,791067794,187199814.00
NL,EXT_EU27_2020,090111,2025,import,1267097228,206940965.00
NL,VN,090111,2020,import,15982490,9460323.00
NL,VN,090111,2021,import,16933528,9510600.00
NL,VN,090111,2022,import,34750025,14267725.00
NL,VN,090111,2023,import,97195848,38829928.00
NL,VN,090111,2024,import,157288148,45810909.00
NL,VN,090111,2025,import,283435824,56196425.00
NL,WORLD,090111,2020,import,415174268,176226374.00
NL,WORLD,090111,2021,import,461723397,182346560.00
NL,WORLD,090111,2022,import,887494418,231381995.00
NL,WORLD,090111,2023,import,782678623,208184845.00
NL,WORLD,090111,2024,import,931196724,218283966.00
NL,WORLD,090111,2025,import,1479953743,239191530.00
PL,EXT_EU27_2020,090111,2020,import,63950325,34358186.00
PL,EXT_EU27_2020,090111,2021,import,63339851,31981378.00
PL,EXT_EU27_2020,090111,2022,import,80572168,24854128.00
PL,EXT_EU27_2020,090111,2023,import,59914349,20654949.00
PL,EXT_EU27_2020,090111,2024,import,99299066,24777569.00
PL,EXT_EU27_2020,090111,2025,import,146272249,26090296.00
PL,VN,090111,2020,import,20249713,13916714.00
PL,VN,090111,2021,import,16609668,10589336.00
PL,VN,090111,2022,import,20540981,9361293.00
PL,VN,090111,2023,import,15810178,7160611.00
PL,VN,090111,2024,import,16017022,4449506.00
PL,VN,090111,2025,import,37663322,7528891.00
PL,WORLD,090111,2020,import,254637944,128140957.00
PL,WORLD,090111,2021,import,265755234,128690374.00
PL,WORLD,090111,2022,import,388456505,119910150.00
PL,WORLD,090111,2023,import,390458897,121844427.00
PL,WORLD,090111,2024,import,487048652,124162767.00
PL,WORLD,090111,2025,import,763186250,132501013.00
PT,EXT_EU27_2020,090111,2020,import,69608354,38675488.00
PT,EXT_EU27_2020,090111,2021,import,65901211,36068472.00
PT,EXT_EU27_2020,090111,2022,import,108853464,39502401.00
PT,EXT_EU27_2020,090111,2023,import,126734770,42911595.00
PT,EXT_EU27_2020,090111,2024,import,189877904,52669877.00
PT,EXT_EU27_2020,090111,2025,import,247321711,48664950.00
PT,VN,090111,2020,import,18589852,12055945.00
PT,VN,090111,2021,import,15438180,9575349.00
PT,VN,090111,2022,import,27700123,12759525.00
PT,VN,090111,2023,import,32631770,13757743.00
PT,VN,090111,2024,import,48387588,13710677.00
PT,VN,090111,2025,import,58072164,12087794.00
PT,WORLD,090111,2020,import,85765775,43539560.00
PT,WORLD,090111,2021,import,90320787,44286816.00
PT,WORLD,090111,2022,import,143969901,48127243.00
PT,WORLD,090111,2023,import,157594122,49514127.00
PT,WORLD,090111,2024,import,204905651,56584728.00
PT,WORLD,090111,2025,import,269839984,52169069.00
RO,EXT_EU27_2020,090111,2020,import,28958769,13026636.00
RO,EXT_EU27_2020,090111,2021,import,28586227,11774360.00
RO,EXT_EU27_2020,090111,2022,import,44520621,11524640.00
RO,EXT_EU27_2020,090111,2023,import,37200138,10736674.00
RO,EXT_EU27_2020,090111,2024,import,48304016,11840725.00
RO,EXT_EU27_2020,090111,2025,import,73446037,12820204.00
RO,VN,090111,2020,import,4263788,2819066.00
RO,VN,090111,2021,import,2982895,1938918.00
RO,VN,090111,2022,import,4680743,2034116.00
RO,VN,090111,2023,import,5180368,2420663.00
RO,VN,090111,2024,import,5643981,1794281.00
RO,VN,090111,2025,import,12983862,2718186.00
RO,WORLD,090111,2020,import,39975844,16621502.00
RO,WORLD,090111,2021,import,44600344,16137656.00
RO,WORLD,090111,2022,import,70449149,17623599.00
RO,WORLD,090111,2023,import,60566242,16817279.00
RO,WORLD,090111,2024,import,78978361,18463717.00
RO,WORLD,090111,2025,import,113789950,18566557.00
SE,EXT_EU27_2020,090111,2020,import,245566626,95402405.00
SE,EXT_EU27_2020,090111,2021,import,262101385,86206715.00
SE,EXT_EU27_2020,090111,2022,import,428715600,85877624.00
SE,EXT_EU27_2020,090111,2023,import,344430021,83543125.00
SE,EXT_EU27_2020,090111,2024,import,394286433,85012152.00
SE,EXT_EU27_2020,090111,2025,import,561974247,77802228.00
SE,VN,090111,2020,import,4598774,3136016.00
SE,VN,090111,2021,import,3822119,2351553.00
SE,VN,090111,2022,import,6515166,2477879.00
SE,VN,090111,2023,import,3087781,1317596.00
SE,VN,090111,2024,import,4443280,1252436.00
SE,VN,090111,2025,import,5881964,986446.00
SE,WORLD,090111,2020,import,286470185,109766847.00
SE,WORLD,090111,2021,import,299847479,96715109.00
SE,WORLD,090111,2022,import,521087782,105604224.00
SE,WORLD,090111,2023,import,383152659,92372024.00
SE,WORLD,090111,2024,import,456304388,98184368.00
SE,WORLD,090111,2025,import,644590698,90373276.00
SI,EXT_EU27_2020,090111,2020,import,46079282,26248758.00
SI,EXT_EU27_2020,090111,2021,import,53113486,26661456.00
SI,EXT_EU27_2020,090111,2022,import,86790219,26336582.00
SI,EXT_EU27_2020,090111,2023,import,84481030,25833897.00
SI,EXT_EU27_2020,090111,2024,import,97016151,23973525.00
SI,EXT_EU27_2020,090111,2025,import,138925484,24635719.00
SI,VN,090111,2020,import,4014226,2728148.00
SI,VN,090111,2021,import,3382054,2153598.00
SI,VN,090111,2022,import,9031827,3802119.00
SI,VN,090111,2023,import,10847167,4122149.00
SI,VN,090111,2024,import,7492816,1939863.00
SI,VN,090111,2025,import,6256354,1258532.00
SI,WORLD,090111,2020,import,49255002,27090138.00
SI,WORLD,090111,2021,import,56867261,27572980.00
SI,WORLD,090111,2022,import,93901051,27716616.00
SI,WORLD,090111,2023,import,90393440,27152269.00
SI,WORLD,090111,2024,import,104053876,24961365.00
SI,WORLD,090111,2025,import,144773714,25372933.00
SK,EXT_EU27_2020,090111,2020,import,333872,130959.00
SK,EXT_EU27_2020,090111,2021,import,448778,163083.00
SK,EXT_EU27_2020,090111,2022,import,838803,203172.00
SK,EXT_EU27_2020,090111,2023,import,960112,272695.00
SK,EXT_EU27_2020,090111,2024,import,1647603,366853.00
SK,EXT_EU27_2020,090111,2025,import,2660310,388934.00
SK,VN,090111,2020,import,105608,57375.00
SK,VN,090111,2021,import,20021,7770.00
SK,VN,090111,2022,import,262357,91265.00
SK,VN,090111,2023,import,253051,103196.00
SK,VN,090111,2024,import,160112,20403.00
SK,VN,090111,2025,import,265246,34749.00
SK,WORLD,090111,2020,import,11287971,4045124.00
SK,WORLD,090111,2021,import,17543177,5411352.00
SK,WORLD,090111,2022,import,17705429,3923049.00
SK,WORLD,090111,2023,import,19146359,4323859.00
SK,WORLD,090111,2024,import,24329150,5322940.00
SK,WORLD,090111,2025,import,33910203,5432588.00
AT,EXT_EU27_2020,090121,2020,import,88740867,4006469.00
AT,EXT_EU27_2020,090121,2021,import,93581688,3663588.00
AT,EXT_EU27_2020,090121,2022,import,90117018,3571951.00
AT,EXT_EU27_2020,090121,2023,import,88423508,3410437.00
AT,EXT_EU27_2020,090121,2024,import,84260224,3296894.00
AT,EXT_EU27_2020,090121,2025,import,84901909,3147091.00
AT,VN,090121,2020,import,5091,762.00
AT,VN,090121,2021,import,5669,871.00
AT,VN,090121,2022,import,34570,11473.00
AT,VN,090121,2024,import,1483,121.00
AT,VN,090121,2025,import,76,1.00
AT,WORLD,090121,2020,import,320840688,45560826.00
AT,WORLD,090121,2021,import,344707152,47930074.00
AT,WORLD,090121,2022,import,390709065,44906210.00
AT,WORLD,090121,2023,import,412101211,46804102.00
AT,WORLD,090121,2024,import,421082718,46565247.00
AT,WORLD,090121,2025,import,534797077,46280129.00
BE,EXT_EU27_2020,090121,2020,import,9523356,1403669.00
BE,EXT_EU27_2020,090121,2021,import,16225067,1273547.00
BE,EXT_EU27_2020,090121,2022,import,17945018,1033586.00
BE,EXT_EU27_2020,090121,2023,import,19583237,1539449.00
BE,EXT_EU27_2020,090121,2024,import,19462999,1140246.00
BE,EXT_EU27_2020,090121,2025,import,16962284,860090.00
BE,VN,090121,2020,import,662,25.00
BE,VN,090121,2021,import,1208,58.00
BE,VN,090121,2022,import,7432,624.00
BE,VN,090121,2023,import,575,40.00
BE,VN,090121,2024,import,6712,585.00
BE,VN,090121,2025,import,16082,1218.00
BE,WORLD,090121,2020,import,283977558,35285144.00
BE,WORLD,090121,2021,import,326857006,38286611.00
BE,WORLD,090121,2022,import,366573725,37456672.00
BE,WORLD,090121,2023,import,402284703,41888579.00
BE,WORLD,090121,2024,import,418178167,40906504.00
BE,WORLD,090121,2025,import,552243838,39636339.00
BG,EXT_EU27_2020,090121,2020,import,3085254,320009.00
BG,EXT_EU27_2020,090121,2021,import,3606594,222381.00
BG,EXT_EU27_2020,090121,2022,import,3480057,155990.00
BG,EXT_EU27_2020,090121,2023,import,3625653,140532.00
BG,EXT_EU27_2020,090121,2024,import,4435104,160626.00
BG,EXT_EU27_2020,090121,2025,import,5791350,205262.00
BG,VN,090121,2020,import,5003,772.00
BG,VN,090121,2021,import,7633,995.00
BG,VN,090121,2024,import,1,2.00
BG,WORLD,090121,2020,import,44620420,7640908.00
BG,WORLD,090121,2021,import,54876232,9005292.00
BG,WORLD,090121,2022,import,73915423,10205751.00
BG,WORLD,090121,2023,import,80577123,9996115.00
BG,WORLD,090121,2024,import,91942147,10336710.00
BG,WORLD,090121,2025,import,120071629,10166219.00
CY,EXT_EU27_2020,090121,2020,import,3665170,201040.00
CY,EXT_EU27_2020,090121,2021,import,4444641,215647.00
CY,EXT_EU27_2020,090121,2022,import,6336405,282903.00
CY,EXT_EU27_2020,090121,2023,import,6409212,249791.00
CY,EXT_EU27_2020,090121,2024,import,7749563,281808.00
CY,EXT_EU27_2020,090121,2025,import,7803277,275845.00
CY,VN,090121,2020,import,1344,242.00
CY,VN,090121,2021,import,1298,199.00
CY,VN,090121,2022,import,492,26.00
CY,VN,090121,2023,import,226,18.00
CY,VN,090121,2025,import,2,1.00
CY,WORLD,090121,2020,import,13788958,1111100.00
CY,WORLD,090121,2021,import,17819992,1526202.00
CY,WORLD,090121,2022,import,25379870,2040075.00
CY,WORLD,090121,2023,import,28687176,2106866.00
CY,WORLD,090121,2024,import,33539321,2465741.00
CY,WORLD,090121,2025,import,37792943,2451128.00
CZ,EXT_EU27_2020,090121,2020,import,6659275,1172134.00
CZ,EXT_EU27_2020,090121,2021,import,7700476,836924.00
CZ,EXT_EU27_2020,090121,2022,import,4931156,500647.00
CZ,EXT_EU27_2020,090121,2023,import,3582820,411009.00
CZ,EXT_EU27_2020,090121,2024,import,3336291,400147.00
CZ,EXT_EU27_2020,090121,2025,import,2831043,275103.00
CZ,VN,090121,2020,import,327245,195452.00
CZ,VN,090121,2021,import,400038,207128.00
CZ,VN,090121,2022,import,292362,152072.00
CZ,VN,090121,2023,import,394720,194292.00
CZ,VN,090121,2024,import,484956,219267.00
CZ,VN,090121,2025,import,325996,146827.00
CZ,WORLD,090121,2020,import,176091270,31265595.00
CZ,WORLD,090121,2021,import,187356984,31470882.00
CZ,WORLD,090121,2022,import,255722417,37587873.00
CZ,WORLD,090121,2023,import,258912103,39439749.00
CZ,WORLD,090121,2024,import,269296310,37208507.00
CZ,WORLD,090121,2025,import,398322633,39172552.00
DE,EXT_EU27_2020,090121,2020,import,118112401,11056168.00
DE,EXT_EU27_2020,090121,2021,import,112839316,10329240.00
DE,EXT_EU27_2020,090121,2022,import,136975119,11918628.00
DE,EXT_EU27_2020,090121,2023,import,140344548,10313730.00
DE,EXT_EU27_2020,090121,2024,import,114335229,8314062.00
DE,EXT_EU27_2020,090121,2025,import,125519316,7912742.00
DE,VN,090121,2020,import,194243,28034.00
DE,VN,090121,2021,import,493112,73480.00
DE,VN,090121,2022,import,212437,27901.00
DE,VN,090121,2023,import,233863,30643.00
DE,VN,090121,2024,import,254710,28316.00
DE,VN,090121,2025,import,254597,23751.00
DE,WORLD,090121,2020,import,659769366,91897488.00
DE,WORLD,090121,2021,import,707821150,99116201.00
DE,WORLD,090121,2022,import,870865843,106838058.00
DE,WORLD,090121,2023,import,884649423,104746799.00
DE,WORLD,090121,2024,import,807262278,87940322.00
DE,WORLD,090121,2025,import,1106401022,100326867.00
DK,EXT_EU27_2020,090121,2020,import,10612713,1379165.00
DK,EXT_EU27_2020,090121,2021,import,10915464,1566700.00
DK,EXT_EU27_2020,090121,2022,import,21092482,1741969.00
DK,EXT_EU27_2020,090121,2023,import,20340699,1756550.00
DK,EXT_EU27_2020,090121,2024,import,17905208,1500499.00
DK,EXT_EU27_2020,090121,2025,import,9732624,637117.00
DK,VN,090121,2020,import,59,3.00
DK,VN,090121,2021,import,367,32.00
DK,VN,090121,2022,import,2148,596.00
DK,VN,090121,2023,import,5356,574.00
DK,VN,090121,2024,import,5886,722.00
DK,VN,090121,2025,import,83,1.00
DK,WORLD,090121,2020,import,111592632,21199883.00
DK,WORLD,090121,2021,import,127069341,23765327.00
DK,WORLD,090121,2022,import,197534493,25184846.00
DK,WORLD,090121,2023,import,206466012,25088391.00
DK,WORLD,090121,2024,import,208046538,24325873.00
DK,WORLD,090121,2025,import,275847297,25318629.00
EE,EXT_EU27_2020,090121,2020,import,81934,13850.00
EE,EXT_EU27_2020,090121,2021,import,128775,26598.00
EE,EXT_EU27_2020,090121,2022,import,119268,12422.00
EE,EXT_EU27_2020,090121,2023,import,92061,6344.00
EE,EXT_EU27_2020,090121,2024,import,79682,5477.00
EE,EXT_EU27_2020,090121,2025,import,84517,5726.00
EE,VN,090121,2022,import,26,1.00
EE,VN,090121,2024,import,11,4.00
EE,VN,090121,2025,import,1207,11.00
EE,WORLD,090121,2020,import,34580172,6443430.00
EE,WORLD,090121,2021,import,33852537,6271056.00
EE,WORLD,090121,2022,import,43954800,5958424.00
EE,WORLD,090121,2023,import,41934851,5793918.00
EE,WORLD,090121,2024,import,46762157,6206862.00
EE,WORLD,090121,2025,import,64968600,5623630.00
ES,EXT_EU27_2020,090121,2020,import,22891909,1776269.00
ES,EXT_EU27_2020,090121,2021,import,33801915,2258721.00
ES,EXT_EU27_2020,090121,2022,import,41215529,2691969.00
ES,EXT_EU27_2020,090121,2023,import,5491058,478303.00
ES,EXT_EU27_2020,090121,2024,import,4646454,357575.00
ES,EXT_EU27_2020,090121,2025,import,19063629,1004277.00
ES,VN,090121,2020,import,300,5.00
ES,VN,090121,2021,import,342,8.00
ES,VN,090121,2022,import,21028,2015.00
ES,VN,090121,2023,import,185,4.00
ES,VN,090121,2024,import,314,7.00
ES,VN,090121,2025,import,8257,768.00
ES,WORLD,090121,2020,import,275405283,23267030.00
ES,WORLD,090121,2021,import,293287645,23380078.00
ES,WORLD,090121,2022,import,321982796,24664196.00
ES,WORLD,090121,2023,import,358182119,27418162.00
ES,WORLD,090121,2024,import,393571599,28950022.00
ES,WORLD,090121,2025,import,468086756,30024894.00
EU27_2020,AD,090121,2024,import,98303,8200.00
EU27_2020,AD,090121,2025,import,8748,719.00
EU27_2020,AE,090121,2024,import,2191872,229073.00
EU27_2020,AE,090121,2025,import,1834950,158394.00
EU27_2020,AF,090121,2024,import,2,2.00
EU27_2020,AF,090121,2025,import,65,4.00
EU27_2020,AL,090121,2024,import,214073,26326.00
EU27_2020,AL,090121,2025,import,371087,43392.00
EU27_2020,AM,090121,2024,import,22720,2132.00
EU27_2020,AM,090121,2025,import,62765,4994.00
EU27_2020,AO,090121,2024,import,1662,135.00
EU27_2020,AO,090121,2025,import,2027,67.00
EU27_2020,AR,090121,2024,import,1491,109.00
EU27_2020,AR,090121,2025,import,2371,179.00
EU27_2020,AT,090121,2024,import,70443714,8648066.00
EU27_2020,AT,090121,2025,import,101730565,10223719.00
EU27_2020,AU,090121,2024,import,138005,8254.00
EU27_2020,AU,090121,2025,import,183609,13975.00
EU27_2020,AW,090121,2024,import,73,5.00
EU27_2020,AW,090121,2025,import,40,3.00
EU27_2020,AZ,090121,2024,import,136,12.00
EU27_2020,AZ,090121,2025,import,72,5.00
EU27_2020,BA,090121,2024,import,7001925,1152324.00
EU27_2020,BA,090121,2025,import,9799618,1115888.00
EU27_2020,BB,090121,2024,import,2,1.00
EU27_2020,BD,090121,2024,import,56,10.00
EU27_2020,BD,090121,2025,import,270,12.00
EU27_2020,BE,090121,2024,import,273981579,31310565.00
EU27_2020,BE,090121,2025,import,345339793,33803756.00
EU27_2020,BF,090121,2024,import,250,5.00
EU27_2020,BF,090121,2025,import,5,2.00
EU27_2020,BG,090121,2024,import,101318217,13855190.00
EU27_2020,BG,090121,2025,import,195485580,17724143.00
EU27_2020,BH,090121,2024,import,1422,39.00
EU27_2020,BH,090121,2025,import,317,25.00
EU27_2020,BI,090121,2024,import,767,117.00
EU27_2020,BI,090121,2025,import,2262,127.00
EU27_2020,BJ,090121,2024,import,61,
EU27_2020,BJ,090121,2025,import,305,24.00
EU27_2020,BM,090121,2025,import,29,1.00
EU27_2020,BO,090121,2024,import,18175,1950.00
EU27_2020,BO,090121,2025,import,9578,1054.00
EU27_2020,BR,090121,2024,import,1110860,175604.00
EU27_2020,BR,090121,2025,import,1536974,169528.00
EU27_2020,BW,090121,2024,import,61,3.00
EU27_2020,BW,090121,2025,import,18,2.00
EU27_2020,BY,090121,2024,import,109,15.00
EU27_2020,BY,090121,2025,import,155,18.00
EU27_2020,CA,090121,2024,import,895033,67706.00
EU27_2020,CA,090121,2025,import,1013963,63284.00
EU27_2020,CD,090121,2024,import,940,419.00
EU27_2020,CD,090121,2025,import,63815,5304.00
EU27_2020,CF,090121,2024,import,565,36.00
EU27_2020,CG,090121,2024,import,127,3.00
EU27_2020,CH,090121,2024,import,1309067295,49464694.00
EU27_2020,CH,090121,2025,import,1358434341,49205362.00
EU27_2020,CI,090121,2024,import,5917,1825.00
EU27_2020,CI,090121,2025,import,6108,2365.00
EU27_2020,CL,090121,2024,import,202,9.00
EU27_2020,CL,090121,2025,import,191,14.00
EU27_2020,CM,090121,2024,import,19798,5574.00
EU27_2020,CM,090121,2025,import,23486,4996.00
EU27_2020,CN,090121,2024,import,135860,7685.00
EU27_2020,CN,090121,2025,import,715757,48579.00
EU27_2020,CO,090121,2024,import,2328035,206078.00
EU27_2020,CO,090121,2025,import,3188953,263511.00
EU27_2020,CR,090121,2024,import,81119,5005.00
EU27_2020,CR,090121,2025,import,112316,7164.00
EU27_2020,CU,090121,2024,import,66463,9015.00
EU27_2020,CU,090121,2025,import,7413,645.00
EU27_2020,CV,090121,2024,import,588,45.00
EU27_2020,CV,090121,2025,import,373,27.00
EU27_2020,CW,090121,2024,import,37,2.00
EU27_2020,CW,090121,2025,import,32,3.00
EU27_2020,CY,090121,2024,import,17809880,1496609.00
EU27_2020,CY,090121,2025,import,26105389,1979012.00
EU27_2020,CZ,090121,2024,import,201141828,20846572.00
EU27_2020,CZ,090121,2025,import,259367124,22261933.00
EU27_2020,DE,090121,2024,import,1624295319,220924610.00
EU27_2020,DE,090121,2025,import,2239641268,236758256.00
EU27_2020,DK,090121,2024,import,127291426,13070858.00
EU27_2020,DK,090121,2025,import,88528310,7615461.00
EU27_2020,DM,090121,2025,import,33,1.00
EU27_2020,DO,090121,2024,import,223651,22975.00
EU27_2020,DO,090121,2025,import,304643,32610.00
EU27_2020,DZ,090121,2024,import,2988,581.00
EU27_2020,DZ,090121,2025,import,572,139.00
EU27_2020,EC,090121,2024,import,24271,1308.00
EU27_2020,EC,090121,2025,import,27252,618.00
EU27_2020,EE,090121,2024,import,26062094,3455698.00
EU27_2020,EE,090121,2025,import,25758346,2535780.00
EU27_2020,EG,090121,2024,import,17654,2640.00
EU27_2020,EG,090121,2025,import,124208,7332.00
EU27_2020,ES,090121,2024,import,212966952,19123299.00
EU27_2020,ES,090121,2025,import,307245974,20284959.00
EU27_2020,ET,090121,2024,import,2583259,305011.00
EU27_2020,ET,090121,2025,import,5105960,530575.00
EU27_2020,EXT_EU27_2020,090121,2020,import,1541532964,85966816.00
EU27_2020,EXT_EU27_2020,090121,2021,import,1582343862,82843100.00
EU27_2020,EXT_EU27_2020,090121,2022,import,1571407582,76027707.00
EU27_2020,EXT_EU27_2020,090121,2023,import,1490761630,66248040.00
EU27_2020,EXT_EU27_2020,090121,2024,import,1500339462,67131255.00
EU27_2020,EXT_EU27_2020,090121,2025,import,1573862546,67206575.00
EU27_2020,FI,090121,2024,import,24983264,5025886.00
EU27_2020,FI,090121,2025,import,32736680,3554848.00
EU27_2020,FJ,090121,2025,import,305,5.00
EU27_2020,FO,090121,2024,import,270,13.00
EU27_2020,FR,090121,2024,import,922821972,40145587.00
EU27_2020,FR,090121,2025,import,1008965480,41756310.00
EU27_2020,GB,090121,2024,import,129012586,10138928.00
EU27_2020,GB,090121,2025,import,142483104,10542329.00
EU27_2020,GD,090121,2024,import,273,4.00
EU27_2020,GE,090121,2024,import,111521,4116.00
EU27_2020,GE,090121,2025,import,111632,3603.00
EU27_2020,GH,090121,2024,import,289,30.00
EU27_2020,GH,090121,2025,import,472,87.00
EU27_2020,GN,090121,2024,import,146,6.00
EU27_2020,GN,090121,2025,import,44,
EU27_2020,GR,090121,2024,import,22039209,2218629.00
EU27_2020,GR,090121,2025,import,23338960,1959911.00
EU27_2020,GT,090121,2024,import,66751,5600.00
EU27_2020,GT,090121,2025,import,48287,3014.00
EU27_2020,HK,090121,2024,import,3030,133.00
EU27_2020,HK,090121,2025,import,3199,81.00
EU27_2020,HN,090121,2024,import,80446,7890.00
EU27_2020,HN,090121,2025,import,92159,6520.00
EU27_2020,HR,090121,2024,import,10966839,1233241.00
EU27_2020,HR,090121,2025,import,12596043,1198658.00
EU27_2020,HT,090121,2025,import,32,4.00
EU27_2020,HU,090121,2024,import,32446376,3875323.00
EU27_2020,HU,090121,2025,import,37400182,3570852.00
EU27_2020,ID,090121,2024,import,43133,1486.00
EU27_2020,ID,090121,2025,import,239715,27861.00
EU27_2020,IE,090121,2024,import,1992257,216535.00
EU27_2020,IE,090121,2025,import,1655694,140031.00
EU27_2020,IL,090121,2024,import,98546,5543.00
EU27_2020,IL,090121,2025,import,123295,6832.00
EU27_2020,IN,090121,2024,import,69143,6703.00
EU27_2020,IN,090121,2025,import,199252,13116.00
EU27_2020,INT_EU27_2020,090121,2024,import,6652485234,752806084.00
EU27_2020,INT_EU27_2020,090121,2025,import,8621644684,773862057.00
EU27_2020,IQ,090121,2024,import,27,2.00
EU27_2020,IQ,090121,2025,import,1321,354.00
EU27_2020,IR,090121,2024,import,6131,425.00
EU27_2020,IR,090121,2025,import,3397,154.00
EU27_2020,IS,090121,2024,import,6637,745.00
EU27_2020,IS,090121,2025,import,6085,1440.00
EU27_2020,IT,090121,2024,import,1375377129,173690771.00
EU27_2020,IT,090121,2025,import,1799808452,169633102.00
EU27_2020,JM,090121,2024,import,45602,2047.00
EU27_2020,JM,090121,2025,import,49807,784.00
EU27_2020,JO,090121,2024,import,58549,5178.00
EU27_2020,JO,090121,2025,import,1670523,164935.00
EU27_2020,JP,090121,2024,import,68979,2248.00
EU27_2020,JP,090121,2025,import,79628,3722.00
EU27_2020,KE,090121,2024,import,10078062,1270634.00
EU27_2020,KE,090121,2025,import,6236880,657207.00
EU27_2020,KH,090121,2024,import,23,3.00
EU27_2020,KH,090121,2025,import,11934,19.00
EU27_2020,KR,090121,2024,import,25326,1690.00
EU27_2020,KR,090121,2025,import,139419,12943.00
EU27_2020,KW,090121,2024,import,772,55.00
EU27_2020,KW,090121,2025,import,1807,77.00
EU27_2020,KZ,090121,2024,import,630,41.00
EU27_2020,KZ,090121,2025,import,387,29.00
EU27_2020,LA,090121,2024,import,871,52.00
EU27_2020,LA,090121,2025,import,1552,51.00
EU27_2020,LB,090121,2024,import,4622584,497857.00
EU27_2020,LB,090121,2025,import,3292129,298034.00
EU27_2020,LI,090121,2024,import,30347,1104.00
EU27_2020,LI,090121,2025,import,4413,138.00
EU27_2020,LK,090121,2024,import,8619,716.00
EU27_2020,LK,090121,2025,import,41623,2345.00
EU27_2020,LT,090121,2024,import,106825618,12294584.00
EU27_2020,LT,090121,2025,import,138378168,11635421.00
EU27_2020,LU,090121,2024,import,48588140,6188872.00
EU27_2020,LU,090121,2025,import,66129347,6742729.00
EU27_2020,LV,090121,2024,import,34346602,3874186.00
EU27_2020,LV,090121,2025,import,46633874,4132075.00
EU27_2020,LY,090121,2024,import,2,1.00
EU27_2020,LY,090121,2025,import,44,3.00
EU27_2020,MA,090121,2024,import,46511,2217.00
EU27_2020,MA,090121,2025,import,150376,14106.00
EU27_2020,MD,090121,2024,import,401324,30082.00
EU27_2020,MD,090121,2025,import,10555,1075.00
EU27_2020,ME,090121,2024,import,5345,794.00
EU27_2020,ME,090121,2025,import,32529,3019.00
EU27_2020,MG,090121,2024,import,285,47.00
EU27_2020,MG,090121,2025,import,2681,178.00
EU27_2020,MH,090121,2024,import,8,
EU27_2020,MK,090121,2024,import,385531,54565.00
EU27_2020,MK,090121,2025,import,306020,36069.00
EU27_2020,ML,090121,2024,import,52,5.00
EU27_2020,MM,090121,2024,import,7,5.00
EU27_2020,MM,090121,2025,import,621,89.00
EU27_2020,MO,090121,2024,import,127,9.00
EU27_2020,MO,090121,2025,import,424,31.00
EU27_2020,MT,090121,2024,import,171846,23955.00
EU27_2020,MT,090121,2025,import,30641,1837.00
EU27_2020,MU,090121,2024,import,41229,2196.00
EU27_2020,MU,090121,2025,import,22043,3846.00
EU27_2020,MV,090121,2024,import,4,2.00
EU27_2020,MW,090121,2024,import,353,1.00
EU27_2020,MW,090121,2025,import,14,5.00
EU27_2020,MX,090121,2024,import,116001,4461.00
EU27_2020,MX,090121,2025,import,73142,3207.00
EU27_2020,MY,090121,2024,import,24414,1020.00
EU27_2020,MY,090121,2025,import,45958,1736.00
EU27_2020,MZ,090121,2024,import,141,11.00
EU27_2020,MZ,090121,2025,import,8,1.00
EU27_2020,NA,090121,2024,import,3,1.00
EU27_2020,NC,090121,2024,import,1,
EU27_2020,NC,090121,2025,import,71,1.00
EU27_2020,NG,090121,2024,import,371,34.00
EU27_2020,NG,090121,2025,import,701,53.00
EU27_2020,NI,090121,2024,import,7642,667.00
EU27_2020,NI,090121,2025,import,25620,2040.00
EU27_2020,NL,090121,2024,import,636114417,68437473.00
EU27_2020,NL,090121,2025,import,826425615,72179897.00
EU27_2020,NO,090121,2024,import,4572476,454489.00
EU27_2020,NO,090121,2025,import,2124089,137785.00
EU27_2020,NP,090121,2024,import,1306,63.00
EU27_2020,NP,090121,2025,import,935,82.00
EU27_2020,NR,090121,2024,import,14789,2343.00
EU27_2020,NZ,090121,2024,import,34725,1815.00
EU27_2020,NZ,090121,2025,import,20129,1665.00
EU27_2020,OM,090121,2024,import,260,23.00
EU27_2020,OM,090121,2025,import,2362,165.00
EU27_2020,PA,090121,2024,import,74293,7625.00
EU27_2020,PA,090121,2025,import,88304,1193.00
EU27_2020,PE,090121,2024,import,44574,2953.00
EU27_2020,PE,090121,2025,import,58040,3420.00
EU27_2020,PF,090121,2024,import,2624,171.00
EU27_2020,PF,090121,2025,import,2141,132.00
EU27_2020,PG,090121,2024,import,3412,127.00
EU27_2020,PG,090121,2025,import,1600,79.00
EU27_2020,PH,090121,2024,import,33762,1924.00
EU27_2020,PH,090121,2025,import,65444,4763.00
EU27_2020,PK,090121,2024,import,9,1.00
EU27_2020,PK,090121,2025,import,11,1.00
EU27_2020,PL,090121,2024,import,392713747,52437582.00
EU27_2020,PL,090121,2025,import,540458908,54169060.00
EU27_2020,PS,090121,2024,import,123,9.00
EU27_2020,PS,090121,2025,import,47,3.00
EU27_2020,PT,090121,2024,import,65655798,9044755.00
EU27_2020,PT,090121,2025,import,89740219,9189386.00
EU27_2020,PY,090121,2024,import,5162,498.00
EU27_2020,PY,090121,2025,import,1855,140.00
EU27_2020,QA,090121,2024,import,1087,56.00
EU27_2020,QA,090121,2025,import,2104,120.00
EU27_2020,QV,090121,2024,import,7360887,694639.00
EU27_2020,QV,090121,2025,import,2156315,181850.00
EU27_2020,QW,090121,2024,import,159468,14106.00
EU27_2020,QW,090121,2025,import,356861,23627.00
EU27_2020,RO,090121,2024,import,13124221,1553105.00
EU27_2020,RO,090121,2025,import,20798599,2011988.00
EU27_2020,RU,090121,2024,import,69911,8159.00
EU27_2020,RU,090121,2025,import,117649,15233.00
EU27_2020,RW,090121,2024,import,77505,6649.00
EU27_2020,RW,090121,2025,import,100687,6776.00
EU27_2020,SA,090121,2024,import,49253,12395.00
EU27_2020,SA,090121,2025,import,69742,20382.00
EU27_2020,SE,090121,2024,import,129409677,15448932.00
EU27_2020,SE,090121,2025,import,187116827,16194957.00
EU27_2020,SG,090121,2024,import,1879748,57607.00
EU27_2020,SG,090121,2025,import,1975733,51125.00
EU27_2020,SH,090121,2025,import,51,2.00
EU27_2020,SI,090121,2024,import,28811077,3102751.00
EU27_2020,SI,090121,2025,import,40137433,5802085.00
EU27_2020,SK,090121,2024,import,143425149,20567811.00
EU27_2020,SK,090121,2025,import,157934898,16620041.00
EU27_2020,SL,090121,2024,import,9,1.00
EU27_2020,SL,090121,2025,import,3,1.00
EU27_2020,SM,090121,2024,import,38972,3848.00
EU27_2020,SM,090121,2025,import,53008,4612.00
EU27_2020,SN,090121,2024,import,181487,22043.00
EU27_2020,SN,090121,2025,import,256901,25857.00
EU27_2020,ST,090121,2024,import,2984,280.00
EU27_2020,ST,090121,2025,import,836,53.00
EU27_2020,SV,090121,2024,import,21296,1458.00
EU27_2020,SV,090121,2025,import,14571,567.00
EU27_2020,SX,090121,2024,import,4,
EU27_2020,SY,090121,2024,import,2769151,295367.00
EU27_2020,SY,090121,2025,import,5459953,665627.00
EU27_2020,SZ,090121,2025,import,13585,1646.00
EU27_2020,TG,090121,2024,import,3425,649.00
EU27_2020,TG,090121,2025,import,654,437.00
EU27_2020,TH,090121,2024,import,121491,9281.00
EU27_2020,TH,090121,2025,import,165978,16866.00
EU27_2020,TN,090121,2024,import,775,82.00
EU27_2020,TN,090121,2025,import,1328,103.00
EU27_2020,TR,090121,2024,import,5685983,623918.00
EU27_2020,TR,090121,2025,import,6311389,520054.00
EU27_2020,TW,090121,2024,import,19661,601.00
EU27_2020,TW,090121,2025,import,18449,780.00
EU27_2020,TZ,090121,2024,import,23202,2600.00
EU27_2020,TZ,090121,2025,import,5499,271.00
EU27_2020,UA,090121,2024,import,657227,108439.00
EU27_2020,UA,090121,2025,import,1607335,217661.00
EU27_2020,UG,090121,2024,import,37541,3206.00
EU27_2020,UG,090121,2025,import,42491,3103.00
EU27_2020,US,090121,2024,import,3024763,230058.00
EU27_2020,US,090121,2025,import,4433023,350786.00
EU27_2020,UY,090121,2025,import,220,2.00
EU27_2020,UZ,090121,2024,import,1,2.00
EU27_2020,VE,090121,2024,import,6020,1058.00
EU27_2020,VE,090121,2025,import,28399,3464.00
EU27_2020,VG,090121,2025,import,1,1.00
EU27_2020,VN,090121,2020,import,840803,277220.00
EU27_2020,VN,090121,2021,import,1273956,341131.00
EU27_2020,VN,090121,2022,import,1004335,253439.00
EU27_2020,VN,090121,2023,import,1168106,304739.00
EU27_2020,VN,090121,2024,import,1353860,320959.00
EU27_2020,VN,090121,2025,import,1377115,261825.00
EU27_2020,VU,090121,2024,import,81,1.00
EU27_2020,WF,090121,2024,import,124,15.00
EU27_2020,XK,090121,2024,import,2395213,411462.00
EU27_2020,XK,090121,2025,import,3683670,533018.00
EU27_2020,XL,090121,2024,import,35581,3399.00
EU27_2020,XL,090121,2025,import,15200,1600.00
EU27_2020,XS,090121,2024,import,5172547,765375.00
EU27_2020,XS,090121,2025,import,6879730,837536.00
EU27_2020,YE,090121,2024,import,1779,160.00
EU27_2020,YE,090121,2025,import,2594,200.00
EU27_2020,ZA,090121,2024,import,37321,1686.00
EU27_2020,ZA,090121,2025,import,44940,1725.00
EU27_2020,ZM,090121,2024,import,6,
EU27_2020,ZW,090121,2025,import,1,2.00
FI,EXT_EU27_2020,090121,2020,import,1060117,78903.00
FI,EXT_EU27_2020,090121,2021,import,229021,27220.00
FI,EXT_EU27_2020,090121,2022,import,1678312,201410.00
FI,EXT_EU27_2020,090121,2023,import,1250725,103866.00
FI,EXT_EU27_2020,090121,2024,import,3395606,326881.00
FI,EXT_EU27_2020,090121,2025,import,2666066,200337.00
FI,VN,090121,2020,import,72,5.00
FI,VN,090121,2021,import,429,142.00
FI,VN,090121,2022,import,50742,5253.00
FI,VN,090121,2023,import,1933,177.00
FI,VN,090121,2024,import,37579,4463.00
FI,VN,090121,2025,import,42845,4066.00
FI,WORLD,090121,2020,import,58833820,10967672.00
FI,WORLD,090121,2021,import,68750350,12139015.00
FI,WORLD,090121,2022,import,136549516,19433287.00
FI,WORLD,090121,2023,import,90944510,11982019.00
FI,WORLD,090121,2024,import,96344717,12524487.00
FI,WORLD,090121,2025,import,125595006,11985092.00
FR,EXT_EU27_2020,090121,2020,import,1116632543,42582181.00
FR,EXT_EU27_2020,090121,2021,import,1128363563,42709445.00
FR,EXT_EU27_2020,090121,2022,import,1058006141,37016211.00
FR,EXT_EU27_2020,090121,2023,import,1002477754,32139619.00
FR,EXT_EU27_2020,090121,2024,import,1028939882,33846649.00
FR,EXT_EU27_2020,090121,2025,import,1050488601,33376941.00
FR,VN,090121,2020,import,25143,2557.00
FR,VN,090121,2021,import,33432,4647.00
FR,VN,090121,2022,import,42457,4597.00
FR,VN,090121,2023,import,58574,8880.00
FR,VN,090121,2024,import,105841,15211.00
FR,VN,090121,2025,import,103724,12625.00
FR,WORLD,090121,2020,import,1816745489,143181555.00
FR,WORLD,090121,2021,import,1889216034,176102749.00
FR,WORLD,090121,2022,import,1997761633,157740493.00
FR,WORLD,090121,2023,import,2012383311,146171463.00
FR,WORLD,090121,2024,import,2031364628,143998291.00
FR,WORLD,090121,2025,import,2271469397,142818374.00
GR,EXT_EU27_2020,090121,2020,import,2119025,252897.00
GR,EXT_EU27_2020,090121,2021,import,1989048,190533.00
GR,EXT_EU27_2020,090121,2022,import,1219651,101957.00
GR,EXT_EU27_2020,090121,2023,import,708553,53369.00
GR,EXT_EU27_2020,090121,2024,import,1113794,63295.00
GR,EXT_EU27_2020,090121,2025,import,2591658,129069.00
GR,VN,090121,2022,import,125,5.00
GR,VN,090121,2023,import,165,4.00
GR,WORLD,090121,2020,import,111219222,12029512.00
GR,WORLD,090121,2021,import,132666839,13922358.00
GR,WORLD,090121,2022,import,150256653,13733018.00
GR,WORLD,090121,2023,import,165357362,15671382.00
GR,WORLD,090121,2024,import,187856139,15587463.00
GR,WORLD,090121,2025,import,220325519,14536457.00
HR,EXT_EU27_2020,090121,2020,import,3199694,384778.00
HR,EXT_EU27_2020,090121,2021,import,3937876,404424.00
HR,EXT_EU27_2020,090121,2022,import,3664257,313369.00
HR,EXT_EU27_2020,090121,2023,import,3849332,278445.00
HR,EXT_EU27_2020,090121,2024,import,5172640,383677.00
HR,EXT_EU27_2020,090121,2025,import,6709006,450251.00
HR,VN,090121,2020,import,273,2.00
HR,WORLD,090121,2020,import,37351884,6141768.00
HR,WORLD,090121,2021,import,42465240,6492177.00
HR,WORLD,090121,2022,import,50889652,6735693.00
HR,WORLD,090121,2023,import,59281220,7055253.00
HR,WORLD,090121,2024,import,68462149,7424195.00
HR,WORLD,090121,2025,import,96429830,7734408.00
HU,EXT_EU27_2020,090121,2020,import,3528755,397783.00
HU,EXT_EU27_2020,090121,2021,import,4007487,354675.00
HU,EXT_EU27_2020,090121,2022,import,2043671,174452.00
HU,EXT_EU27_2020,090121,2023,import,1262018,98018.00
HU,EXT_EU27_2020,090121,2024,import,1311266,94228.00
HU,EXT_EU27_2020,090121,2025,import,1674509,61779.00
HU,VN,090121,2020,import,32,3.00
HU,VN,090121,2021,import,2052,248.00
HU,VN,090121,2022,import,7447,691.00
HU,VN,090121,2023,import,335,15.00
HU,VN,090121,2024,import,91,1.00
HU,VN,090121,2025,import,4,2.00
HU,WORLD,090121,2020,import,81790401,19673573.00
HU,WORLD,090121,2021,import,94903499,21399702.00
HU,WORLD,090121,2022,import,123239358,21518091.00
HU,WORLD,090121,2023,import,115036096,18911726.00
HU,WORLD,090121,2024,import,140201799,20605761.00
HU,WORLD,090121,2025,import,191725337,20104818.00
IE,EXT_EU27_2020,090121,2020,import,25823938,3809721.00
IE,EXT_EU27_2020,090121,2021,import,42122387,3769087.00
IE,EXT_EU27_2020,090121,2022,import,38056464,3240215.00
IE,EXT_EU27_2020,090121,2023,import,43721511,3448558.00
IE,EXT_EU27_2020,090121,2024,import,45469357,3469702.00
IE,EXT_EU27_2020,090121,2025,import,42590817,3194508.00
IE,VN,090121,2020,import,203,10.00
IE,VN,090121,2021,import,1841,157.00
IE,VN,090121,2022,import,78,7.00
IE,VN,090121,2023,import,1246,69.00
IE,VN,090121,2024,import,10095,462.00
IE,VN,090121,2025,import,9895,894.00
IE,WORLD,090121,2020,import,60700684,16675047.00
IE,WORLD,090121,2021,import,72386402,6719360.00
IE,WORLD,090121,2022,import,71509766,11150069.00
IE,WORLD,090121,2023,import,85575939,12887232.00
IE,WORLD,090121,2024,import,84064247,6629686.00
IE,WORLD,090121,2025,import,90135535,12321684.00
IT,EXT_EU27_2020,090121,2020,import,10662030,2103082.00
IT,EXT_EU27_2020,090121,2021,import,9831858,1658637.00
IT,EXT_EU27_2020,090121,2022,import,13298793,1799836.00
IT,EXT_EU27_2020,090121,2023,import,10324237,1608134.00
IT,EXT_EU27_2020,090121,2024,import,10920280,1888231.00
IT,EXT_EU27_2020,090121,2025,import,18697852,2946424.00
IT,VN,090121,2020,import,12821,1645.00
IT,VN,090121,2021,import,15332,1664.00
IT,VN,090121,2022,import,10520,1054.00
IT,VN,090121,2023,import,2187,612.00
IT,VN,090121,2025,import,84313,14604.00
IT,WORLD,090121,2020,import,206257397,18555070.00
IT,WORLD,090121,2021,import,223796173,20857830.00
IT,WORLD,090121,2022,import,247683704,20221631.00
IT,WORLD,090121,2023,import,254761734,18722283.00
IT,WORLD,090121,2024,import,282406399,19929734.00
IT,WORLD,090121,2025,import,326528412,23888866.00
LT,EXT_EU27_2020,090121,2020,import,881989,135127.00
LT,EXT_EU27_2020,090121,2021,import,556909,64245.00
LT,EXT_EU27_2020,090121,2022,import,1925656,136779.00
LT,EXT_EU27_2020,090121,2023,import,383447,25161.00
LT,EXT_EU27_2020,090121,2024,import,615556,39048.00
LT,EXT_EU27_2020,090121,2025,import,1713031,110033.00
LT,VN,090121,2020,import,1244,90.00
LT,VN,090121,2021,import,368,37.00
LT,VN,090121,2022,import,6,3.00
LT,VN,090121,2023,import,53990,6751.00
LT,VN,090121,2024,import,8598,807.00
LT,WORLD,090121,2020,import,105705116,18010420.00
LT,WORLD,090121,2021,import,116743351,18975894.00
LT,WORLD,090121,2022,import,172001755,23492455.00
LT,WORLD,090121,2023,import,167821689,20196113.00
LT,WORLD,090121,2024,import,192623342,22413371.00
LT,WORLD,090121,2025,import,243806505,21569567.00
LU,EXT_EU27_2020,090121,2020,import,120717,21934.00
LU,EXT_EU27_2020,090121,2021,import,27676,4197.00
LU,EXT_EU27_2020,090121,2022,import,52163,4014.00
LU,EXT_EU27_2020,090121,2023,import,99137,3473.00
LU,EXT_EU27_2020,090121,2024,import,21217,1672.00
LU,EXT_EU27_2020,090121,2025,import,23974,2225.00
LU,VN,090121,2022,import,23760,2438.00
LU,WORLD,090121,2020,import,88360031,15019413.00
LU,WORLD,090121,2021,import,102395201,17301782.00
LU,WORLD,090121,2022,import,131502651,19061427.00
LU,WORLD,090121,2023,import,115195985,14920214.00
LU,WORLD,090121,2024,import,122182191,15082376.00
LU,WORLD,090121,2025,import,161820235,15231273.00
LV,EXT_EU27_2020,090121,2020,import,617142,78643.00
LV,EXT_EU27_2020,090121,2021,import,358228,76854.00
LV,EXT_EU27_2020,090121,2022,import,265890,21867.00
LV,EXT_EU27_2020,090121,2023,import,355576,40834.00
LV,EXT_EU27_2020,090121,2024,import,493963,55510.00
LV,EXT_EU27_2020,090121,2025,import,173810,16873.00
LV,VN,090121,2020,import,840,145.00
LV,VN,090121,2021,import,231,25.00
LV,WORLD,090121,2020,import,58362055,9230947.00
LV,WORLD,090121,2021,import,56559616,8925871.00
LV,WORLD,090121,2022,import,78135834,9438487.00
LV,WORLD,090121,2023,import,73742781,8708633.00
LV,WORLD,090121,2024,import,76113117,8573492.00
LV,WORLD,090121,2025,import,95173216,7851811.00
MT,EXT_EU27_2020,090121,2020,import,1208268,391331.00
MT,EXT_EU27_2020,090121,2021,import,1265590,64867.00
MT,EXT_EU27_2020,090121,2022,import,1362765,63086.00
MT,EXT_EU27_2020,090121,2023,import,1411049,49311.00
MT,EXT_EU27_2020,090121,2024,import,1709293,63727.00
MT,EXT_EU27_2020,090121,2025,import,951283,27516.00
MT,VN,090121,2022,import,97,5.00
MT,VN,090121,2023,import,22,1.00
MT,VN,090121,2024,import,5,1.00
MT,WORLD,090121,2020,import,4240727,854167.00
MT,WORLD,090121,2021,import,5145203,608928.00
MT,WORLD,090121,2022,import,6778705,823897.00
MT,WORLD,090121,2023,import,8153918,711056.00
MT,WORLD,090121,2024,import,8758744,784976.00
MT,WORLD,090121,2025,import,8639201,678928.00
NL,EXT_EU27_2020,090121,2020,import,54451073,8317298.00
NL,EXT_EU27_2020,090121,2021,import,52495076,8107052.00
NL,EXT_EU27_2020,090121,2022,import,78433544,7046618.00
NL,EXT_EU27_2020,090121,2023,import,93195645,6619407.00
NL,EXT_EU27_2020,090121,2024,import,96762732,7738894.00
NL,EXT_EU27_2020,090121,2025,import,110361386,8484878.00
NL,VN,090121,2020,import,235389,41714.00
NL,VN,090121,2021,import,287931,48293.00
NL,VN,090121,2022,import,258243,37184.00
NL,VN,090121,2023,import,363354,54779.00
NL,VN,090121,2024,import,375872,43079.00
NL,VN,090121,2025,import,440567,45000.00
NL,WORLD,090121,2020,import,569335691,70070284.00
NL,WORLD,090121,2021,import,593951005,74361541.00
NL,WORLD,090121,2022,import,645420637,78404063.00
NL,WORLD,090121,2023,import,646995419,68325100.00
NL,WORLD,090121,2024,import,662881270,73503521.00
NL,WORLD,090121,2025,import,832362594,74663371.00
PL,EXT_EU27_2020,090121,2020,import,14314607,1804945.00
PL,EXT_EU27_2020,090121,2021,import,5346553,561106.00
PL,EXT_EU27_2020,090121,2022,import,3872058,340026.00
PL,EXT_EU27_2020,090121,2023,import,2097378,208235.00
PL,EXT_EU27_2020,090121,2024,import,2276605,190087.00
PL,EXT_EU27_2020,090121,2025,import,2913698,241903.00
PL,VN,090121,2020,import,12006,2174.00
PL,VN,090121,2021,import,15033,1989.00
PL,VN,090121,2022,import,27957,4627.00
PL,VN,090121,2023,import,46477,6481.00
PL,VN,090121,2024,import,51545,6584.00
PL,VN,090121,2025,import,69969,8234.00
PL,WORLD,090121,2020,import,314068561,59876107.00
PL,WORLD,090121,2021,import,361657779,66612772.00
PL,WORLD,090121,2022,import,513387974,72865391.00
PL,WORLD,090121,2023,import,528370021,73366852.00
PL,WORLD,090121,2024,import,653752298,86037939.00
PL,WORLD,090121,2025,import,879646015,88275379.00
PT,EXT_EU27_2020,090121,2020,import,1407076,191829.00
PT,EXT_EU27_2020,090121,2021,import,2520632,254684.00
PT,EXT_EU27_2020,090121,2022,import,1948347,166518.00
PT,EXT_EU27_2020,090121,2023,import,1460705,107301.00
PT,EXT_EU27_2020,090121,2024,import,1201397,116121.00
PT,EXT_EU27_2020,090121,2025,import,1391226,119097.00
PT,VN,090121,2022,import,530,37.00
PT,VN,090121,2023,import,221,17.00
PT,VN,090121,2024,import,352,18.00
PT,VN,090121,2025,import,407,21.00
PT,WORLD,090121,2020,import,126850284,10002235.00
PT,WORLD,090121,2021,import,167487588,13093882.00
PT,WORLD,090121,2022,import,195079248,15864587.00
PT,WORLD,090121,2023,import,169512529,10592212.00
PT,WORLD,090121,2024,import,190699887,12503843.00
PT,WORLD,090121,2025,import,224362035,13036861.00
RO,EXT_EU27_2020,090121,2020,import,3920634,482744.00
RO,EXT_EU27_2020,090121,2021,import,3821983,422646.00
RO,EXT_EU27_2020,090121,2022,import,3767481,331875.00
RO,EXT_EU27_2020,090121,2023,import,3531628,261520.00
RO,EXT_EU27_2020,090121,2024,import,3926533,312018.00
RO,EXT_EU27_2020,090121,2025,import,4118051,300189.00
RO,VN,090121,2020,import,8856,1620.00
RO,VN,090121,2022,import,454,6.00
RO,VN,090121,2023,import,672,12.00
RO,WORLD,090121,2020,import,190122847,38877638.00
RO,WORLD,090121,2021,import,212550922,37951207.00
RO,WORLD,090121,2022,import,258332621,38767721.00
RO,WORLD,090121,2023,import,288057686,40049576.00
RO,WORLD,090121,2024,import,337106989,44649734.00
RO,WORLD,090121,2025,import,431448719,41451604.00
SE,EXT_EU27_2020,090121,2020,import,32714181,2642334.00
SE,EXT_EU27_2020,090121,2021,import,37600990,2908107.00
SE,EXT_EU27_2020,090121,2022,import,33905372,2247532.00
SE,EXT_EU27_2020,090121,2023,import,30003848,1900995.00
SE,EXT_EU27_2020,090121,2024,import,33381596,2075688.00
SE,EXT_EU27_2020,090121,2025,import,43693915,2114244.00
SE,VN,090121,2020,import,9567,1725.00
SE,VN,090121,2021,import,6409,663.00
SE,VN,090121,2022,import,4996,886.00
SE,VN,090121,2023,import,2725,234.00
SE,VN,090121,2024,import,5449,572.00
SE,VN,090121,2025,import,9360,724.00
SE,WORLD,090121,2020,import,84435346,12789629.00
SE,WORLD,090121,2021,import,86339875,11851614.00
SE,WORLD,090121,2022,import,115797643,14251732.00
SE,WORLD,090121,2023,import,115516922,14497827.00
SE,WORLD,090121,2024,import,109468979,12014668.00
SE,WORLD,090121,2025,import,144012749,11664804.00
SI,EXT_EU27_2020,090121,2020,import,4044845,821785.00
SI,EXT_EU27_2020,090121,2021,import,4357050,845026.00
SI,EXT_EU27_2020,090121,2022,import,5337795,882110.00
SI,EXT_EU27_2020,090121,2023,import,6499371,978068.00
SI,EXT_EU27_2020,090121,2024,import,7148059,992580.00
SI,EXT_EU27_2020,090121,2025,import,10353881,1100897.00
SI,VN,090121,2021,import,73,2.00
SI,WORLD,090121,2020,import,29580644,4849366.00
SI,WORLD,090121,2021,import,28814642,4756052.00
SI,WORLD,090121,2022,import,32519433,4753589.00
SI,WORLD,090121,2023,import,40046748,4459889.00
SI,WORLD,090121,2024,import,41091673,4516201.00
SI,WORLD,090121,2025,import,49967369,4525289.00
SK,EXT_EU27_2020,090121,2020,import,1453451,140728.00
SK,EXT_EU27_2020,090121,2021,import,267999,26949.00
SK,EXT_EU27_2020,090121,2022,import,357170,29767.00
SK,EXT_EU27_2020,090121,2023,import,236920,17581.00
SK,EXT_EU27_2020,090121,2024,import,268932,15913.00
SK,EXT_EU27_2020,090121,2025,import,59833,6158.00
SK,VN,090121,2020,import,410,235.00
SK,VN,090121,2021,import,1158,493.00
SK,VN,090121,2022,import,6428,1938.00
SK,VN,090121,2023,import,1280,1136.00
SK,VN,090121,2024,import,4360,737.00
SK,VN,090121,2025,import,9731,3077.00
SK,WORLD,090121,2020,import,101344206,26071605.00
SK,WORLD,090121,2021,import,151452774,33025571.00
SK,WORLD,090121,2022,import,228480108,39623751.00
SK,WORLD,090121,2023,import,182936749,30288303.00
SK,WORLD,090121,2024,import,177764893,28251813.00
SK,WORLD,090121,2025,import,243527761,29729659.00
AT,EXT_EU27_2020,090230,2020,import,2386040,186083.00
AT,EXT_EU27_2020,090230,2021,import,714577,120861.00
AT,EXT_EU27_2020,090230,2022,import,642983,103624.00
AT,EXT_EU27_2020,090230,2023,import,690785,105123.00
AT,EXT_EU27_2020,090230,2024,import,574499,57648.00
AT,EXT_EU27_2020,090230,2025,import,890718,102809.00
AT,VN,090230,2020,import,401,23.00
AT,VN,090230,2021,import,168,2.00
AT,VN,090230,2022,import,209,
AT,VN,090230,2024,import,25,
AT,WORLD,090230,2020,import,11358939,1471961.00
AT,WORLD,090230,2021,import,12583424,1919625.00
AT,WORLD,090230,2022,import,12831723,1689542.00
AT,WORLD,090230,2023,import,15557576,2057152.00
AT,WORLD,090230,2024,import,14079441,1508839.00
AT,WORLD,090230,2025,import,14896850,1548247.00
BE,EXT_EU27_2020,090230,2020,import,16227523,4058023.00
BE,EXT_EU27_2020,090230,2021,import,21638398,5373031.00
BE,EXT_EU27_2020,090230,2022,import,21061487,4771582.00
BE,EXT_EU27_2020,090230,2023,import,26094923,5723747.00
BE,EXT_EU27_2020,090230,2024,import,19569628,4074698.00
BE,EXT_EU27_2020,090230,2025,import,20690259,4149868.00
BE,VN,090230,2021,import,217,10.00
BE,VN,090230,2022,import,10604,386.00
BE,VN,090230,2023,import,37,2.00
BE,VN,090230,2024,import,628,33.00
BE,VN,090230,2025,import,470,14.00
BE,WORLD,090230,2020,import,28663764,5013932.00
BE,WORLD,090230,2021,import,34430048,7627084.00
BE,WORLD,090230,2022,import,34477393,9708277.00
BE,WORLD,090230,2023,import,40590311,10868209.00
BE,WORLD,090230,2024,import,34836123,4954961.00
BE,WORLD,090230,2025,import,38659954,5102538.00
BG,EXT_EU27_2020,090230,2020,import,1125583,261738.00
BG,EXT_EU27_2020,090230,2021,import,1368101,359751.00
BG,EXT_EU27_2020,090230,2022,import,1999691,433013.00
BG,EXT_EU27_2020,090230,2023,import,1820490,425581.00
BG,EXT_EU27_2020,090230,2024,import,2291727,534484.00
BG,EXT_EU27_2020,090230,2025,import,1803514,368220.00
BG,VN,090230,2024,import,1,2.00
BG,WORLD,090230,2020,import,1435312,281782.00
BG,WORLD,090230,2021,import,1772127,382840.00
BG,WORLD,090230,2022,import,2580478,464381.00
BG,WORLD,090230,2023,import,2379316,452586.00
BG,WORLD,090230,2024,import,2759164,577792.00
BG,WORLD,090230,2025,import,2215766,389925.00
CY,EXT_EU27_2020,090230,2020,import,701079,152529.00
CY,EXT_EU27_2020,090230,2021,import,696548,89064.00
CY,EXT_EU27_2020,090230,2022,import,1452022,157838.00
CY,EXT_EU27_2020,090230,2023,import,1176632,121728.00
CY,EXT_EU27_2020,090230,2024,import,1108406,111912.00
CY,EXT_EU27_2020,090230,2025,import,1034328,100797.00
CY,VN,090230,2020,import,730,142.00
CY,VN,090230,2021,import,819,125.00
CY,VN,090230,2022,import,8278,682.00
CY,VN,090230,2024,import,54,5.00
CY,WORLD,090230,2020,import,1049518,187380.00
CY,WORLD,090230,2021,import,1187590,144652.00
CY,WORLD,090230,2022,import,2024261,215111.00
CY,WORLD,090230,2023,import,2089804,197688.00
CY,WORLD,090230,2024,import,2520947,214088.00
CY,WORLD,090230,2025,import,2292631,167724.00
CZ,EXT_EU27_2020,090230,2020,import,3907407,295564.00
CZ,EXT_EU27_2020,090230,2021,import,3977972,337289.00
CZ,EXT_EU27_2020,090230,2022,import,6146133,427257.00
CZ,EXT_EU27_2020,090230,2023,import,4650739,343846.00
CZ,EXT_EU27_2020,090230,2024,import,5207880,369355.00
CZ,EXT_EU27_2020,090230,2025,import,5537045,434633.00
CZ,VN,090230,2020,import,1407,111.00
CZ,VN,090230,2021,import,20053,4747.00
CZ,VN,090230,2022,import,45904,3664.00
CZ,VN,090230,2023,import,12060,1150.00
CZ,VN,090230,2024,import,4011,132.00
CZ,VN,090230,2025,import,3916,109.00
CZ,WORLD,090230,2020,import,12915769,1182207.00
CZ,WORLD,090230,2021,import,13920094,1262369.00
CZ,WORLD,090230,2022,import,17813686,1482151.00
CZ,WORLD,090230,2023,import,15520853,1421623.00
CZ,WORLD,090230,2024,import,15802709,1237085.00
CZ,WORLD,090230,2025,import,16575975,1506139.00
DE,EXT_EU27_2020,090230,2020,import,25929243,4066206.00
DE,EXT_EU27_2020,090230,2021,import,33129697,4766070.00
DE,EXT_EU27_2020,090230,2022,import,32104497,4423300.00
DE,EXT_EU27_2020,090230,2023,import,27685722,3648262.00
DE,EXT_EU27_2020,090230,2024,import,38208700,4863805.00
DE,EXT_EU27_2020,090230,2025,import,41104522,5224743.00
DE,VN,090230,2020,import,2068,427.00
DE,VN,090230,2021,import,14555,1456.00
DE,VN,090230,2022,import,7872,275.00
DE,VN,090230,2023,import,10750,440.00
DE,VN,090230,2024,import,70431,12551.00
DE,VN,090230,2025,import,29676,2629.00
DE,WORLD,090230,2020,import,39768059,5823009.00
DE,WORLD,090230,2021,import,48251444,6374291.00
DE,WORLD,090230,2022,import,60105114,9293057.00
DE,WORLD,090230,2023,import,60203035,9740572.00
DE,WORLD,090230,2024,import,66925136,10056832.00
DE,WORLD,090230,2025,import,81832425,12610728.00
DK,EXT_EU27_2020,090230,2020,import,2916239,216987.00
DK,EXT_EU27_2020,090230,2021,import,2239944,199529.00
DK,EXT_EU27_2020,090230,2022,import,3375095,254768.00
DK,EXT_EU27_2020,090230,2023,import,2622703,226703.00
DK,EXT_EU27_2020,090230,2024,import,2732988,228482.00
DK,EXT_EU27_2020,090230,2025,import,3986210,338286.00
DK,VN,090230,2022,import,2,1.00
DK,VN,090230,2023,import,39,1.00
DK,VN,090230,2025,import,2,2.00
DK,WORLD,090230,2020,import,7319956,1887118.00
DK,WORLD,090230,2021,import,6839583,664936.00
DK,WORLD,090230,2022,import,10133160,862630.00
DK,WORLD,090230,2023,import,11349112,880739.00
DK,WORLD,090230,2024,import,13095605,1045120.00
DK,WORLD,090230,2025,import,14329664,1662543.00
EE,EXT_EU27_2020,090230,2020,import,1228429,130911.00
EE,EXT_EU27_2020,090230,2021,import,1411242,141927.00
EE,EXT_EU27_2020,090230,2022,import,1030562,101905.00
EE,EXT_EU27_2020,090230,2023,import,1305494,104332.00
EE,EXT_EU27_2020,090230,2024,import,1769610,140215.00
EE,EXT_EU27_2020,090230,2025,import,882911,79459.00
EE,WORLD,090230,2020,import,3137521,241041.00
EE,WORLD,090230,2021,import,3724124,278942.00
EE,WORLD,090230,2022,import,3467983,251695.00
EE,WORLD,090230,2023,import,3578360,224316.00
EE,WORLD,090230,2024,import,4498553,292882.00
EE,WORLD,090230,2025,import,3394751,231635.00
ES,EXT_EU27_2020,090230,2020,import,3681853,631536.00
ES,EXT_EU27_2020,090230,2021,import,2732779,474245.00
ES,EXT_EU27_2020,090230,2022,import,3140972,467047.00
ES,EXT_EU27_2020,090230,2023,import,1548506,218881.00
ES,EXT_EU27_2020,090230,2024,import,1369202,153621.00
ES,EXT_EU27_2020,090230,2025,import,2429037,356331.00
ES,VN,090230,2020,import,1390,573.00
ES,VN,090230,2022,import,23,1.00
ES,VN,090230,2023,import,150,3.00
ES,VN,090230,2024,import,102,4.00
ES,WORLD,090230,2020,import,12680133,1392036.00
ES,WORLD,090230,2021,import,12792343,1372220.00
ES,WORLD,090230,2022,import,12071731,1227643.00
ES,WORLD,090230,2023,import,11519197,1231580.00
ES,WORLD,090230,2024,import,15028986,1383636.00
ES,WORLD,090230,2025,import,13833308,1440062.00
EU27_2020,AE,090230,2024,import,20235054,1811826.00
EU27_2020,AE,090230,2025,import,18074178,1729283.00
EU27_2020,AF,090230,2024,import,65,48.00
EU27_2020,AF,090230,2025,import,880,20.00
EU27_2020,AL,090230,2024,import,12358,597.00
EU27_2020,AL,090230,2025,import,35314,2254.00
EU27_2020,AM,090230,2024,import,1390,13.00
EU27_2020,AM,090230,2025,import,1023,24.00
EU27_2020,AO,090230,2025,import,3,7.00
EU27_2020,AR,090230,2024,import,8395,494.00
EU27_2020,AR,090230,2025,import,30384,26447.00
EU27_2020,AT,090230,2024,import,4321373,264724.00
EU27_2020,AT,090230,2025,import,4275662,367914.00
EU27_2020,AU,090230,2024,import,28399,1772.00
EU27_2020,AU,090230,2025,import,54341,1287.00
EU27_2020,AZ,090230,2024,import,316741,31629.00
EU27_2020,AZ,090230,2025,import,490358,45953.00
EU27_2020,BA,090230,2024,import,29938,4709.00
EU27_2020,BA,090230,2025,import,32767,1977.00
EU27_2020,BD,090230,2024,import,93049,21172.00
EU27_2020,BD,090230,2025,import,60924,12755.00
EU27_2020,BE,090230,2024,import,18723011,4112178.00
EU27_2020,BE,090230,2025,import,24542333,5334634.00
EU27_2020,BF,090230,2024,import,1290,31.00
EU27_2020,BF,090230,2025,import,288,7.00
EU27_2020,BG,090230,2024,import,91166,29767.00
EU27_2020,BG,090230,2025,import,114182,15650.00
EU27_2020,BH,090230,2025,import,107,17.00
EU27_2020,BI,090230,2024,import,10,1.00
EU27_2020,BI,090230,2025,import,29,2.00
EU27_2020,BJ,090230,2024,import,1105,642.00
EU27_2020,BJ,090230,2025,import,300,5.00
EU27_2020,BO,090230,2024,import,4,1.00
EU27_2020,BO,090230,2025,import,79,8.00
EU27_2020,BR,090230,2024,import,1053,155.00
EU27_2020,BR,090230,2025,import,2501,89.00
EU27_2020,BT,090230,2024,import,1582,11.00
EU27_2020,BT,090230,2025,import,188,23.00
EU27_2020,BW,090230,2024,import,92,4.00
EU27_2020,BY,090230,2024,import,565,27.00
EU27_2020,BY,090230,2025,import,649,44.00
EU27_2020,CA,090230,2024,import,282092,10777.00
EU27_2020,CA,090230,2025,import,288778,9638.00
EU27_2020,CD,090230,2024,import,85,75.00
EU27_2020,CD,090230,2025,import,64,56.00
EU27_2020,CG,090230,2024,import,224,20.00
EU27_2020,CG,090230,2025,import,133,2.00
EU27_2020,CH,090230,2024,import,2906428,37300.00
EU27_2020,CH,090230,2025,import,2589936,33319.00
EU27_2020,CI,090230,2024,import,3196,151.00
EU27_2020,CI,090230,2025,import,3271,80.00
EU27_2020,CL,090230,2024,import,523,12.00
EU27_2020,CL,090230,2025,import,172,5.00
EU27_2020,CM,090230,2024,import,1006,22.00
EU27_2020,CM,090230,2025,import,1793,53.00
EU27_2020,CN,090230,2024,import,3785205,222645.00
EU27_2020,CN,090230,2025,import,4110752,385622.00
EU27_2020,CO,090230,2024,import,22619,961.00
EU27_2020,CO,090230,2025,import,37584,24185.00
EU27_2020,CR,090230,2025,import,20,1.00
EU27_2020,CV,090230,2024,import,8,1.00
EU27_2020,CY,090230,2024,import,8812,121.00
EU27_2020,CY,090230,2025,import,52531,3697.00
EU27_2020,CZ,090230,2024,import,3419433,244293.00
EU27_2020,CZ,090230,2025,import,3608442,325104.00
EU27_2020,DE,090230,2024,import,69042288,7080548.00
EU27_2020,DE,090230,2025,import,71732747,7646490.00
EU27_2020,DK,090230,2024,import,3376927,254557.00
EU27_2020,DK,090230,2025,import,4729541,380557.00
EU27_2020,DO,090230,2025,import,3,1.00
EU27_2020,DZ,090230,2024,import,29,4.00
EU27_2020,DZ,090230,2025,import,56,6.00
EU27_2020,EC,090230,2025,import,402,32.00
EU27_2020,EE,090230,2024,import,468102,26438.00
EU27_2020,EE,090230,2025,import,353828,12536.00
EU27_2020,EG,090230,2024,import,300991,135129.00
EU27_2020,EG,090230,2025,import,475954,187230.00
EU27_2020,ES,090230,2024,import,26702463,1151914.00
EU27_2020,ES,090230,2025,import,20209500,931084.00
EU27_2020,ET,090230,2024,import,213,9.00
EU27_2020,EXT_EU27_2020,090230,2020,import,194135688,26866604.00
EU27_2020,EXT_EU27_2020,090230,2021,import,166418480,25040274.00
EU27_2020,EXT_EU27_2020,090230,2022,import,188317918,25066267.00
EU27_2020,EXT_EU27_2020,090230,2023,import,183145558,24183904.00
EU27_2020,EXT_EU27_2020,090230,2024,import,199965681,24599266.00
EU27_2020,EXT_EU27_2020,090230,2025,import,203345838,25527053.00
EU27_2020,FI,090230,2024,import,453287,32608.00
EU27_2020,FI,090230,2025,import,476003,33873.00
EU27_2020,FR,090230,2024,import,16553860,780854.00
EU27_2020,FR,090230,2025,import,15699527,757603.00
EU27_2020,GB,090230,2024,import,39167454,4754839.00
EU27_2020,GB,090230,2025,import,37495629,4625413.00
EU27_2020,GE,090230,2024,import,148396,8535.00
EU27_2020,GE,090230,2025,import,101458,5101.00
EU27_2020,GH,090230,2024,import,1469,61.00
EU27_2020,GH,090230,2025,import,2424,72.00
EU27_2020,GM,090230,2025,import,7174,609.00
EU27_2020,GN,090230,2024,import,1848,159.00
EU27_2020,GN,090230,2025,import,450,36.00
EU27_2020,GR,090230,2024,import,985506,65156.00
EU27_2020,GR,090230,2025,import,836933,36429.00
EU27_2020,GT,090230,2024,import,9,
EU27_2020,GT,090230,2025,import,53,1.00
EU27_2020,GY,090230,2024,import,19,1.00
EU27_2020,HK,090230,2024,import,76068,1457.00
EU27_2020,HK,090230,2025,import,76681,782.00
EU27_2020,HN,090230,2025,import,79,
EU27_2020,HR,090230,2024,import,182617,13005.00
EU27_2020,HR,090230,2025,import,621735,68263.00
EU27_2020,HU,090230,2024,import,171256,12336.00
EU27_2020,HU,090230,2025,import,238822,18206.00
EU27_2020,ID,090230,2024,import,240794,15186.00
EU27_2020,ID,090230,2025,import,159971,14637.00
EU27_2020,IE,090230,2024,import,892654,41162.00
EU27_2020,IE,090230,2025,import,1063219,41277.00
EU27_2020,IL,090230,2024,import,63670,4514.00
EU27_2020,IL,090230,2025,import,65629,3694.00
EU27_2020,IN,090230,2024,import,18931586,2408384.00
EU27_2020,IN,090230,2025,import,19407846,2576035.00
EU27_2020,INT_EU27_2020,090230,2024,import,289524558,25626091.00
EU27_2020,INT_EU27_2020,090230,2025,import,298919525,28954201.00
EU27_2020,IQ,090230,2024,import,41294,6671.00
EU27_2020,IQ,090230,2025,import,57001,9475.00
EU27_2020,IR,090230,2024,import,46453,8280.00
EU27_2020,IR,090230,2025,import,49971,9234.00
EU27_2020,IS,090230,2024,import,184,7.00
EU27_2020,IS,090230,2025,import,826,28.00
EU27_2020,IT,090230,2024,import,2601458,264025.00
EU27_2020,IT,090230,2025,import,2505125,257941.00
EU27_2020,JM,090230,2024,import,1314,8.00
EU27_2020,JO,090230,2024,import,901,400.00
EU27_2020,JO,090230,2025,import,251342,38001.00
EU27_2020,JP,090230,2024,import,320458,7579.00
EU27_2020,JP,090230,2025,import,346151,7022.00
EU27_2020,KE,090230,2024,import,3472375,550082.00
EU27_2020,KE,090230,2025,import,3391893,541675.00
EU27_2020,KG,090230,2024,import,37,4.00
EU27_2020,KH,090230,2024,import,41861,1619.00
EU27_2020,KH,090230,2025,import,10175,643.00
EU27_2020,KM,090230,2025,import,198,8.00
EU27_2020,KR,090230,2024,import,55937,1561.00
EU27_2020,KR,090230,2025,import,282739,5455.00
EU27_2020,KW,090230,2024,import,76,1.00
EU27_2020,KZ,090230,2024,import,47364,6776.00
EU27_2020,KZ,090230,2025,import,37104,5980.00
EU27_2020,LA,090230,2024,import,5933,153.00
EU27_2020,LA,090230,2025,import,2431,75.00
EU27_2020,LB,090230,2024,import,61713,8752.00
EU27_2020,LB,090230,2025,import,198170,15892.00
EU27_2020,LC,090230,2024,import,176,
EU27_2020,LK,090230,2024,import,82888679,10898228.00
EU27_2020,LK,090230,2025,import,85933820,11093535.00
EU27_2020,LS,090230,2024,import,47,
EU27_2020,LT,090230,2024,import,1192983,89054.00
EU27_2020,LT,090230,2025,import,1475780,116530.00
EU27_2020,LU,090230,2024,import,102460,3057.00
EU27_2020,LU,090230,2025,import,110146,5377.00
EU27_2020,LV,090230,2024,import,2666712,188997.00
EU27_2020,LV,090230,2025,import,2840384,178195.00
EU27_2020,LY,090230,2025,import,7,1.00
EU27_2020,MA,090230,2024,import,4008583,158089.00
EU27_2020,MA,090230,2025,import,3099683,99614.00
EU27_2020,MD,090230,2024,import,16,2.00
EU27_2020,MD,090230,2025,import,20,2.00
EU27_2020,ME,090230,2024,import,403,1.00
EU27_2020,ME,090230,2025,import,132,59.00
EU27_2020,MG,090230,2024,import,448,26.00
EU27_2020,MG,090230,2025,import,2634,184.00
EU27_2020,MK,090230,2024,import,5251,482.00
EU27_2020,MK,090230,2025,import,32,1.00
EU27_2020,ML,090230,2024,import,34,
EU27_2020,ML,090230,2025,import,26,
EU27_2020,MM,090230,2024,import,9681,1090.00
EU27_2020,MM,090230,2025,import,4171,609.00
EU27_2020,MN,090230,2024,import,1,2.00
EU27_2020,MN,090230,2025,import,73,3.00
EU27_2020,MO,090230,2024,import,9614,405.00
EU27_2020,MO,090230,2025,import,101,3.00
EU27_2020,MT,090230,2024,import,147,7.00
EU27_2020,MT,090230,2025,import,223,12.00
EU27_2020,MU,090230,2024,import,204574,16859.00
EU27_2020,MU,090230,2025,import,151873,16367.00
EU27_2020,MW,090230,2024,import,43994,4289.00
EU27_2020,MW,090230,2025,import,23985,4036.00
EU27_2020,MX,090230,2024,import,1026,17.00
EU27_2020,MX,090230,2025,import,583,13.00
EU27_2020,MY,090230,2024,import,28082,1346.00
EU27_2020,MY,090230,2025,import,58058,865.00
EU27_2020,MZ,090230,2024,import,392,5.00
EU27_2020,MZ,090230,2025,import,2267,33.00
EU27_2020,NC,090230,2024,import,145,2.00
EU27_2020,NG,090230,2024,import,2171,164.00
EU27_2020,NG,090230,2025,import,1300,162.00
EU27_2020,NL,090230,2024,import,35351052,3185912.00
EU27_2020,NL,090230,2025,import,40533816,3803249.00
EU27_2020,NO,090230,2024,import,41938,1771.00
EU27_2020,NO,090230,2025,import,95649,2560.00
EU27_2020,NP,090230,2024,import,83604,8366.00
EU27_2020,NP,090230,2025,import,80149,4958.00
EU27_2020,NZ,090230,2024,import,4824,73.00
EU27_2020,NZ,090230,2025,import,1810,75.00
EU27_2020,OM,090230,2024,import,14,1.00
EU27_2020,OM,090230,2025,import,70,1.00
EU27_2020,PE,090230,2024,import,1509,152.00
EU27_2020,PE,090230,2025,import,767,30.00
EU27_2020,PF,090230,2024,import,12,
EU27_2020,PF,090230,2025,import,1,
EU27_2020,PH,090230,2024,import,2859,71.00
EU27_2020,PH,090230,2025,import,620,39.00
EU27_2020,PK,090230,2024,import,2416994,450528.00
EU27_2020,PK,090230,2025,import,3837797,757729.00
EU27_2020,PL,090230,2024,import,96895707,7341605.00
EU27_2020,PL,090230,2025,import,97826316,8288928.00
EU27_2020,PT,090230,2024,import,59867,3934.00
EU27_2020,PT,090230,2025,import,107459,23312.00
EU27_2020,PY,090230,2024,import,124,3.00
EU27_2020,PY,090230,2025,import,31,
EU27_2020,QA,090230,2024,import,32,2.00
EU27_2020,QA,090230,2025,import,212,9.00
EU27_2020,QV,090230,2024,import,1274304,197737.00
EU27_2020,QV,090230,2025,import,102982,5270.00
EU27_2020,QW,090230,2024,import,68128,6171.00
EU27_2020,QW,090230,2025,import,64115,4168.00
EU27_2020,RO,090230,2024,import,129627,9833.00
EU27_2020,RO,090230,2025,import,79244,7054.00
EU27_2020,RU,090230,2024,import,2461189,258347.00
EU27_2020,RU,090230,2025,import,2418818,267682.00
EU27_2020,RW,090230,2024,import,39745,3786.00
EU27_2020,RW,090230,2025,import,73626,5671.00
EU27_2020,SA,090230,2024,import,4186,152.00
EU27_2020,SA,090230,2025,import,776,68.00
EU27_2020,SD,090230,2025,import,1101,457.00
EU27_2020,SE,090230,2024,import,1265408,65889.00
EU27_2020,SE,090230,2025,import,2148923,132627.00
EU27_2020,SG,090230,2024,import,635369,26538.00
EU27_2020,SG,090230,2025,import,359534,10843.00
EU27_2020,SI,090230,2024,import,270662,11631.00
EU27_2020,SI,090230,2025,import,507651,27373.00
EU27_2020,SK,090230,2024,import,2321416,154749.00
EU27_2020,SK,090230,2025,import,2126471,135016.00
EU27_2020,SL,090230,2024,import,7805,198.00
EU27_2020,SL,090230,2025,import,365,15.00
EU27_2020,SN,090230,2024,import,10494,327.00
EU27_2020,SN,090230,2025,import,564,26.00
EU27_2020,SR,090230,2024,import,353,6.00
EU27_2020,SR,090230,2025,import,39,1.00
EU27_2020,SV,090230,2025,import,6,
EU27_2020,SY,090230,2024,import,3334,1225.00
EU27_2020,SY,090230,2025,import,23746,5379.00
EU27_2020,TD,090230,2024,import,139,2.00
EU27_2020,TG,090230,2024,import,915,11.00
EU27_2020,TG,090230,2025,import,1078,20.00
EU27_2020,TH,090230,2024,import,333277,42611.00
EU27_2020,TH,090230,2025,import,152955,6641.00
EU27_2020,TN,090230,2024,import,151,16.00
EU27_2020,TR,090230,2024,import,10873637,2317438.00
EU27_2020,TR,090230,2025,import,12649181,2514119.00
EU27_2020,TT,090230,2025,import,112,12.00
EU27_2020,TW,090230,2024,import,1848503,154222.00
EU27_2020,TW,090230,2025,import,1564120,129655.00
EU27_2020,TZ,090230,2024,import,38541,2034.00
EU27_2020,TZ,090230,2025,import,51690,3105.00
EU27_2020,UA,090230,2024,import,1946242,110648.00
EU27_2020,UA,090230,2025,import,2423357,125007.00
EU27_2020,UG,090230,2024,import,6724,731.00
EU27_2020,UG,090230,2025,import,5041,435.00
EU27_2020,US,090230,2024,import,816580,24085.00
EU27_2020,US,090230,2025,import,1751053,128820.00
EU27_2020,UY,090230,2024,import,241,19.00
EU27_2020,UY,090230,2025,import,451,18.00
EU27_2020,UZ,090230,2024,import,10562,479.00
EU27_2020,UZ,090230,2025,import,425,5.00
EU27_2020,VG,090230,2024,import,1505,37.00
EU27_2020,VN,090230,2020,import,28463,2129.00
EU27_2020,VN,090230,2021,import,59126,8280.00
EU27_2020,VN,090230,2022,import,109843,7121.00
EU27_2020,VN,090230,2023,import,67105,4631.00
EU27_2020,VN,090230,2024,import,82839,13230.00
EU27_2020,VN,090230,2025,import,90206,7587.00
EU27_2020,XK,090230,2024,import,158106,21095.00
EU27_2020,XK,090230,2025,import,67701,8706.00
EU27_2020,XS,090230,2024,import,32034,2597.00
EU27_2020,XS,090230,2025,import,47380,2773.00
EU27_2020,YE,090230,2024,import,8598,2449.00
EU27_2020,YE,090230,2025,import,15814,2588.00
EU27_2020,ZA,090230,2024,import,60262,3566.00
EU27_2020,ZA,090230,2025,import,47844,2061.00
EU27_2020,ZM,090230,2025,import,3,1.00
EU27_2020,ZW,090230,2024,import,73,5.00
EU27_2020,ZW,090230,2025,import,240,2.00
FI,EXT_EU27_2020,090230,2020,import,1586819,170296.00
FI,EXT_EU27_2020,090230,2021,import,1193919,109325.00
FI,EXT_EU27_2020,090230,2022,import,1498290,124506.00
FI,EXT_EU27_2020,090230,2023,import,1499703,138954.00
FI,EXT_EU27_2020,090230,2024,import,1408992,114485.00
FI,EXT_EU27_2020,090230,2025,import,1760179,142310.00
FI,VN,090230,2020,import,22,1.00
FI,VN,090230,2021,import,71,28.00
FI,VN,090230,2023,import,40,3.00
FI,VN,090230,2024,import,14,1.00
FI,WORLD,090230,2020,import,6641558,600213.00
FI,WORLD,090230,2021,import,6090303,530791.00
FI,WORLD,090230,2022,import,8513335,584118.00
FI,WORLD,090230,2023,import,9567798,568830.00
FI,WORLD,090230,2024,import,9673642,542659.00
FI,WORLD,090230,2025,import,9261331,556624.00
FR,EXT_EU27_2020,090230,2020,import,16035462,1289029.00
FR,EXT_EU27_2020,090230,2021,import,14246590,1351341.00
FR,EXT_EU27_2020,090230,2022,import,15979910,1310154.00
FR,EXT_EU27_2020,090230,2023,import,19270588,1679599.00
FR,EXT_EU27_2020,090230,2024,import,20647560,1717079.00
FR,EXT_EU27_2020,090230,2025,import,17060905,1435559.00
FR,VN,090230,2020,import,19390,562.00
FR,VN,090230,2021,import,16599,1119.00
FR,VN,090230,2022,import,22687,1235.00
FR,VN,090230,2023,import,6918,356.00
FR,VN,090230,2024,import,2520,47.00
FR,VN,090230,2025,import,35450,2456.00
FR,WORLD,090230,2020,import,58872527,5610208.00
FR,WORLD,090230,2021,import,58914805,7138590.00
FR,WORLD,090230,2022,import,61368804,5853706.00
FR,WORLD,090230,2023,import,54472797,5058202.00
FR,WORLD,090230,2024,import,54230054,4925782.00
FR,WORLD,090230,2025,import,54621607,5179411.00
GR,EXT_EU27_2020,090230,2020,import,1283252,233842.00
GR,EXT_EU27_2020,090230,2021,import,936104,200199.00
GR,EXT_EU27_2020,090230,2022,import,1112812,164838.00
GR,EXT_EU27_2020,090230,2023,import,1202060,198750.00
GR,EXT_EU27_2020,090230,2024,import,1337644,217862.00
GR,EXT_EU27_2020,090230,2025,import,1394961,217977.00
GR,VN,090230,2022,import,933,17.00
GR,VN,090230,2023,import,130,3.00
GR,WORLD,090230,2020,import,3217828,474843.00
GR,WORLD,090230,2021,import,3155662,381714.00
GR,WORLD,090230,2022,import,3640666,471180.00
GR,WORLD,090230,2023,import,5236546,428066.00
GR,WORLD,090230,2024,import,6969828,459208.00
GR,WORLD,090230,2025,import,6445518,448362.00
HR,EXT_EU27_2020,090230,2020,import,114494,4877.00
HR,EXT_EU27_2020,090230,2021,import,30214,4536.00
HR,EXT_EU27_2020,090230,2022,import,57147,10373.00
HR,EXT_EU27_2020,090230,2023,import,51168,5471.00
HR,EXT_EU27_2020,090230,2024,import,253014,35896.00
HR,EXT_EU27_2020,090230,2025,import,317863,49450.00
HR,WORLD,090230,2020,import,612665,23518.00
HR,WORLD,090230,2021,import,698131,33561.00
HR,WORLD,090230,2022,import,781687,42066.00
HR,WORLD,090230,2023,import,806598,37452.00
HR,WORLD,090230,2024,import,1178628,73561.00
HR,WORLD,090230,2025,import,1531411,105008.00
HU,EXT_EU27_2020,090230,2020,import,586993,32526.00
HU,EXT_EU27_2020,090230,2021,import,632031,30406.00
HU,EXT_EU27_2020,090230,2022,import,605098,26943.00
HU,EXT_EU27_2020,090230,2023,import,654588,27868.00
HU,EXT_EU27_2020,090230,2024,import,735817,36683.00
HU,EXT_EU27_2020,090230,2025,import,851696,35851.00
HU,VN,090230,2021,import,429,10.00
HU,VN,090230,2022,import,690,24.00
HU,VN,090230,2023,import,439,16.00
HU,VN,090230,2024,import,848,19.00
HU,WORLD,090230,2020,import,4459073,409962.00
HU,WORLD,090230,2021,import,4709112,409447.00
HU,WORLD,090230,2022,import,5095538,420339.00
HU,WORLD,090230,2023,import,5215707,381968.00
HU,WORLD,090230,2024,import,5342836,372064.00
HU,WORLD,090230,2025,import,4928124,359145.00
IE,EXT_EU27_2020,090230,2020,import,23196659,5281364.00
IE,EXT_EU27_2020,090230,2021,import,18291260,3301002.00
IE,EXT_EU27_2020,090230,2022,import,20404680,3334647.00
IE,EXT_EU27_2020,090230,2023,import,23110874,3065754.00
IE,EXT_EU27_2020,090230,2024,import,19478562,2800715.00
IE,EXT_EU27_2020,090230,2025,import,20142245,2882949.00
IE,VN,090230,2020,import,97,3.00
IE,VN,090230,2021,import,64,2.00
IE,VN,090230,2022,import,1971,170.00
IE,VN,090230,2023,import,181,11.00
IE,VN,090230,2024,import,173,8.00
IE,VN,090230,2025,import,181,4.00
IE,WORLD,090230,2020,import,23671787,5427266.00
IE,WORLD,090230,2021,import,18657305,3347980.00
IE,WORLD,090230,2022,import,21216320,3531096.00
IE,WORLD,090230,2023,import,24314445,3437740.00
IE,WORLD,090230,2024,import,20975025,3203542.00
IE,WORLD,090230,2025,import,21631849,3286313.00
IT,EXT_EU27_2020,090230,2020,import,31037396,1886544.00
IT,EXT_EU27_2020,090230,2021,import,11320547,1255191.00
IT,EXT_EU27_2020,090230,2022,import,11034412,1076038.00
IT,EXT_EU27_2020,090230,2023,import,10211128,1181428.00
IT,EXT_EU27_2020,090230,2024,import,11854852,1343714.00
IT,EXT_EU27_2020,090230,2025,import,12267251,1670883.00
IT,VN,090230,2022,import,1890,19.00
IT,WORLD,090230,2020,import,41320398,2783114.00
IT,WORLD,090230,2021,import,40049924,2767627.00
IT,WORLD,090230,2022,import,39964283,2654028.00
IT,WORLD,090230,2023,import,41452348,2589964.00
IT,WORLD,090230,2024,import,46268481,2921598.00
IT,WORLD,090230,2025,import,41347626,3460862.00
LT,EXT_EU27_2020,090230,2020,import,2511742,246309.00
LT,EXT_EU27_2020,090230,2021,import,2290378,239046.00
LT,EXT_EU27_2020,090230,2022,import,2049167,153389.00
LT,EXT_EU27_2020,090230,2023,import,1517939,109876.00
LT,EXT_EU27_2020,090230,2024,import,1568568,109267.00
LT,EXT_EU27_2020,090230,2025,import,1811475,118096.00
LT,VN,090230,2023,import,345,43.00
LT,WORLD,090230,2020,import,6079216,520098.00
LT,WORLD,090230,2021,import,5697946,488528.00
LT,WORLD,090230,2022,import,5910136,442068.00
LT,WORLD,090230,2023,import,5841011,373570.00
LT,WORLD,090230,2024,import,5597128,368986.00
LT,WORLD,090230,2025,import,5783150,377922.00
LU,EXT_EU27_2020,090230,2020,import,209604,15481.00
LU,EXT_EU27_2020,090230,2021,import,128032,6476.00
LU,EXT_EU27_2020,090230,2022,import,176642,7913.00
LU,EXT_EU27_2020,090230,2023,import,79439,5011.00
LU,EXT_EU27_2020,090230,2024,import,117855,7434.00
LU,EXT_EU27_2020,090230,2025,import,53570,977.00
LU,VN,090230,2022,import,5,4.00
LU,VN,090230,2025,import,60,1.00
LU,WORLD,090230,2020,import,1257602,63423.00
LU,WORLD,090230,2021,import,1219330,63300.00
LU,WORLD,090230,2022,import,1243970,57421.00
LU,WORLD,090230,2023,import,1243745,50399.00
LU,WORLD,090230,2024,import,1346233,60612.00
LU,WORLD,090230,2025,import,1423097,61528.00
LV,EXT_EU27_2020,090230,2020,import,3115082,320625.00
LV,EXT_EU27_2020,090230,2021,import,3378658,359278.00
LV,EXT_EU27_2020,090230,2022,import,2671841,244654.00
LV,EXT_EU27_2020,090230,2023,import,2682707,249992.00
LV,EXT_EU27_2020,090230,2024,import,2840569,269559.00
LV,EXT_EU27_2020,090230,2025,import,2664104,274767.00
LV,WORLD,090230,2020,import,6025206,561537.00
LV,WORLD,090230,2021,import,6954024,671835.00
LV,WORLD,090230,2022,import,6137730,570616.00
LV,WORLD,090230,2023,import,6209113,552265.00
LV,WORLD,090230,2024,import,6412401,587969.00
LV,WORLD,090230,2025,import,6537042,650405.00
MT,EXT_EU27_2020,090230,2020,import,1084428,190879.00
MT,EXT_EU27_2020,090230,2021,import,781356,85734.00
MT,EXT_EU27_2020,090230,2022,import,1317617,180196.00
MT,EXT_EU27_2020,090230,2023,import,1197972,164282.00
MT,EXT_EU27_2020,090230,2024,import,1110790,149792.00
MT,EXT_EU27_2020,090230,2025,import,783530,114748.00
MT,WORLD,090230,2020,import,1422245,261215.00
MT,WORLD,090230,2021,import,1037639,128581.00
MT,WORLD,090230,2022,import,1638601,229955.00
MT,WORLD,090230,2023,import,1430518,176741.00
MT,WORLD,090230,2024,import,1453653,183141.00
MT,WORLD,090230,2025,import,1228641,164011.00
NL,EXT_EU27_2020,090230,2020,import,26036096,3621872.00
NL,EXT_EU27_2020,090230,2021,import,24784306,3517587.00
NL,EXT_EU27_2020,090230,2022,import,29487042,3878407.00
NL,EXT_EU27_2020,090230,2023,import,29783237,3659136.00
NL,EXT_EU27_2020,090230,2024,import,31768143,3607432.00
NL,EXT_EU27_2020,090230,2025,import,32536408,3972566.00
NL,VN,090230,2020,import,1290,62.00
NL,VN,090230,2021,import,3345,535.00
NL,VN,090230,2022,import,2965,263.00
NL,VN,090230,2023,import,28574,2245.00
NL,VN,090230,2024,import,1017,126.00
NL,VN,090230,2025,import,6992,746.00
NL,WORLD,090230,2020,import,60572287,7162856.00
NL,WORLD,090230,2021,import,55826822,6584291.00
NL,WORLD,090230,2022,import,65061464,7452003.00
NL,WORLD,090230,2023,import,70429048,7430647.00
NL,WORLD,090230,2024,import,85170327,7747693.00
NL,WORLD,090230,2025,import,80647311,7806449.00
PL,EXT_EU27_2020,090230,2020,import,19532500,2626830.00
PL,EXT_EU27_2020,090230,2021,import,14867382,2014263.00
PL,EXT_EU27_2020,090230,2022,import,23409036,2621660.00
PL,EXT_EU27_2020,090230,2023,import,17389298,2054174.00
PL,EXT_EU27_2020,090230,2024,import,25355827,2785126.00
PL,EXT_EU27_2020,090230,2025,import,23412648,2427752.00
PL,VN,090230,2020,import,1668,225.00
PL,VN,090230,2021,import,208,10.00
PL,VN,090230,2024,import,2673,289.00
PL,VN,090230,2025,import,11815,1403.00
PL,WORLD,090230,2020,import,31151386,3967174.00
PL,WORLD,090230,2021,import,29235074,3666907.00
PL,WORLD,090230,2022,import,40106274,4449776.00
PL,WORLD,090230,2023,import,32333373,3533127.00
PL,WORLD,090230,2024,import,41636959,4339821.00
PL,WORLD,090230,2025,import,42964760,4259654.00
PT,EXT_EU27_2020,090230,2020,import,300502,53047.00
PT,EXT_EU27_2020,090230,2021,import,349172,45331.00
PT,EXT_EU27_2020,090230,2022,import,660538,67565.00
PT,EXT_EU27_2020,090230,2023,import,579572,62999.00
PT,EXT_EU27_2020,090230,2024,import,847038,102066.00
PT,EXT_EU27_2020,090230,2025,import,787051,82323.00
PT,VN,090230,2022,import,1844,99.00
PT,VN,090230,2023,import,7055,315.00
PT,VN,090230,2025,import,940,104.00
PT,WORLD,090230,2020,import,2835812,331520.00
PT,WORLD,090230,2021,import,2913939,330546.00
PT,WORLD,090230,2022,import,3473986,354557.00
PT,WORLD,090230,2023,import,3646567,338588.00
PT,WORLD,090230,2024,import,4715241,393098.00
PT,WORLD,090230,2025,import,4642563,373258.00
RO,EXT_EU27_2020,090230,2020,import,288129,15099.00
RO,EXT_EU27_2020,090230,2021,import,277061,14608.00
RO,EXT_EU27_2020,090230,2022,import,515167,39409.00
RO,EXT_EU27_2020,090230,2023,import,345906,20253.00
RO,EXT_EU27_2020,090230,2024,import,472769,28493.00
RO,EXT_EU27_2020,090230,2025,import,719546,76675.00
RO,VN,090230,2023,import,23,1.00
RO,WORLD,090230,2020,import,1539719,168298.00
RO,WORLD,090230,2021,import,1543228,128803.00
RO,WORLD,090230,2022,import,2493594,225849.00
RO,WORLD,090230,2023,import,2476813,154206.00
RO,WORLD,090230,2024,import,2670072,145821.00
RO,WORLD,090230,2025,import,2637595,190744.00
SE,EXT_EU27_2020,090230,2020,import,8823418,855132.00
SE,EXT_EU27_2020,090230,2021,import,4714558,623243.00
SE,EXT_EU27_2020,090230,2022,import,6054523,660804.00
SE,EXT_EU27_2020,090230,2023,import,5640958,622007.00
SE,EXT_EU27_2020,090230,2024,import,6875752,708895.00
SE,EXT_EU27_2020,090230,2025,import,7930781,837522.00
SE,VN,090230,2021,import,2598,236.00
SE,VN,090230,2022,import,3966,281.00
SE,VN,090230,2023,import,364,42.00
SE,VN,090230,2024,import,342,13.00
SE,VN,090230,2025,import,704,119.00
SE,WORLD,090230,2020,import,19885245,2239210.00
SE,WORLD,090230,2021,import,17998768,2079762.00
SE,WORLD,090230,2022,import,25078322,2693921.00
SE,WORLD,090230,2023,import,24166738,2258335.00
SE,WORLD,090230,2024,import,23415628,2384314.00
SE,WORLD,090230,2025,import,25737042,2290334.00
SI,EXT_EU27_2020,090230,2020,import,201957,20583.00
SI,EXT_EU27_2020,090230,2021,import,207091,17523.00
SI,EXT_EU27_2020,090230,2022,import,242588,21538.00
SI,EXT_EU27_2020,090230,2023,import,227963,17676.00
SI,EXT_EU27_2020,090230,2024,import,382126,28557.00
SI,EXT_EU27_2020,090230,2025,import,393504,29231.00
SI,WORLD,090230,2020,import,468930,37086.00
SI,WORLD,090230,2021,import,510094,34789.00
SI,WORLD,090230,2022,import,732904,48318.00
SI,WORLD,090230,2023,import,757406,43907.00
SI,WORLD,090230,2024,import,868277,55300.00
SI,WORLD,090230,2025,import,1000334,64081.00
SK,EXT_EU27_2020,090230,2020,import,87759,2692.00
SK,EXT_EU27_2020,090230,2021,import,80563,3418.00
SK,EXT_EU27_2020,090230,2022,import,87966,2899.00
SK,EXT_EU27_2020,090230,2023,import,104464,2471.00
SK,EXT_EU27_2020,090230,2024,import,77163,1991.00
SK,EXT_EU27_2020,090230,2025,import,99577,2271.00
SK,WORLD,090230,2020,import,1194682,159628.00
SK,WORLD,090230,2021,import,1227955,149731.00
SK,WORLD,090230,2022,import,1723448,144406.00
SK,WORLD,090230,2023,import,1887908,161942.00
SK,WORLD,090230,2024,import,2019162,188953.00
SK,WORLD,090230,2025,import,1865038,187602.00
AT,EXT_EU27_2020,090240,2020,import,401512,153875.00
AT,EXT_EU27_2020,090240,2021,import,568537,248486.00
AT,EXT_EU27_2020,090240,2022,import,529344,176112.00
AT,EXT_EU27_2020,090240,2023,import,574540,231875.00
AT,EXT_EU27_2020,090240,2024,import,459781,135979.00
AT,EXT_EU27_2020,090240,2025,import,751099,348717.00
AT,VN,090240,2021,import,57,3.00
AT,WORLD,090240,2020,import,1447929,493175.00
AT,WORLD,090240,2021,import,2015164,630916.00
AT,WORLD,090240,2022,import,3638252,791690.00
AT,WORLD,090240,2023,import,3933162,837689.00
AT,WORLD,090240,2024,import,4048709,868834.00
AT,WORLD,090240,2025,import,4239130,963867.00
BE,EXT_EU27_2020,090240,2020,import,6517957,3056838.00
BE,EXT_EU27_2020,090240,2021,import,7168596,2994732.00
BE,EXT_EU27_2020,090240,2022,import,8023849,2944945.00
BE,EXT_EU27_2020,090240,2023,import,2233536,649753.00
BE,EXT_EU27_2020,090240,2024,import,1292709,254307.00
BE,EXT_EU27_2020,090240,2025,import,1009662,146153.00
BE,VN,090240,2020,import,172,11.00
BE,VN,090240,2021,import,176,13.00
BE,VN,090240,2022,import,70989,8477.00
BE,VN,090240,2023,import,44801,10054.00
BE,VN,090240,2024,import,59931,6534.00
BE,VN,090240,2025,import,15838,2017.00
BE,WORLD,090240,2020,import,7530774,3152259.00
BE,WORLD,090240,2021,import,8139037,3074778.00
BE,WORLD,090240,2022,import,9164393,3054935.00
BE,WORLD,090240,2023,import,3807126,960102.00
BE,WORLD,090240,2024,import,2943489,463801.00
BE,WORLD,090240,2025,import,2380012,295514.00
BG,EXT_EU27_2020,090240,2020,import,80677,55744.00
BG,EXT_EU27_2020,090240,2021,import,39267,69461.00
BG,EXT_EU27_2020,090240,2022,import,208208,172178.00
BG,EXT_EU27_2020,090240,2023,import,102275,154454.00
BG,EXT_EU27_2020,090240,2024,import,51495,36597.00
BG,EXT_EU27_2020,090240,2025,import,18963,2971.00
BG,VN,090240,2025,import,2,2.00
BG,WORLD,090240,2020,import,131427,63799.00
BG,WORLD,090240,2021,import,98976,80591.00
BG,WORLD,090240,2022,import,309847,246237.00
BG,WORLD,090240,2023,import,298201,177696.00
BG,WORLD,090240,2024,import,136690,47242.00
BG,WORLD,090240,2025,import,91604,10256.00
CY,EXT_EU27_2020,090240,2020,import,121250,17130.00
CY,EXT_EU27_2020,090240,2021,import,62981,12924.00
CY,EXT_EU27_2020,090240,2022,import,158133,30168.00
CY,EXT_EU27_2020,090240,2023,import,193531,19979.00
CY,EXT_EU27_2020,090240,2024,import,188769,21620.00
CY,EXT_EU27_2020,090240,2025,import,349819,43609.00
CY,VN,090240,2025,import,33,2.00
CY,WORLD,090240,2020,import,193383,24807.00
CY,WORLD,090240,2021,import,167385,24318.00
CY,WORLD,090240,2022,import,194859,33611.00
CY,WORLD,090240,2023,import,205607,21220.00
CY,WORLD,090240,2024,import,223849,25200.00
CY,WORLD,090240,2025,import,378490,45745.00
CZ,EXT_EU27_2020,090240,2020,import,786107,111247.00
CZ,EXT_EU27_2020,090240,2021,import,725466,107436.00
CZ,EXT_EU27_2020,090240,2022,import,1017833,248585.00
CZ,EXT_EU27_2020,090240,2023,import,713109,108828.00
CZ,EXT_EU27_2020,090240,2024,import,745988,151164.00
CZ,EXT_EU27_2020,090240,2025,import,710732,76659.00
CZ,VN,090240,2020,import,952,54.00
CZ,VN,090240,2021,import,3445,135.00
CZ,VN,090240,2022,import,10122,536.00
CZ,VN,090240,2023,import,193,69.00
CZ,VN,090240,2025,import,35891,3906.00
CZ,WORLD,090240,2020,import,2350351,365940.00
CZ,WORLD,090240,2021,import,3171265,457331.00
CZ,WORLD,090240,2022,import,3740694,646145.00
CZ,WORLD,090240,2023,import,2991974,467604.00
CZ,WORLD,090240,2024,import,3040004,631277.00
CZ,WORLD,090240,2025,import,3219075,646591.00
DE,EXT_EU27_2020,090240,2020,import,67235203,22420988.00
DE,EXT_EU27_2020,090240,2021,import,72762394,22985596.00
DE,EXT_EU27_2020,090240,2022,import,93411307,25088154.00
DE,EXT_EU27_2020,090240,2023,import,75334840,22821393.00
DE,EXT_EU27_2020,090240,2024,import,81873335,24416067.00
DE,EXT_EU27_2020,090240,2025,import,85337517,23662266.00
DE,VN,090240,2020,import,166061,25479.00
DE,VN,090240,2021,import,121355,42986.00
DE,VN,090240,2022,import,151264,45693.00
DE,VN,090240,2023,import,73572,7496.00
DE,VN,090240,2024,import,87429,7959.00
DE,VN,090240,2025,import,122123,10848.00
DE,WORLD,090240,2020,import,83249717,26041353.00
DE,WORLD,090240,2021,import,89971231,27352063.00
DE,WORLD,090240,2022,import,108984242,28968908.00
DE,WORLD,090240,2023,import,91175238,26350380.00
DE,WORLD,090240,2024,import,96308429,28041480.00
DE,WORLD,090240,2025,import,97681652,27110588.00
DK,EXT_EU27_2020,090240,2020,import,1836392,219973.00
DK,EXT_EU27_2020,090240,2021,import,1259859,110954.00
DK,EXT_EU27_2020,090240,2022,import,1738431,150090.00
DK,EXT_EU27_2020,090240,2023,import,1356941,111811.00
DK,EXT_EU27_2020,090240,2024,import,1676593,131496.00
DK,EXT_EU27_2020,090240,2025,import,423110,30228.00
DK,VN,090240,2020,import,79,7.00
DK,VN,090240,2021,import,170,32.00
DK,VN,090240,2022,import,8,2.00
DK,VN,090240,2023,import,6,1.00
DK,VN,090240,2024,import,13,2.00
DK,VN,090240,2025,import,19,2.00
DK,WORLD,090240,2020,import,22629012,3511526.00
DK,WORLD,090240,2021,import,26384851,4116849.00
DK,WORLD,090240,2022,import,3541348,465955.00
DK,WORLD,090240,2023,import,4012865,488694.00
DK,WORLD,090240,2024,import,5270349,678768.00
DK,WORLD,090240,2025,import,3359438,501295.00
EE,EXT_EU27_2020,090240,2020,import,14841,1565.00
EE,EXT_EU27_2020,090240,2021,import,26563,508.00
EE,EXT_EU27_2020,090240,2022,import,9328,582.00
EE,EXT_EU27_2020,090240,2023,import,93855,1668.00
EE,EXT_EU27_2020,090240,2024,import,99577,1901.00
EE,EXT_EU27_2020,090240,2025,import,23437,898.00
EE,VN,090240,2024,import,23,3.00
EE,WORLD,090240,2020,import,49557,3140.00
EE,WORLD,090240,2021,import,57922,2175.00
EE,WORLD,090240,2022,import,41537,2034.00
EE,WORLD,090240,2023,import,129298,3347.00
EE,WORLD,090240,2024,import,223190,7563.00
EE,WORLD,090240,2025,import,381465,129716.00
ES,EXT_EU27_2020,090240,2020,import,1780765,1202621.00
ES,EXT_EU27_2020,090240,2021,import,2152457,1432808.00
ES,EXT_EU27_2020,090240,2022,import,2389937,1425010.00
ES,EXT_EU27_2020,090240,2023,import,2342990,1505942.00
ES,EXT_EU27_2020,090240,2024,import,2649036,1756289.00
ES,EXT_EU27_2020,090240,2025,import,2168709,1625853.00
ES,VN,090240,2020,import,81982,54720.00
ES,VN,090240,2021,import,172,17.00
ES,VN,090240,2023,import,94,2.00
ES,WORLD,090240,2020,import,5828439,2138650.00
ES,WORLD,090240,2021,import,6711701,2276671.00
ES,WORLD,090240,2022,import,5066328,1858221.00
ES,WORLD,090240,2023,import,6644648,2125308.00
ES,WORLD,090240,2024,import,6363204,2262714.00
ES,WORLD,090240,2025,import,5327560,1956842.00
EU27_2020,AE,090240,2024,import,126579,14020.00
EU27_2020,AE,090240,2025,import,365125,121520.00
EU27_2020,AF,090240,2024,import,332,15.00
EU27_2020,AF,090240,2025,import,630,78.00
EU27_2020,AL,090240,2024,import,1322,204.00
EU27_2020,AL,090240,2025,import,78,4.00
EU27_2020,AM,090240,2024,import,2,
EU27_2020,AM,090240,2025,import,2319,7.00
EU27_2020,AO,090240,2024,import,300,2.00
EU27_2020,AR,090240,2024,import,7803243,5037319.00
EU27_2020,AR,090240,2025,import,7074308,4815443.00
EU27_2020,AT,090240,2024,import,1607563,349988.00
EU27_2020,AT,090240,2025,import,1784329,445428.00
EU27_2020,AU,090240,2024,import,14642,1257.00
EU27_2020,AU,090240,2025,import,16960,1423.00
EU27_2020,AW,090240,2025,import,31,6.00
EU27_2020,AZ,090240,2024,import,37,2.00
EU27_2020,AZ,090240,2025,import,5,1.00
EU27_2020,BA,090240,2024,import,4686,258.00
EU27_2020,BA,090240,2025,import,2643,117.00
EU27_2020,BD,090240,2024,import,37203,8058.00
EU27_2020,BD,090240,2025,import,54259,16580.00
EU27_2020,BE,090240,2024,import,1387253,150881.00
EU27_2020,BE,090240,2025,import,1282133,127796.00
EU27_2020,BF,090240,2024,import,1574,30.00
EU27_2020,BF,090240,2025,import,438,8.00
EU27_2020,BG,090240,2024,import,100391,46180.00
EU27_2020,BG,090240,2025,import,103239,113228.00
EU27_2020,BI,090240,2024,import,167,30.00
EU27_2020,BJ,090240,2024,import,412,9.00
EU27_2020,BJ,090240,2025,import,229,7.00
EU27_2020,BM,090240,2025,import,65,1.00
EU27_2020,BO,090240,2024,import,3,1.00
EU27_2020,BO,090240,2025,import,1,1.00
EU27_2020,BR,090240,2024,import,3111,125.00
EU27_2020,BR,090240,2025,import,2619,259.00
EU27_2020,BT,090240,2024,import,1822,30.00
EU27_2020,BT,090240,2025,import,60,18.00
EU27_2020,BW,090240,2024,import,59,
EU27_2020,BW,090240,2025,import,318,7.00
EU27_2020,BY,090240,2024,import,3341,281.00
EU27_2020,BY,090240,2025,import,170,30.00
EU27_2020,CA,090240,2024,import,619106,267369.00
EU27_2020,CA,090240,2025,import,668244,303670.00
EU27_2020,CD,090240,2024,import,1199,859.00
EU27_2020,CD,090240,2025,import,1024,519.00
EU27_2020,CG,090240,2024,import,114,135.00
EU27_2020,CG,090240,2025,import,29,17.00
EU27_2020,CH,090240,2024,import,1848749,461600.00
EU27_2020,CH,090240,2025,import,2350348,726393.00
EU27_2020,CI,090240,2024,import,8702,1965.00
EU27_2020,CI,090240,2025,import,2114,1083.00
EU27_2020,CL,090240,2024,import,394,19.00
EU27_2020,CL,090240,2025,import,464,86.00
EU27_2020,CM,090240,2024,import,1326,89.00
EU27_2020,CM,090240,2025,import,1720,85.00
EU27_2020,CN,090240,2024,import,17047004,5073637.00
EU27_2020,CN,090240,2025,import,20966212,6160920.00
EU27_2020,CO,090240,2024,import,63326,5171.00
EU27_2020,CO,090240,2025,import,117708,5262.00
EU27_2020,CR,090240,2025,import,15,
EU27_2020,CV,090240,2024,import,10,1.00
EU27_2020,CV,090240,2025,import,718,33.00
EU27_2020,CW,090240,2024,import,155,21.00
EU27_2020,CY,090240,2024,import,14,
EU27_2020,CY,090240,2025,import,9876,1096.00
EU27_2020,CZ,090240,2024,import,1238658,206384.00
EU27_2020,CZ,090240,2025,import,1555956,417036.00
EU27_2020,DE,090240,2024,import,26507503,4266656.00
EU27_2020,DE,090240,2025,import,26861593,4246513.00
EU27_2020,DK,090240,2024,import,703843,36476.00
EU27_2020,DK,090240,2025,import,568173,38112.00
EU27_2020,DO,090240,2025,import,48,7.00
EU27_2020,DZ,090240,2024,import,390,24.00
EU27_2020,DZ,090240,2025,import,375,397.00
EU27_2020,EC,090240,2024,import,71,3.00
EU27_2020,EC,090240,2025,import,19,1.00
EU27_2020,EE,090240,2024,import,107774,5134.00
EU27_2020,EE,090240,2025,import,68648,4701.00
EU27_2020,EG,090240,2024,import,16822,8712.00
EU27_2020,EG,090240,2025,import,17792,11535.00
EU27_2020,ES,090240,2024,import,372507,27399.00
EU27_2020,ES,090240,2025,import,368334,27919.00
EU27_2020,ET,090240,2024,import,3118,2512.00
EU27_2020,ET,090240,2025,import,60790,32531.00
EU27_2020,EXT_EU27_2020,090240,2020,import,186897787,71408657.00
EU27_2020,EXT_EU27_2020,090240,2021,import,184937003,70531456.00
EU27_2020,EXT_EU27_2020,090240,2022,import,231418426,73241255.00
EU27_2020,EXT_EU27_2020,090240,2023,import,184254235,62741160.00
EU27_2020,EXT_EU27_2020,090240,2024,import,198848693,66994947.00
EU27_2020,EXT_EU27_2020,090240,2025,import,199411847,67065767.00
EU27_2020,FI,090240,2024,import,20348,2800.00
EU27_2020,FI,090240,2025,import,12215,2409.00
EU27_2020,FR,090240,2024,import,3693125,724037.00
EU27_2020,FR,090240,2025,import,870160,43731.00
EU27_2020,GA,090240,2024,import,63,
EU27_2020,GB,090240,2024,import,2259209,301560.00
EU27_2020,GB,090240,2025,import,2369094,271987.00
EU27_2020,GD,090240,2025,import,26,1.00
EU27_2020,GE,090240,2024,import,140706,3362.00
EU27_2020,GE,090240,2025,import,85782,3449.00
EU27_2020,GH,090240,2024,import,2973,234.00
EU27_2020,GH,090240,2025,import,1787,161.00
EU27_2020,GM,090240,2024,import,9,1.00
EU27_2020,GM,090240,2025,import,13,2.00
EU27_2020,GN,090240,2024,import,71,
EU27_2020,GR,090240,2024,import,21104,1033.00
EU27_2020,GR,090240,2025,import,43861,3486.00
EU27_2020,GT,090240,2025,import,16,4.00
EU27_2020,GY,090240,2024,import,44,3.00
EU27_2020,HK,090240,2024,import,16124,992.00
EU27_2020,HK,090240,2025,import,152228,9749.00
EU27_2020,HN,090240,2025,import,165,12.00
EU27_2020,HR,090240,2024,import,53289,7662.00
EU27_2020,HR,090240,2025,import,34636,4375.00
EU27_2020,HU,090240,2024,import,29300,3354.00
EU27_2020,HU,090240,2025,import,29411,1931.00
EU27_2020,ID,090240,2024,import,5716265,3597736.00
EU27_2020,ID,090240,2025,import,3167083,2176278.00
EU27_2020,IE,090240,2024,import,223161,46567.00
EU27_2020,IE,090240,2025,import,177533,36133.00
EU27_2020,IL,090240,2024,import,43963,2534.00
EU27_2020,IL,090240,2025,import,132345,6001.00
EU27_2020,IN,090240,2024,import,58839990,17054640.00
EU27_2020,IN,090240,2025,import,64452606,16272649.00
EU27_2020,INT_EU27_2020,090240,2024,import,83636338,20869845.00
EU27_2020,INT_EU27_2020,090240,2025,import,74277319,18357948.00
EU27_2020,IQ,090240,2024,import,22855,3397.00
EU27_2020,IQ,090240,2025,import,63477,8975.00
EU27_2020,IR,090240,2024,import,243278,148541.00
EU27_2020,IR,090240,2025,import,408754,255187.00
EU27_2020,IS,090240,2024,import,146,5.00
EU27_2020,IS,090240,2025,import,443,3.00
EU27_2020,IT,090240,2024,import,757826,137210.00
EU27_2020,IT,090240,2025,import,1088499,152997.00
EU27_2020,JM,090240,2024,import,1471,138.00
EU27_2020,JM,090240,2025,import,2002,268.00
EU27_2020,JO,090240,2024,import,4448,1786.00
EU27_2020,JO,090240,2025,import,3447,2201.00
EU27_2020,JP,090240,2024,import,291116,21906.00
EU27_2020,JP,090240,2025,import,447105,34199.00
EU27_2020,KE,090240,2024,import,45608631,20168899.00
EU27_2020,KE,090240,2025,import,42532760,21025779.00
EU27_2020,KH,090240,2024,import,218,8.00
EU27_2020,KH,090240,2025,import,396,9.00
EU27_2020,KM,090240,2024,import,43,
EU27_2020,KR,090240,2024,import,135565,19450.00
EU27_2020,KR,090240,2025,import,160634,17110.00
EU27_2020,KW,090240,2024,import,44,4.00
EU27_2020,KW,090240,2025,import,18,2.00
EU27_2020,KZ,090240,2024,import,627,40.00
EU27_2020,KZ,090240,2025,import,13609,228.00
EU27_2020,LA,090240,2024,import,23398,1272.00
EU27_2020,LA,090240,2025,import,112302,17761.00
EU27_2020,LB,090240,2024,import,18150,3616.00
EU27_2020,LB,090240,2025,import,59933,13138.00
EU27_2020,LK,090240,2024,import,39915965,7791298.00
EU27_2020,LK,090240,2025,import,35644599,7052344.00
EU27_2020,LR,090240,2025,import,32,
EU27_2020,LT,090240,2024,import,511311,117969.00
EU27_2020,LT,090240,2025,import,268026,25922.00
EU27_2020,LU,090240,2024,import,10347,1200.00
EU27_2020,LU,090240,2025,import,140804,24671.00
EU27_2020,LV,090240,2024,import,367309,24689.00
EU27_2020,LV,090240,2025,import,261211,20800.00
EU27_2020,MA,090240,2024,import,46606,2820.00
EU27_2020,MA,090240,2025,import,871,32.00
EU27_2020,MD,090240,2024,import,26,
EU27_2020,ME,090240,2024,import,40,36.00
EU27_2020,ME,090240,2025,import,170,20.00
EU27_2020,MG,090240,2024,import,1957,138.00
EU27_2020,MG,090240,2025,import,2860,382.00
EU27_2020,MH,090240,2025,import,154,1.00
EU27_2020,MK,090240,2024,import,1671,119.00
EU27_2020,MK,090240,2025,import,385,15.00
EU27_2020,ML,090240,2024,import,2007,3159.00
EU27_2020,ML,090240,2025,import,148000,3904.00
EU27_2020,MM,090240,2024,import,565,263.00
EU27_2020,MM,090240,2025,import,4314,504.00
EU27_2020,MN,090240,2024,import,189,9.00
EU27_2020,MN,090240,2025,import,253,5.00
EU27_2020,MO,090240,2025,import,41,
EU27_2020,MR,090240,2024,import,9,
EU27_2020,MT,090240,2024,import,247,14.00
EU27_2020,MT,090240,2025,import,82,6.00
EU27_2020,MU,090240,2024,import,3606,189.00
EU27_2020,MU,090240,2025,import,15974,1705.00
EU27_2020,MW,090240,2024,import,5496888,3329124.00
EU27_2020,MW,090240,2025,import,7470185,4704293.00
EU27_2020,MX,090240,2024,import,342,42.00
EU27_2020,MX,090240,2025,import,253,22.00
EU27_2020,MY,090240,2024,import,4641,559.00
EU27_2020,MY,090240,2025,import,12497,798.00
EU27_2020,MZ,090240,2024,import,2096979,828183.00
EU27_2020,MZ,090240,2025,import,1654721,598353.00
EU27_2020,NC,090240,2024,import,2185,3.00
EU27_2020,NC,090240,2025,import,26,2.00
EU27_2020,NG,090240,2024,import,3345,336.00
EU27_2020,NG,090240,2025,import,3159,244.00
EU27_2020,NI,090240,2025,import,1,1.00
EU27_2020,NL,090240,2024,import,32820097,13509894.00
EU27_2020,NL,090240,2025,import,26877835,11366363.00
EU27_2020,NO,090240,2024,import,4903,302.00
EU27_2020,NO,090240,2025,import,711,39.00
EU27_2020,NP,090240,2024,import,1101342,118293.00
EU27_2020,NP,090240,2025,import,1244197,155810.00
EU27_2020,NZ,090240,2024,import,109304,14759.00
EU27_2020,NZ,090240,2025,import,65107,12631.00
EU27_2020,OM,090240,2024,import,57,3.00
EU27_2020,OM,090240,2025,import,106,9.00
EU27_2020,PA,090240,2024,import,331,1.00
EU27_2020,PA,090240,2025,import,618,14.00
EU27_2020,PE,090240,2024,import,519,28.00
EU27_2020,PE,090240,2025,import,2788,88.00
EU27_2020,PF,090240,2024,import,1,
EU27_2020,PH,090240,2024,import,6924,157.00
EU27_2020,PH,090240,2025,import,1034,33.00
EU27_2020,PK,090240,2024,import,118746,24836.00
EU27_2020,PK,090240,2025,import,82492,17913.00
EU27_2020,PL,090240,2024,import,12849302,1176452.00
EU27_2020,PL,090240,2025,import,11366003,1208749.00
EU27_2020,PT,090240,2024,import,35945,14050.00
EU27_2020,PT,090240,2025,import,124061,2088.00
EU27_2020,PY,090240,2024,import,44,2.00
EU27_2020,PY,090240,2025,import,12,1.00
EU27_2020,QA,090240,2024,import,37,2.00
EU27_2020,QV,090240,2024,import,17950,861.00
EU27_2020,QV,090240,2025,import,1354,46.00
EU27_2020,QW,090240,2024,import,9833,1005.00
EU27_2020,QW,090240,2025,import,4405,569.00
EU27_2020,RO,090240,2024,import,20431,704.00
EU27_2020,RO,090240,2025,import,151945,27090.00
EU27_2020,RU,090240,2024,import,3315,186.00
EU27_2020,RU,090240,2025,import,1878,168.00
EU27_2020,RW,090240,2024,import,2731970,815329.00
EU27_2020,RW,090240,2025,import,3162500,934126.00
EU27_2020,SA,090240,2024,import,2566,158.00
EU27_2020,SA,090240,2025,import,1044,129.00
EU27_2020,SC,090240,2024,import,10,
EU27_2020,SC,090240,2025,import,109,15.00
EU27_2020,SD,090240,2024,import,748,455.00
EU27_2020,SD,090240,2025,import,541,375.00
EU27_2020,SE,090240,2024,import,80216,6630.00
EU27_2020,SE,090240,2025,import,152505,11431.00
EU27_2020,SG,090240,2024,import,17636,3246.00
EU27_2020,SG,090240,2025,import,26449,1583.00
EU27_2020,SI,090240,2024,import,67871,3404.00
EU27_2020,SI,090240,2025,import,69676,3508.00
EU27_2020,SK,090240,2024,import,31653,2217.00
EU27_2020,SK,090240,2025,import,5221,383.00
EU27_2020,SL,090240,2024,import,193,5.00
EU27_2020,SL,090240,2025,import,783,23.00
EU27_2020,SN,090240,2024,import,320,23.00
EU27_2020,SN,090240,2025,import,38910,1832.00
EU27_2020,SR,090240,2025,import,359,13.00
EU27_2020,SV,090240,2025,import,,2.00
EU27_2020,SX,090240,2024,import,188,30.00
EU27_2020,SY,090240,2024,import,122127,28202.00
EU27_2020,SY,090240,2025,import,19432,8229.00
EU27_2020,SZ,090240,2025,import,2,1.00
EU27_2020,TD,090240,2024,import,91,
EU27_2020,TG,090240,2024,import,6008,146.00
EU27_2020,TG,090240,2025,import,3716,290.00
EU27_2020,TH,090240,2024,import,323740,12440.00
EU27_2020,TH,090240,2025,import,195419,13065.00
EU27_2020,TJ,090240,2024,import,32,6.00
EU27_2020,TN,090240,2024,import,118,6.00
EU27_2020,TN,090240,2025,import,46,11.00
EU27_2020,TR,090240,2024,import,433123,59592.00
EU27_2020,TR,090240,2025,import,471531,62511.00
EU27_2020,TT,090240,2024,import,25,1.00
EU27_2020,TW,090240,2024,import,959880,77146.00
EU27_2020,TW,090240,2025,import,958077,49778.00
EU27_2020,TZ,090240,2024,import,708719,473964.00
EU27_2020,TZ,090240,2025,import,665845,410972.00
EU27_2020,UA,090240,2024,import,2425,297.00
EU27_2020,UA,090240,2025,import,29618,1850.00
EU27_2020,UG,090240,2024,import,495898,359595.00
EU27_2020,UG,090240,2025,import,103600,76214.00
EU27_2020,US,090240,2024,import,1571453,115007.00
EU27_2020,US,090240,2025,import,268587,25623.00
EU27_2020,UY,090240,2024,import,2547,317.00
EU27_2020,UY,090240,2025,import,1598,188.00
EU27_2020,UZ,090240,2024,import,121,10.00
EU27_2020,UZ,090240,2025,import,7,1.00
EU27_2020,VN,090240,2020,import,1127855,630325.00
EU27_2020,VN,090240,2021,import,871198,459706.00
EU27_2020,VN,090240,2022,import,573135,154347.00
EU27_2020,VN,090240,2023,import,451469,164616.00
EU27_2020,VN,090240,2024,import,483351,134103.00
EU27_2020,VN,090240,2025,import,400724,100220.00
EU27_2020,XS,090240,2024,import,1685,251.00
EU27_2020,XS,090240,2025,import,145,3.00
EU27_2020,YE,090240,2024,import,48,26.00
EU27_2020,YE,090240,2025,import,117,37.00
EU27_2020,ZA,090240,2024,import,204579,70285.00
EU27_2020,ZA,090240,2025,import,57140,24766.00
EU27_2020,ZM,090240,2024,import,26,4.00
EU27_2020,ZM,090240,2025,import,26,1.00
EU27_2020,ZW,090240,2024,import,867961,514569.00
EU27_2020,ZW,090240,2025,import,769776,490807.00
FI,EXT_EU27_2020,090240,2020,import,752442,149369.00
FI,EXT_EU27_2020,090240,2021,import,509504,114738.00
FI,EXT_EU27_2020,090240,2022,import,478555,94822.00
FI,EXT_EU27_2020,090240,2023,import,491359,83476.00
FI,EXT_EU27_2020,090240,2024,import,648015,129217.00
FI,EXT_EU27_2020,090240,2025,import,804505,142253.00
FI,VN,090240,2020,import,9,1.00
FI,VN,090240,2021,import,68,28.00
FI,VN,090240,2022,import,75,8.00
FI,VN,090240,2023,import,4,1.00
FI,VN,090240,2024,import,61,10.00
FI,VN,090240,2025,import,9,2.00
FI,WORLD,090240,2020,import,957958,180582.00
FI,WORLD,090240,2021,import,980721,191808.00
FI,WORLD,090240,2022,import,1045897,167707.00
FI,WORLD,090240,2023,import,963077,144130.00
FI,WORLD,090240,2024,import,1272213,195578.00
FI,WORLD,090240,2025,import,1341174,192768.00
FR,EXT_EU27_2020,090240,2020,import,4401919,717063.00
FR,EXT_EU27_2020,090240,2021,import,4791808,727150.00
FR,EXT_EU27_2020,090240,2022,import,7312386,1036780.00
FR,EXT_EU27_2020,090240,2023,import,6337999,929806.00
FR,EXT_EU27_2020,090240,2024,import,4777369,648032.00
FR,EXT_EU27_2020,090240,2025,import,6161073,887094.00
FR,VN,090240,2020,import,16803,811.00
FR,VN,090240,2021,import,30403,1508.00
FR,VN,090240,2022,import,54536,1349.00
FR,VN,090240,2023,import,38998,2143.00
FR,VN,090240,2024,import,69223,4171.00
FR,VN,090240,2025,import,59068,3581.00
FR,WORLD,090240,2020,import,11491714,1909763.00
FR,WORLD,090240,2021,import,12464637,1963879.00
FR,WORLD,090240,2022,import,15380614,2283197.00
FR,WORLD,090240,2023,import,16000964,2334501.00
FR,WORLD,090240,2024,import,13635523,1994844.00
FR,WORLD,090240,2025,import,14074437,2078052.00
GR,EXT_EU27_2020,090240,2020,import,160867,70893.00
GR,EXT_EU27_2020,090240,2021,import,46820,20533.00
GR,EXT_EU27_2020,090240,2022,import,38696,8946.00
GR,EXT_EU27_2020,090240,2023,import,28665,9227.00
GR,EXT_EU27_2020,090240,2024,import,88159,27285.00
GR,EXT_EU27_2020,090240,2025,import,52763,14236.00
GR,WORLD,090240,2020,import,313071,100683.00
GR,WORLD,090240,2021,import,182543,44977.00
GR,WORLD,090240,2022,import,180195,115142.00
GR,WORLD,090240,2023,import,236811,149531.00
GR,WORLD,090240,2024,import,367854,207437.00
GR,WORLD,090240,2025,import,341424,157004.00
HR,EXT_EU27_2020,090240,2020,import,64037,34829.00
HR,EXT_EU27_2020,090240,2021,import,66561,31217.00
HR,EXT_EU27_2020,090240,2022,import,34499,11673.00
HR,EXT_EU27_2020,090240,2023,import,38548,13535.00
HR,EXT_EU27_2020,090240,2024,import,18426,5373.00
HR,EXT_EU27_2020,090240,2025,import,26009,6915.00
HR,WORLD,090240,2020,import,127601,57322.00
HR,WORLD,090240,2021,import,109041,40044.00
HR,WORLD,090240,2022,import,110911,31059.00
HR,WORLD,090240,2023,import,147588,41384.00
HR,WORLD,090240,2024,import,106260,26264.00
HR,WORLD,090240,2025,import,118484,32624.00
HU,EXT_EU27_2020,090240,2020,import,15941,1457.00
HU,EXT_EU27_2020,090240,2021,import,46644,1392.00
HU,EXT_EU27_2020,090240,2022,import,37688,1177.00
HU,EXT_EU27_2020,090240,2023,import,54522,19596.00
HU,EXT_EU27_2020,090240,2024,import,41376,10853.00
HU,EXT_EU27_2020,090240,2025,import,40637,10257.00
HU,VN,090240,2023,import,29692,19000.00
HU,VN,090240,2024,import,16917,9500.00
HU,VN,090240,2025,import,15458,9500.00
HU,WORLD,090240,2020,import,78448,8497.00
HU,WORLD,090240,2021,import,135592,7101.00
HU,WORLD,090240,2022,import,265864,31610.00
HU,WORLD,090240,2023,import,224153,62581.00
HU,WORLD,090240,2024,import,220596,68111.00
HU,WORLD,090240,2025,import,264535,85558.00
IE,EXT_EU27_2020,090240,2020,import,15492375,5268456.00
IE,EXT_EU27_2020,090240,2021,import,14954982,5379078.00
IE,EXT_EU27_2020,090240,2022,import,20688436,5527762.00
IE,EXT_EU27_2020,090240,2023,import,14326515,4467488.00
IE,EXT_EU27_2020,090240,2024,import,25571597,6495721.00
IE,EXT_EU27_2020,090240,2025,import,19060374,5818025.00
IE,VN,090240,2020,import,161,12.00
IE,VN,090240,2021,import,150,10.00
IE,VN,090240,2022,import,259,13.00
IE,VN,090240,2023,import,18,1.00
IE,VN,090240,2025,import,116,3.00
IE,WORLD,090240,2020,import,15569765,5274522.00
IE,WORLD,090240,2021,import,15244007,5382724.00
IE,WORLD,090240,2022,import,20959009,5542730.00
IE,WORLD,090240,2023,import,14487173,4486817.00
IE,WORLD,090240,2024,import,25733351,6504306.00
IE,WORLD,090240,2025,import,19394130,5832203.00
IT,EXT_EU27_2020,090240,2020,import,5551857,1480563.00
IT,EXT_EU27_2020,090240,2021,import,4654955,1313247.00
IT,EXT_EU27_2020,090240,2022,import,6566538,1645808.00
IT,EXT_EU27_2020,090240,2023,import,7415386,1717219.00
IT,EXT_EU27_2020,090240,2024,import,9682799,2175597.00
IT,EXT_EU27_2020,090240,2025,import,6848291,1593881.00
IT,VN,090240,2020,import,2831,500.00
IT,VN,090240,2021,import,1824,45.00
IT,VN,090240,2022,import,6095,572.00
IT,VN,090240,2023,import,1911,30.00
IT,WORLD,090240,2020,import,9445180,2551829.00
IT,WORLD,090240,2021,import,9020953,2391235.00
IT,WORLD,090240,2022,import,10351979,2567022.00
IT,WORLD,090240,2023,import,11406244,2687139.00
IT,WORLD,090240,2024,import,13497826,2821471.00
IT,WORLD,090240,2025,import,10784095,2526015.00
LT,EXT_EU27_2020,090240,2020,import,235231,22080.00
LT,EXT_EU27_2020,090240,2021,import,235503,26211.00
LT,EXT_EU27_2020,090240,2022,import,281816,26713.00
LT,EXT_EU27_2020,090240,2023,import,126386,14395.00
LT,EXT_EU27_2020,090240,2024,import,161469,21069.00
LT,EXT_EU27_2020,090240,2025,import,214030,27344.00
LT,VN,090240,2025,import,960,30.00
LT,WORLD,090240,2020,import,733868,102602.00
LT,WORLD,090240,2021,import,929550,120683.00
LT,WORLD,090240,2022,import,1223358,150295.00
LT,WORLD,090240,2023,import,880708,91405.00
LT,WORLD,090240,2024,import,986437,97554.00
LT,WORLD,090240,2025,import,937186,92174.00
LU,EXT_EU27_2020,090240,2020,import,14415,336.00
LU,EXT_EU27_2020,090240,2021,import,39166,5931.00
LU,EXT_EU27_2020,090240,2022,import,4997,173.00
LU,EXT_EU27_2020,090240,2023,import,3457,89.00
LU,EXT_EU27_2020,090240,2024,import,2834,136.00
LU,EXT_EU27_2020,090240,2025,import,2696,75.00
LU,VN,090240,2021,import,19,5.00
LU,WORLD,090240,2020,import,396879,23122.00
LU,WORLD,090240,2021,import,459304,40386.00
LU,WORLD,090240,2022,import,413780,32054.00
LU,WORLD,090240,2023,import,310603,11726.00
LU,WORLD,090240,2024,import,345822,13238.00
LU,WORLD,090240,2025,import,255876,15264.00
LV,EXT_EU27_2020,090240,2020,import,73018,30664.00
LV,EXT_EU27_2020,090240,2021,import,6183,1241.00
LV,EXT_EU27_2020,090240,2022,import,16635,2502.00
LV,EXT_EU27_2020,090240,2023,import,10607,2343.00
LV,EXT_EU27_2020,090240,2024,import,64115,9178.00
LV,EXT_EU27_2020,090240,2025,import,148063,9667.00
LV,VN,090240,2020,import,24736,18675.00
LV,VN,090240,2024,import,18665,622.00
LV,WORLD,090240,2020,import,933716,111475.00
LV,WORLD,090240,2021,import,629978,44851.00
LV,WORLD,090240,2022,import,272693,18508.00
LV,WORLD,090240,2023,import,93631,7129.00
LV,WORLD,090240,2024,import,180614,14440.00
LV,WORLD,090240,2025,import,290224,17636.00
MT,EXT_EU27_2020,090240,2020,import,407667,192780.00
MT,EXT_EU27_2020,090240,2021,import,265446,126507.00
MT,EXT_EU27_2020,090240,2022,import,584937,279146.00
MT,EXT_EU27_2020,090240,2023,import,452936,213674.00
MT,EXT_EU27_2020,090240,2024,import,128577,50889.00
MT,EXT_EU27_2020,090240,2025,import,522493,244906.00
MT,WORLD,090240,2020,import,489277,197723.00
MT,WORLD,090240,2021,import,478944,166306.00
MT,WORLD,090240,2022,import,967619,358193.00
MT,WORLD,090240,2023,import,954780,305714.00
MT,WORLD,090240,2024,import,546552,118641.00
MT,WORLD,090240,2025,import,1077189,341345.00
NL,EXT_EU27_2020,090240,2020,import,18561683,5972178.00
NL,EXT_EU27_2020,090240,2021,import,23166204,7821359.00
NL,EXT_EU27_2020,090240,2022,import,21067422,5640601.00
NL,EXT_EU27_2020,090240,2023,import,22669081,7172343.00
NL,EXT_EU27_2020,090240,2024,import,18745126,6495439.00
NL,EXT_EU27_2020,090240,2025,import,20139836,7082529.00
NL,VN,090240,2020,import,119745,33318.00
NL,VN,090240,2021,import,78365,20722.00
NL,VN,090240,2022,import,95774,16085.00
NL,VN,090240,2023,import,28910,2944.00
NL,VN,090240,2024,import,8163,1858.00
NL,VN,090240,2025,import,3437,722.00
NL,WORLD,090240,2020,import,33048246,10196091.00
NL,WORLD,090240,2021,import,36209974,12019845.00
NL,WORLD,090240,2022,import,32367811,8860129.00
NL,WORLD,090240,2023,import,27218812,7852713.00
NL,WORLD,090240,2024,import,22336307,6825620.00
NL,WORLD,090240,2025,import,25383594,7525057.00
PL,EXT_EU27_2020,090240,2020,import,60508151,29968946.00
PL,EXT_EU27_2020,090240,2021,import,49753081,26750874.00
PL,EXT_EU27_2020,090240,2022,import,65244640,28503908.00
PL,EXT_EU27_2020,090240,2023,import,48209535,22352801.00
PL,EXT_EU27_2020,090240,2024,import,48337356,23823895.00
PL,EXT_EU27_2020,090240,2025,import,53133245,25097232.00
PL,VN,090240,2020,import,707836,492541.00
PL,VN,090240,2021,import,627729,391049.00
PL,VN,090240,2022,import,170483,74926.00
PL,VN,090240,2023,import,230543,121594.00
PL,VN,090240,2024,import,219970,102439.00
PL,VN,090240,2025,import,146107,69030.00
PL,WORLD,090240,2020,import,68093964,32605797.00
PL,WORLD,090240,2021,import,58608532,29323218.00
PL,WORLD,090240,2022,import,73210591,30643086.00
PL,WORLD,090240,2023,import,55793960,24609516.00
PL,WORLD,090240,2024,import,69956378,34670444.00
PL,WORLD,090240,2025,import,69462459,33642287.00
PT,EXT_EU27_2020,090240,2020,import,9344,1169.00
PT,EXT_EU27_2020,090240,2021,import,8122,931.00
PT,EXT_EU27_2020,090240,2022,import,30062,2787.00
PT,EXT_EU27_2020,090240,2023,import,12755,1082.00
PT,EXT_EU27_2020,090240,2024,import,11929,1115.00
PT,EXT_EU27_2020,090240,2025,import,10040,572.00
PT,VN,090240,2025,import,24,2.00
PT,WORLD,090240,2020,import,92508,8015.00
PT,WORLD,090240,2021,import,85258,8583.00
PT,WORLD,090240,2022,import,145124,11800.00
PT,WORLD,090240,2023,import,191228,14826.00
PT,WORLD,090240,2024,import,163297,7878.00
PT,WORLD,090240,2025,import,141016,7632.00
RO,EXT_EU27_2020,090240,2020,import,47926,8753.00
RO,EXT_EU27_2020,090240,2021,import,20394,8032.00
RO,EXT_EU27_2020,090240,2022,import,36932,8618.00
RO,EXT_EU27_2020,090240,2023,import,45697,4433.00
RO,EXT_EU27_2020,090240,2024,import,23113,2670.00
RO,EXT_EU27_2020,090240,2025,import,27238,7220.00
RO,VN,090240,2020,import,5738,4080.00
RO,VN,090240,2021,import,3749,2400.00
RO,VN,090240,2022,import,12003,6480.00
RO,VN,090240,2023,import,1826,1204.00
RO,VN,090240,2024,import,2385,960.00
RO,VN,090240,2025,import,1122,500.00
RO,WORLD,090240,2020,import,136931,17573.00
RO,WORLD,090240,2021,import,113250,24135.00
RO,WORLD,090240,2022,import,205927,48684.00
RO,WORLD,090240,2023,import,223784,26615.00
RO,WORLD,090240,2024,import,141744,14961.00
RO,WORLD,090240,2025,import,180358,22012.00
SE,EXT_EU27_2020,090240,2020,import,1777064,245958.00
SE,EXT_EU27_2020,090240,2021,import,1538242,238639.00
SE,EXT_EU27_2020,090240,2022,import,1463787,205539.00
SE,EXT_EU27_2020,090240,2023,import,1041414,128450.00
SE,EXT_EU27_2020,090240,2024,import,1419558,184156.00
SE,EXT_EU27_2020,090240,2025,import,1371835,184654.00
SE,VN,090240,2020,import,681,110.00
SE,VN,090240,2021,import,3094,652.00
SE,VN,090240,2022,import,1519,205.00
SE,VN,090240,2023,import,891,66.00
SE,VN,090240,2024,import,571,45.00
SE,VN,090240,2025,import,517,73.00
SE,WORLD,090240,2020,import,3419692,430861.00
SE,WORLD,090240,2021,import,3149026,446122.00
SE,WORLD,090240,2022,import,12817183,1186375.00
SE,WORLD,090240,2023,import,18755877,1577514.00
SE,WORLD,090240,2024,import,13550545,1123210.00
SE,WORLD,090240,2025,import,11885547,1071026.00
SI,EXT_EU27_2020,090240,2020,import,15275,1620.00
SI,EXT_EU27_2020,090240,2021,import,2257,62.00
SI,EXT_EU27_2020,090240,2022,import,2417,47.00
SI,EXT_EU27_2020,090240,2023,import,2302,309.00
SI,EXT_EU27_2020,090240,2024,import,27854,3966.00
SI,EXT_EU27_2020,090240,2025,import,882,4.00
SI,WORLD,090240,2020,import,116730,16220.00
SI,WORLD,090240,2021,import,143161,16992.00
SI,WORLD,090240,2022,import,122888,15425.00
SI,WORLD,090240,2023,import,146382,13836.00
SI,WORLD,090240,2024,import,197673,21583.00
SI,WORLD,090240,2025,import,149324,13772.00
SK,EXT_EU27_2020,090240,2020,import,33871,1562.00
SK,EXT_EU27_2020,090240,2021,import,65011,1409.00
SK,EXT_EU27_2020,090240,2022,import,41613,8429.00
SK,EXT_EU27_2020,090240,2023,import,41454,5191.00
SK,EXT_EU27_2020,090240,2024,import,61738,4936.00
SK,EXT_EU27_2020,090240,2025,import,54789,1549.00
SK,VN,090240,2020,import,69,6.00
SK,VN,090240,2021,import,422,101.00
SK,VN,090240,2022,import,8,1.00
SK,VN,090240,2023,import,10,11.00
SK,WORLD,090240,2020,import,467693,117406.00
SK,WORLD,090240,2021,import,583845,110471.00
SK,WORLD,090240,2022,import,589465,142928.00
SK,WORLD,090240,2023,import,590372,95325.00
SK,WORLD,090240,2024,import,688126,112333.00
SK,WORLD,090240,2025,import,549688,110872.00
AT,EXT_EU27_2020,090411,2020,import,617986,78031.00
AT,EXT_EU27_2020,090411,2021,import,578904,79665.00
AT,EXT_EU27_2020,090411,2022,import,652219,95216.00
AT,EXT_EU27_2020,090411,2023,import,259454,49698.00
AT,EXT_EU27_2020,090411,2024,import,242330,39070.00
AT,EXT_EU27_2020,090411,2025,import,455124,57797.00
AT,VN,090411,2021,import,1375,122.00
AT,VN,090411,2022,import,69413,15279.00
AT,VN,090411,2023,import,53619,15030.00
AT,VN,090411,2024,import,166836,30020.00
AT,VN,090411,2025,import,293210,45221.00
AT,WORLD,090411,2020,import,8954816,3071709.00
AT,WORLD,090411,2021,import,12472230,3505092.00
AT,WORLD,090411,2022,import,17655738,3451526.00
AT,WORLD,090411,2023,import,14271014,3142359.00
AT,WORLD,090411,2024,import,15582295,2951178.00
AT,WORLD,090411,2025,import,25547689,3308954.00
BE,EXT_EU27_2020,090411,2020,import,1528199,244194.00
BE,EXT_EU27_2020,090411,2021,import,1116066,164851.00
BE,EXT_EU27_2020,090411,2022,import,1290016,172237.00
BE,EXT_EU27_2020,090411,2023,import,848912,106098.00
BE,EXT_EU27_2020,090411,2024,import,1165412,150797.00
BE,EXT_EU27_2020,090411,2025,import,3748204,539069.00
BE,VN,090411,2020,import,141307,47116.00
BE,VN,090411,2021,import,193595,48456.00
BE,VN,090411,2022,import,328786,62340.00
BE,VN,090411,2023,import,34732,5876.00
BE,VN,090411,2024,import,214339,42502.00
BE,VN,090411,2025,import,2749165,430572.00
BE,WORLD,090411,2020,import,5377162,649556.00
BE,WORLD,090411,2021,import,6098931,726788.00
BE,WORLD,090411,2022,import,6411505,903467.00
BE,WORLD,090411,2023,import,6238871,846155.00
BE,WORLD,090411,2024,import,8202304,1788210.00
BE,WORLD,090411,2025,import,8048645,903120.00
BG,EXT_EU27_2020,090411,2020,import,1294991,713007.00
BG,EXT_EU27_2020,090411,2021,import,1856139,601317.00
BG,EXT_EU27_2020,090411,2022,import,2325581,625961.00
BG,EXT_EU27_2020,090411,2023,import,2042095,692375.00
BG,EXT_EU27_2020,090411,2024,import,2790352,543749.00
BG,EXT_EU27_2020,090411,2025,import,2664183,497230.00
BG,VN,090411,2020,import,967177,548120.00
BG,VN,090411,2021,import,1614579,530300.00
BG,VN,090411,2022,import,2109624,573125.00
BG,VN,090411,2023,import,1919012,654000.00
BG,VN,090411,2024,import,2673839,523688.00
BG,VN,090411,2025,import,2552586,483317.00
BG,WORLD,090411,2020,import,1476645,765369.00
BG,WORLD,090411,2021,import,2233854,731089.00
BG,WORLD,090411,2022,import,2818862,702040.00
BG,WORLD,090411,2023,import,2479977,757332.00
BG,WORLD,090411,2024,import,3751865,732383.00
BG,WORLD,090411,2025,import,4413094,869489.00
CY,EXT_EU27_2020,090411,2020,import,42406,17410.00
CY,EXT_EU27_2020,090411,2021,import,64022,17125.00
CY,EXT_EU27_2020,090411,2022,import,41945,14031.00
CY,EXT_EU27_2020,090411,2023,import,95093,32541.00
CY,EXT_EU27_2020,090411,2024,import,107489,30536.00
CY,EXT_EU27_2020,090411,2025,import,281079,56171.00
CY,VN,090411,2020,import,26897,13000.00
CY,VN,090411,2021,import,38898,13023.00
CY,VN,090411,2022,import,23244,6000.00
CY,VN,090411,2023,import,37250,11000.00
CY,VN,090411,2024,import,98140,26500.00
CY,VN,090411,2025,import,244932,40250.00
CY,WORLD,090411,2020,import,129522,33721.00
CY,WORLD,090411,2021,import,152412,31554.00
CY,WORLD,090411,2022,import,312893,60375.00
CY,WORLD,090411,2023,import,391188,88856.00
CY,WORLD,090411,2024,import,367837,79711.00
CY,WORLD,090411,2025,import,627508,101699.00
CZ,EXT_EU27_2020,090411,2020,import,261298,59674.00
CZ,EXT_EU27_2020,090411,2021,import,645762,118024.00
CZ,EXT_EU27_2020,090411,2022,import,906773,135313.00
CZ,EXT_EU27_2020,090411,2023,import,595168,96919.00
CZ,EXT_EU27_2020,090411,2024,import,1497576,197937.00
CZ,EXT_EU27_2020,090411,2025,import,1747199,262367.00
CZ,VN,090411,2020,import,90772,45820.00
CZ,VN,090411,2021,import,245933,94735.00
CZ,VN,090411,2022,import,494612,121226.00
CZ,VN,090411,2023,import,236943,79367.00
CZ,VN,090411,2024,import,609304,155875.00
CZ,VN,090411,2025,import,1154906,184472.00
CZ,WORLD,090411,2020,import,5263574,1187533.00
CZ,WORLD,090411,2021,import,6770093,1370610.00
CZ,WORLD,090411,2022,import,8052514,1446836.00
CZ,WORLD,090411,2023,import,8796267,1526685.00
CZ,WORLD,090411,2024,import,11914545,1800094.00
CZ,WORLD,090411,2025,import,15457324,1968299.00
DE,EXT_EU27_2020,090411,2020,import,67122509,27502016.00
DE,EXT_EU27_2020,090411,2021,import,94323352,27206787.00
DE,EXT_EU27_2020,090411,2022,import,101625951,21136898.00
DE,EXT_EU27_2020,090411,2023,import,61693671,14836422.00
DE,EXT_EU27_2020,090411,2024,import,112521465,20996970.00
DE,EXT_EU27_2020,090411,2025,import,149511927,21431152.00
DE,VN,090411,2020,import,25392038,10248606.00
DE,VN,090411,2021,import,36960431,10211493.00
DE,VN,090411,2022,import,47177238,9520228.00
DE,VN,090411,2023,import,33345975,8513195.00
DE,VN,090411,2024,import,72011899,14054255.00
DE,VN,090411,2025,import,95006343,13737349.00
DE,WORLD,090411,2020,import,75337109,29813445.00
DE,WORLD,090411,2021,import,105076744,29747516.00
DE,WORLD,090411,2022,import,116585598,23790718.00
DE,WORLD,090411,2023,import,74769870,16978684.00
DE,WORLD,090411,2024,import,129794932,23753222.00
DE,WORLD,090411,2025,import,170506985,24323111.00
DK,EXT_EU27_2020,090411,2020,import,130694,30164.00
DK,EXT_EU27_2020,090411,2021,import,102568,16000.00
DK,EXT_EU27_2020,090411,2022,import,122484,16066.00
DK,EXT_EU27_2020,090411,2023,import,278257,42912.00
DK,EXT_EU27_2020,090411,2024,import,473413,75948.00
DK,EXT_EU27_2020,090411,2025,import,733370,77626.00
DK,VN,090411,2020,import,24216,8001.00
DK,VN,090411,2021,import,9278,1940.00
DK,VN,090411,2022,import,28588,5015.00
DK,VN,090411,2023,import,121927,31255.00
DK,VN,090411,2024,import,147313,30359.00
DK,VN,090411,2025,import,260384,40625.00
DK,WORLD,090411,2020,import,1671745,186859.00
DK,WORLD,090411,2021,import,1680751,178063.00
DK,WORLD,090411,2022,import,1916801,179209.00
DK,WORLD,090411,2023,import,2498770,236276.00
DK,WORLD,090411,2024,import,2855788,333214.00
DK,WORLD,090411,2025,import,2851289,308508.00
EE,EXT_EU27_2020,090411,2020,import,354734,78337.00
EE,EXT_EU27_2020,090411,2021,import,62543,12402.00
EE,EXT_EU27_2020,090411,2022,import,107520,16731.00
EE,EXT_EU27_2020,090411,2023,import,19874,2883.00
EE,EXT_EU27_2020,090411,2024,import,58502,7155.00
EE,EXT_EU27_2020,090411,2025,import,66113,9338.00
EE,VN,090411,2020,import,65034,22027.00
EE,VN,090411,2021,import,11524,3926.00
EE,VN,090411,2022,import,15881,4125.00
EE,VN,090411,2023,import,12077,2500.00
EE,VN,090411,2024,import,7237,625.00
EE,VN,090411,2025,import,19281,3028.00
EE,WORLD,090411,2020,import,1867333,306415.00
EE,WORLD,090411,2021,import,2121246,362775.00
EE,WORLD,090411,2022,import,1963301,297029.00
EE,WORLD,090411,2023,import,1983786,247953.00
EE,WORLD,090411,2024,import,2561946,324580.00
EE,WORLD,090411,2025,import,2441614,271892.00
ES,EXT_EU27_2020,090411,2020,import,10627602,4452921.00
ES,EXT_EU27_2020,090411,2021,import,15617747,4493884.00
ES,EXT_EU27_2020,090411,2022,import,18691996,3993401.00
ES,EXT_EU27_2020,090411,2023,import,14169450,3555619.00
ES,EXT_EU27_2020,090411,2024,import,21761389,4119352.00
ES,EXT_EU27_2020,090411,2025,import,28528567,4146734.00
ES,VN,090411,2020,import,6410807,2709756.00
ES,VN,090411,2021,import,10258544,2900887.00
ES,VN,090411,2022,import,14609143,3148704.00
ES,VN,090411,2023,import,10017664,2661900.00
ES,VN,090411,2024,import,17314962,3331915.00
ES,VN,090411,2025,import,22971558,3328578.00
ES,WORLD,090411,2020,import,12902940,4934855.00
ES,WORLD,090411,2021,import,18382958,4992332.00
ES,WORLD,090411,2022,import,22397888,4491919.00
ES,WORLD,090411,2023,import,18330663,4261813.00
ES,WORLD,090411,2024,import,28425663,4989071.00
ES,WORLD,090411,2025,import,34380406,4919378.00
EU27_2020,AE,090411,2024,import,173193,34638.00
EU27_2020,AE,090411,2025,import,246956,40473.00
EU27_2020,AF,090411,2024,import,2013,444.00
EU27_2020,AF,090411,2025,import,2026,447.00
EU27_2020,AL,090411,2024,import,1578,108.00
EU27_2020,AM,090411,2025,import,754,60.00
EU27_2020,AR,090411,2024,import,9,3.00
EU27_2020,AR,090411,2025,import,3879,254.00
EU27_2020,AT,090411,2024,import,5085018,412724.00
EU27_2020,AT,090411,2025,import,6205076,455466.00
EU27_2020,AU,090411,2024,import,54254,4366.00
EU27_2020,AU,090411,2025,import,356414,3954.00
EU27_2020,AZ,090411,2024,import,50,8.00
EU27_2020,AZ,090411,2025,import,555,20.00
EU27_2020,BA,090411,2024,import,1000,200.00
EU27_2020,BD,090411,2024,import,10309,1840.00
EU27_2020,BD,090411,2025,import,5584,1025.00
EU27_2020,BE,090411,2024,import,4672201,560972.00
EU27_2020,BE,090411,2025,import,6940851,566792.00
EU27_2020,BF,090411,2024,import,138,42.00
EU27_2020,BG,090411,2024,import,250884,39362.00
EU27_2020,BG,090411,2025,import,193142,24751.00
EU27_2020,BH,090411,2024,import,118,1.00
EU27_2020,BJ,090411,2024,import,280,11.00
EU27_2020,BJ,090411,2025,import,1358,55.00
EU27_2020,BN,090411,2025,import,61,4.00
EU27_2020,BO,090411,2024,import,257,9.00
EU27_2020,BO,090411,2025,import,2909,164.00
EU27_2020,BR,090411,2024,import,31441522,7237874.00
EU27_2020,BR,090411,2025,import,52249721,8223173.00
EU27_2020,BT,090411,2025,import,5,1.00
EU27_2020,BW,090411,2024,import,1,1.00
EU27_2020,BW,090411,2025,import,32,3.00
EU27_2020,BY,090411,2024,import,461,44.00
EU27_2020,BY,090411,2025,import,301,25.00
EU27_2020,CA,090411,2024,import,741,114.00
EU27_2020,CA,090411,2025,import,2074,34.00
EU27_2020,CD,090411,2024,import,10778,415.00
EU27_2020,CD,090411,2025,import,51,60.00
EU27_2020,CF,090411,2025,import,58,
EU27_2020,CG,090411,2024,import,21383,1000.00
EU27_2020,CG,090411,2025,import,119227,4227.00
EU27_2020,CH,090411,2024,import,50752,3590.00
EU27_2020,CH,090411,2025,import,15845,574.00
EU27_2020,CI,090411,2024,import,36211,6854.00
EU27_2020,CI,090411,2025,import,70630,4065.00
EU27_2020,CL,090411,2024,import,17193,251.00
EU27_2020,CL,090411,2025,import,13908,189.00
EU27_2020,CM,090411,2024,import,203461,12567.00
EU27_2020,CM,090411,2025,import,87817,8453.00
EU27_2020,CN,090411,2024,import,2003379,217271.00
EU27_2020,CN,090411,2025,import,2807198,278744.00
EU27_2020,CO,090411,2024,import,1358,79.00
EU27_2020,CO,090411,2025,import,1797,290.00
EU27_2020,CR,090411,2024,import,13546,1246.00
EU27_2020,CR,090411,2025,import,39909,2721.00
EU27_2020,CY,090411,2024,import,98,6.00
EU27_2020,CY,090411,2025,import,24,
EU27_2020,CZ,090411,2024,import,3688946,622643.00
EU27_2020,CZ,090411,2025,import,7426701,1242859.00
EU27_2020,DE,090411,2024,import,43219473,7202510.00
EU27_2020,DE,090411,2025,import,53226035,6547732.00
EU27_2020,DJ,090411,2024,import,64,17.00
EU27_2020,DJ,090411,2025,import,61,17.00
EU27_2020,DK,090411,2024,import,301526,22427.00
EU27_2020,DK,090411,2025,import,491396,40656.00
EU27_2020,DO,090411,2024,import,845,159.00
EU27_2020,DO,090411,2025,import,2683,708.00
EU27_2020,DZ,090411,2024,import,26,14.00
EU27_2020,DZ,090411,2025,import,380,28.00
EU27_2020,EC,090411,2024,import,673164,118766.00
EU27_2020,EC,090411,2025,import,296387,23319.00
EU27_2020,EE,090411,2024,import,1692908,135491.00
EU27_2020,EE,090411,2025,import,1827664,141271.00
EU27_2020,EG,090411,2024,import,98645,20562.00
EU27_2020,EG,090411,2025,import,166127,36855.00
EU27_2020,ER,090411,2024,import,35,6.00
EU27_2020,ER,090411,2025,import,5,
EU27_2020,ES,090411,2024,import,3287661,508587.00
EU27_2020,ES,090411,2025,import,4353532,578071.00
EU27_2020,ET,090411,2024,import,19343,2585.00
EU27_2020,ET,090411,2025,import,14277,2724.00
EU27_2020,EXT_EU27_2020,090411,2020,import,154103557,58944703.00
EU27_2020,EXT_EU27_2020,090411,2021,import,209925814,59029347.00
EU27_2020,EXT_EU27_2020,090411,2022,import,253536986,51827971.00
EU27_2020,EXT_EU27_2020,090411,2023,import,172080944,40673680.00
EU27_2020,EXT_EU27_2020,090411,2024,import,283091712,52761072.00
EU27_2020,EXT_EU27_2020,090411,2025,import,341858863,49878522.00
EU27_2020,FI,090411,2024,import,32749,2080.00
EU27_2020,FI,090411,2025,import,46395,3063.00
EU27_2020,FJ,090411,2024,import,68,4.00
EU27_2020,FO,090411,2024,import,67,
EU27_2020,FR,090411,2024,import,8443467,1854495.00
EU27_2020,FR,090411,2025,import,10801621,1364139.00
EU27_2020,GB,090411,2024,import,703004,100961.00
EU27_2020,GB,090411,2025,import,1119974,139715.00
EU27_2020,GE,090411,2024,import,1115,46.00
EU27_2020,GE,090411,2025,import,1561,200.00
EU27_2020,GH,090411,2024,import,7704,4578.00
EU27_2020,GH,090411,2025,import,11553,2271.00
EU27_2020,GL,090411,2024,import,40,
EU27_2020,GL,090411,2025,import,7,
EU27_2020,GM,090411,2024,import,6,4.00
EU27_2020,GN,090411,2024,import,17,2.00
EU27_2020,GN,090411,2025,import,954,159.00
EU27_2020,GR,090411,2024,import,1393819,318692.00
EU27_2020,GR,090411,2025,import,1793577,348385.00
EU27_2020,GT,090411,2024,import,18377,2113.00
EU27_2020,GT,090411,2025,import,152755,22121.00
EU27_2020,HK,090411,2024,import,79702,3051.00
EU27_2020,HK,090411,2025,import,134,1.00
EU27_2020,HN,090411,2024,import,115,19.00
EU27_2020,HN,090411,2025,import,1564,214.00
EU27_2020,HR,090411,2024,import,584141,55091.00
EU27_2020,HR,090411,2025,import,227894,27922.00
EU27_2020,HU,090411,2024,import,229098,95150.00
EU27_2020,HU,090411,2025,import,299113,151665.00
EU27_2020,ID,090411,2024,import,27130741,4419941.00
EU27_2020,ID,090411,2025,import,29100705,3927220.00
EU27_2020,IE,090411,2024,import,34848,1536.00
EU27_2020,IE,090411,2025,import,8128,480.00
EU27_2020,IL,090411,2024,import,3272,520.00
EU27_2020,IL,090411,2025,import,6399,521.00
EU27_2020,IN,090411,2024,import,19307798,2699834.00
EU27_2020,IN,090411,2025,import,19014476,2479903.00
EU27_2020,INT_EU27_2020,090411,2024,import,123989517,19726343.00
EU27_2020,INT_EU27_2020,090411,2025,import,153375011,19158211.00
EU27_2020,IQ,090411,2024,import,11,5.00
EU27_2020,IQ,090411,2025,import,646,879.00
EU27_2020,IR,090411,2024,import,10929,1850.00
EU27_2020,IR,090411,2025,import,17904,1635.00
EU27_2020,IS,090411,2024,import,13,3.00
EU27_2020,IS,090411,2025,import,18,2.00
EU27_2020,IT,090411,2024,import,3236889,322912.00
EU27_2020,IT,090411,2025,import,3836894,409319.00
EU27_2020,JM,090411,2024,import,67,5.00
EU27_2020,JM,090411,2025,import,159,16.00
EU27_2020,JO,090411,2024,import,8205,1032.00
EU27_2020,JO,090411,2025,import,4916,507.00
EU27_2020,JP,090411,2024,import,49829,1096.00
EU27_2020,JP,090411,2025,import,60475,439.00
EU27_2020,KE,090411,2024,import,646,173.00
EU27_2020,KE,090411,2025,import,148,14.00
EU27_2020,KH,090411,2024,import,6862561,832371.00
EU27_2020,KH,090411,2025,import,7175035,869725.00
EU27_2020,KR,090411,2024,import,6408,1052.00
EU27_2020,KR,090411,2025,import,1688,289.00
EU27_2020,KW,090411,2024,import,77,9.00
EU27_2020,KW,090411,2025,import,72,9.00
EU27_2020,LA,090411,2024,import,7374,303.00
EU27_2020,LA,090411,2025,import,1814,99.00
EU27_2020,LB,090411,2024,import,36150,3662.00
EU27_2020,LB,090411,2025,import,5958,825.00
EU27_2020,LK,090411,2024,import,5641209,630911.00
EU27_2020,LK,090411,2025,import,8557552,876749.00
EU27_2020,LR,090411,2024,import,300,8.00
EU27_2020,LR,090411,2025,import,9,2.00
EU27_2020,LT,090411,2024,import,244486,25417.00
EU27_2020,LT,090411,2025,import,442146,40733.00
EU27_2020,LU,090411,2024,import,9282,243.00
EU27_2020,LU,090411,2025,import,6613,777.00
EU27_2020,LV,090411,2024,import,4142291,814030.00
EU27_2020,LV,090411,2025,import,4942443,756871.00
EU27_2020,LY,090411,2025,import,63,11.00
EU27_2020,MA,090411,2024,import,207,125.00
EU27_2020,MA,090411,2025,import,213,39.00
EU27_2020,MD,090411,2025,import,16333,964.00
EU27_2020,MG,090411,2024,import,3179691,607522.00
EU27_2020,MG,090411,2025,import,3071284,458813.00
EU27_2020,MK,090411,2025,import,28,2.00
EU27_2020,ML,090411,2024,import,1758,744.00
EU27_2020,ML,090411,2025,import,9,45.00
EU27_2020,MM,090411,2024,import,190,114.00
EU27_2020,MM,090411,2025,import,14,10.00
EU27_2020,MR,090411,2025,import,72719,5000.00
EU27_2020,MT,090411,2024,import,12,1.00
EU27_2020,MT,090411,2025,import,17,1.00
EU27_2020,MU,090411,2024,import,206457,18303.00
EU27_2020,MU,090411,2025,import,274072,21503.00
EU27_2020,MV,090411,2024,import,5,1.00
EU27_2020,MW,090411,2024,import,98,3.00
EU27_2020,MW,090411,2025,import,40523,5125.00
EU27_2020,MX,090411,2024,import,1164023,165568.00
EU27_2020,MX,090411,2025,import,1077354,154109.00
EU27_2020,MY,090411,2024,import,175045,37167.00
EU27_2020,MY,090411,2025,import,291159,27848.00
EU27_2020,NA,090411,2025,import,9,1.00
EU27_2020,NG,090411,2024,import,4468,844.00
EU27_2020,NG,090411,2025,import,8799,1957.00
EU27_2020,NL,090411,2024,import,30934266,5049749.00
EU27_2020,NL,090411,2025,import,31779225,4110379.00
EU27_2020,NO,090411,2024,import,5837,570.00
EU27_2020,NO,090411,2025,import,34353,4224.00
EU27_2020,NP,090411,2024,import,183980,8653.00
EU27_2020,NP,090411,2025,import,333440,29795.00
EU27_2020,NZ,090411,2024,import,64,3.00
EU27_2020,NZ,090411,2025,import,29,4.00
EU27_2020,OM,090411,2024,import,24,4.00
EU27_2020,OM,090411,2025,import,18,11.00
EU27_2020,PE,090411,2024,import,13982,1049.00
EU27_2020,PE,090411,2025,import,18116,1196.00
EU27_2020,PH,090411,2024,import,203,16.00
EU27_2020,PH,090411,2025,import,134,14.00
EU27_2020,PK,090411,2024,import,4345,869.00
EU27_2020,PK,090411,2025,import,4862,549.00
EU27_2020,PL,090411,2024,import,4550764,691357.00
EU27_2020,PL,090411,2025,import,9318834,1414809.00
EU27_2020,PS,090411,2024,import,68,11.00
EU27_2020,PS,090411,2025,import,83,11.00
EU27_2020,PT,090411,2024,import,459482,33718.00
EU27_2020,PT,090411,2025,import,415751,27645.00
EU27_2020,QA,090411,2024,import,23,4.00
EU27_2020,QA,090411,2025,import,67,5.00
EU27_2020,QV,090411,2024,import,97,15.00
EU27_2020,QV,090411,2025,import,589,65.00
EU27_2020,QW,090411,2024,import,7965,1099.00
EU27_2020,QW,090411,2025,import,8601,1076.00
EU27_2020,RO,090411,2024,import,2317349,333510.00
EU27_2020,RO,090411,2025,import,3990727,393950.00
EU27_2020,RU,090411,2024,import,2423,281.00
EU27_2020,RU,090411,2025,import,8854,2609.00
EU27_2020,RW,090411,2025,import,424,10.00
EU27_2020,SA,090411,2024,import,411,45.00
EU27_2020,SA,090411,2025,import,169,32.00
EU27_2020,SC,090411,2025,import,4,
EU27_2020,SE,090411,2024,import,3727863,366706.00
EU27_2020,SE,090411,2025,import,3039920,292992.00
EU27_2020,SG,090411,2024,import,737,45.00
EU27_2020,SG,090411,2025,import,310,26.00
EU27_2020,SI,090411,2024,import,713789,168659.00
EU27_2020,SI,090411,2025,import,832376,126900.00
EU27_2020,SK,090411,2024,import,736110,88260.00
EU27_2020,SK,090411,2025,import,928327,90518.00
EU27_2020,SL,090411,2025,import,21316,5004.00
EU27_2020,SN,090411,2024,import,574,308.00
EU27_2020,SN,090411,2025,import,405,198.00
EU27_2020,SS,090411,2024,import,14,1.00
EU27_2020,ST,090411,2024,import,236700,19014.00
EU27_2020,ST,090411,2025,import,241710,19500.00
EU27_2020,SY,090411,2024,import,10961,4166.00
EU27_2020,SY,090411,2025,import,6096,991.00
EU27_2020,SZ,090411,2025,import,13,2.00
EU27_2020,TD,090411,2025,import,84,1.00
EU27_2020,TG,090411,2024,import,647,197.00
EU27_2020,TG,090411,2025,import,5372,3470.00
EU27_2020,TH,090411,2024,import,208060,29125.00
EU27_2020,TH,090411,2025,import,195256,21839.00
EU27_2020,TN,090411,2024,import,3298,266.00
EU27_2020,TN,090411,2025,import,2397,242.00
EU27_2020,TR,090411,2024,import,350310,65256.00
EU27_2020,TR,090411,2025,import,311055,43632.00
EU27_2020,TT,090411,2024,import,19,1.00
EU27_2020,TW,090411,2024,import,137,13.00
EU27_2020,TW,090411,2025,import,556,27.00
EU27_2020,TZ,090411,2024,import,1113005,236243.00
EU27_2020,TZ,090411,2025,import,278904,43499.00
EU27_2020,UA,090411,2024,import,10029,1293.00
EU27_2020,UA,090411,2025,import,3106,201.00
EU27_2020,UG,090411,2024,import,8867,649.00
EU27_2020,UG,090411,2025,import,3147,254.00
EU27_2020,US,090411,2024,import,326050,38132.00
EU27_2020,US,090411,2025,import,529689,55272.00
EU27_2020,UY,090411,2025,import,2,2.00
EU27_2020,UZ,090411,2024,import,5189,495.00
EU27_2020,UZ,090411,2025,import,8781,607.00
EU27_2020,VN,090411,2020,import,66656703,27440112.00
EU27_2020,VN,090411,2021,import,94421046,27303438.00
EU27_2020,VN,090411,2022,import,130212921,27154891.00
EU27_2020,VN,090411,2023,import,97057086,25251803.00
EU27_2020,VN,090411,2024,import,179716285,34988238.00
EU27_2020,VN,090411,2025,import,212211040,31924271.00
EU27_2020,VU,090411,2024,import,9142,330.00
EU27_2020,VU,090411,2025,import,59,
EU27_2020,XS,090411,2024,import,67602,7142.00
EU27_2020,XS,090411,2025,import,25592,869.00
EU27_2020,ZA,090411,2024,import,1360874,158524.00
EU27_2020,ZA,090411,2025,import,1006726,87458.00
EU27_2020,ZM,090411,2024,import,33,1.00
EU27_2020,ZM,090411,2025,import,10,6.00
EU27_2020,ZW,090411,2025,import,39,7.00
FI,EXT_EU27_2020,090411,2020,import,557000,229865.00
FI,EXT_EU27_2020,090411,2021,import,440533,159716.00
FI,EXT_EU27_2020,090411,2022,import,743150,141160.00
FI,EXT_EU27_2020,090411,2023,import,912968,199254.00
FI,EXT_EU27_2020,090411,2024,import,790322,158816.00
FI,EXT_EU27_2020,090411,2025,import,1499561,206875.00
FI,VN,090411,2020,import,472681,197550.00
FI,VN,090411,2021,import,204792,84607.00
FI,VN,090411,2022,import,648263,128175.00
FI,VN,090411,2023,import,708326,160200.00
FI,VN,090411,2024,import,764872,155662.00
FI,VN,090411,2025,import,1223633,161218.00
FI,WORLD,090411,2020,import,1426402,297885.00
FI,WORLD,090411,2021,import,1226131,221054.00
FI,WORLD,090411,2022,import,1857594,228365.00
FI,WORLD,090411,2023,import,1982864,285534.00
FI,WORLD,090411,2024,import,1889955,259638.00
FI,WORLD,090411,2025,import,2626300,307740.00
FR,EXT_EU27_2020,090411,2020,import,24270562,8339715.00
FR,EXT_EU27_2020,090411,2021,import,33186951,8420684.00
FR,EXT_EU27_2020,090411,2022,import,34920866,6500993.00
FR,EXT_EU27_2020,090411,2023,import,28674275,5951154.00
FR,EXT_EU27_2020,090411,2024,import,43763168,7813825.00
FR,EXT_EU27_2020,090411,2025,import,44697416,6745985.00
FR,VN,090411,2020,import,10373608,4206423.00
FR,VN,090411,2021,import,16187056,4806340.00
FR,VN,090411,2022,import,17378364,3536657.00
FR,VN,090411,2023,import,15717264,3829570.00
FR,VN,090411,2024,import,24953937,4907127.00
FR,VN,090411,2025,import,21694908,3765744.00
FR,WORLD,090411,2020,import,28796375,9412539.00
FR,WORLD,090411,2021,import,41741458,10382108.00
FR,WORLD,090411,2022,import,43702872,7880519.00
FR,WORLD,090411,2023,import,37600050,7391747.00
FR,WORLD,090411,2024,import,53588570,9141029.00
FR,WORLD,090411,2025,import,59727330,8443505.00
GR,EXT_EU27_2020,090411,2020,import,1928946,936659.00
GR,EXT_EU27_2020,090411,2021,import,2887900,953297.00
GR,EXT_EU27_2020,090411,2022,import,4285242,1046024.00
GR,EXT_EU27_2020,090411,2023,import,3802690,1179978.00
GR,EXT_EU27_2020,090411,2024,import,5589987,1149085.00
GR,EXT_EU27_2020,090411,2025,import,6638149,1138819.00
GR,VN,090411,2020,import,1587398,799690.00
GR,VN,090411,2021,import,2441097,786695.00
GR,VN,090411,2022,import,3789770,933905.00
GR,VN,090411,2023,import,3381596,1069301.00
GR,VN,090411,2024,import,5027690,1018626.00
GR,VN,090411,2025,import,6203092,1052725.00
GR,WORLD,090411,2020,import,2382672,998257.00
GR,WORLD,090411,2021,import,3870063,1168455.00
GR,WORLD,090411,2022,import,5004323,1144186.00
GR,WORLD,090411,2023,import,4571171,1276481.00
GR,WORLD,090411,2024,import,6418931,1246923.00
GR,WORLD,090411,2025,import,7867924,1253677.00
HR,EXT_EU27_2020,090411,2020,import,256880,121035.00
HR,EXT_EU27_2020,090411,2021,import,398306,129785.00
HR,EXT_EU27_2020,090411,2022,import,528677,124434.00
HR,EXT_EU27_2020,090411,2023,import,405029,122605.00
HR,EXT_EU27_2020,090411,2024,import,561875,126622.00
HR,EXT_EU27_2020,090411,2025,import,518655,75529.00
HR,VN,090411,2020,import,256872,121035.00
HR,VN,090411,2021,import,396764,129543.00
HR,VN,090411,2022,import,528589,124432.00
HR,VN,090411,2023,import,403247,122559.00
HR,VN,090411,2024,import,527736,125378.00
HR,VN,090411,2025,import,492234,74547.00
HR,WORLD,090411,2020,import,1019126,279564.00
HR,WORLD,090411,2021,import,1619780,373719.00
HR,WORLD,090411,2022,import,1694260,286676.00
HR,WORLD,090411,2023,import,1466420,276140.00
HR,WORLD,090411,2024,import,2469097,358532.00
HR,WORLD,090411,2025,import,1989612,214684.00
HU,EXT_EU27_2020,090411,2020,import,224796,107278.00
HU,EXT_EU27_2020,090411,2021,import,684510,214030.00
HU,EXT_EU27_2020,090411,2022,import,426019,119257.00
HU,EXT_EU27_2020,090411,2023,import,134864,58433.00
HU,EXT_EU27_2020,090411,2024,import,121355,34797.00
HU,EXT_EU27_2020,090411,2025,import,456692,104569.00
HU,VN,090411,2020,import,209446,104301.00
HU,VN,090411,2021,import,531343,159508.00
HU,VN,090411,2022,import,197226,63001.00
HU,VN,090411,2023,import,117889,55715.00
HU,VN,090411,2024,import,99109,31005.00
HU,VN,090411,2025,import,417106,98720.00
HU,WORLD,090411,2020,import,2294195,755235.00
HU,WORLD,090411,2021,import,2954264,771954.00
HU,WORLD,090411,2022,import,3135379,638703.00
HU,WORLD,090411,2023,import,3123609,656531.00
HU,WORLD,090411,2024,import,2413953,423937.00
HU,WORLD,090411,2025,import,5318270,786551.00
IE,EXT_EU27_2020,090411,2020,import,1570331,246725.00
IE,EXT_EU27_2020,090411,2021,import,1130547,128137.00
IE,EXT_EU27_2020,090411,2022,import,1210631,112741.00
IE,EXT_EU27_2020,090411,2023,import,1005745,93691.00
IE,EXT_EU27_2020,090411,2024,import,1495099,136698.00
IE,EXT_EU27_2020,090411,2025,import,1435257,113289.00
IE,VN,090411,2020,import,224,12.00
IE,VN,090411,2021,import,341314,34653.00
IE,VN,090411,2022,import,460758,42091.00
IE,VN,090411,2023,import,442841,38042.00
IE,VN,090411,2024,import,415816,36199.00
IE,VN,090411,2025,import,454235,36152.00
IE,WORLD,090411,2020,import,2494158,338401.00
IE,WORLD,090411,2021,import,1905009,247728.00
IE,WORLD,090411,2022,import,1440930,135567.00
IE,WORLD,090411,2023,import,1279693,112073.00
IE,WORLD,090411,2024,import,1797168,160067.00
IE,WORLD,090411,2025,import,1973437,164236.00
IT,EXT_EU27_2020,090411,2020,import,5897654,2564723.00
IT,EXT_EU27_2020,090411,2021,import,8716834,2611937.00
IT,EXT_EU27_2020,090411,2022,import,12811418,2769197.00
IT,EXT_EU27_2020,090411,2023,import,8097591,2057155.00
IT,EXT_EU27_2020,090411,2024,import,13195248,2748389.00
IT,EXT_EU27_2020,090411,2025,import,18253260,2654297.00
IT,VN,090411,2020,import,2434146,1081080.00
IT,VN,090411,2021,import,3180467,954865.00
IT,VN,090411,2022,import,5834870,1199306.00
IT,VN,090411,2023,import,4526637,1197346.00
IT,VN,090411,2024,import,7022386,1514091.00
IT,VN,090411,2025,import,8587323,1264465.00
IT,WORLD,090411,2020,import,11876207,3883972.00
IT,WORLD,090411,2021,import,16511883,3835970.00
IT,WORLD,090411,2022,import,20353668,3792223.00
IT,WORLD,090411,2023,import,16652668,3014607.00
IT,WORLD,090411,2024,import,23640074,3986073.00
IT,WORLD,090411,2025,import,25976388,3532666.00
LT,EXT_EU27_2020,090411,2020,import,682140,324585.00
LT,EXT_EU27_2020,090411,2021,import,772400,231807.00
LT,EXT_EU27_2020,090411,2022,import,1251277,259722.00
LT,EXT_EU27_2020,090411,2023,import,1115381,284586.00
LT,EXT_EU27_2020,090411,2024,import,1499382,276266.00
LT,EXT_EU27_2020,090411,2025,import,1757729,279301.00
LT,VN,090411,2020,import,401162,201503.00
LT,VN,090411,2021,import,585790,175500.00
LT,VN,090411,2022,import,874620,197500.00
LT,VN,090411,2023,import,763061,223360.00
LT,VN,090411,2024,import,1039544,216221.00
LT,VN,090411,2025,import,1480261,241620.00
LT,WORLD,090411,2020,import,1242623,410488.00
LT,WORLD,090411,2021,import,1783702,405678.00
LT,WORLD,090411,2022,import,2224599,364592.00
LT,WORLD,090411,2023,import,1888671,360004.00
LT,WORLD,090411,2024,import,2395460,353918.00
LT,WORLD,090411,2025,import,2618654,348089.00
LU,EXT_EU27_2020,090411,2020,import,1890,1141.00
LU,EXT_EU27_2020,090411,2021,import,1158,85.00
LU,EXT_EU27_2020,090411,2022,import,111,5.00
LU,EXT_EU27_2020,090411,2024,import,1605,17.00
LU,EXT_EU27_2020,090411,2025,import,52,1.00
LU,WORLD,090411,2020,import,414079,30505.00
LU,WORLD,090411,2021,import,406206,30253.00
LU,WORLD,090411,2022,import,360476,25790.00
LU,WORLD,090411,2023,import,406066,25925.00
LU,WORLD,090411,2024,import,445239,34489.00
LU,WORLD,090411,2025,import,513091,41813.00
LV,EXT_EU27_2020,090411,2020,import,1011037,535175.00
LV,EXT_EU27_2020,090411,2021,import,2406016,706055.00
LV,EXT_EU27_2020,090411,2022,import,2346622,595376.00
LV,EXT_EU27_2020,090411,2023,import,2005028,582502.00
LV,EXT_EU27_2020,090411,2024,import,6088619,1200684.00
LV,EXT_EU27_2020,090411,2025,import,5339256,898057.00
LV,VN,090411,2020,import,738680,393016.00
LV,VN,090411,2021,import,1766192,512503.00
LV,VN,090411,2022,import,1658058,453500.00
LV,VN,090411,2023,import,1541143,506450.00
LV,VN,090411,2024,import,5310742,1051004.00
LV,VN,090411,2025,import,5069353,874427.00
LV,WORLD,090411,2020,import,1579047,688840.00
LV,WORLD,090411,2021,import,2919315,791395.00
LV,WORLD,090411,2022,import,2823442,666658.00
LV,WORLD,090411,2023,import,2477215,641671.00
LV,WORLD,090411,2024,import,6672644,1278545.00
LV,WORLD,090411,2025,import,6232282,984790.00
MT,EXT_EU27_2020,090411,2020,import,76530,15966.00
MT,EXT_EU27_2020,090411,2021,import,57085,3919.00
MT,EXT_EU27_2020,090411,2022,import,125445,15727.00
MT,EXT_EU27_2020,090411,2023,import,51091,7184.00
MT,EXT_EU27_2020,090411,2024,import,58397,2872.00
MT,EXT_EU27_2020,090411,2025,import,164922,21229.00
MT,VN,090411,2021,import,14626,397.00
MT,VN,090411,2022,import,74950,13065.00
MT,VN,090411,2023,import,21729,5280.00
MT,VN,090411,2024,import,8653,375.00
MT,VN,090411,2025,import,152821,20434.00
MT,WORLD,090411,2020,import,226224,44578.00
MT,WORLD,090411,2021,import,234404,28722.00
MT,WORLD,090411,2022,import,355194,43588.00
MT,WORLD,090411,2023,import,268513,32710.00
MT,WORLD,090411,2024,import,355498,44669.00
MT,WORLD,090411,2025,import,449603,36837.00
NL,EXT_EU27_2020,090411,2020,import,19163757,6913775.00
NL,EXT_EU27_2020,090411,2021,import,26672427,7711581.00
NL,EXT_EU27_2020,090411,2022,import,46116845,9656891.00
NL,EXT_EU27_2020,090411,2023,import,29016024,6833778.00
NL,EXT_EU27_2020,090411,2024,import,42947755,8396279.00
NL,EXT_EU27_2020,090411,2025,import,41874105,6154362.00
NL,VN,090411,2020,import,8167257,3183526.00
NL,VN,090411,2021,import,10856459,3278759.00
NL,VN,090411,2022,import,22179465,4515317.00
NL,VN,090411,2023,import,13461306,3301107.00
NL,VN,090411,2024,import,25491566,4886201.00
NL,VN,090411,2025,import,22461705,3290361.00
NL,WORLD,090411,2020,import,25565182,7408132.00
NL,WORLD,090411,2021,import,33770133,8441104.00
NL,WORLD,090411,2022,import,51933472,10203101.00
NL,WORLD,090411,2023,import,34152555,7256789.00
NL,WORLD,090411,2024,import,46768509,8761709.00
NL,WORLD,090411,2025,import,48115655,6676905.00
PL,EXT_EU27_2020,090411,2020,import,6143785,2952593.00
PL,EXT_EU27_2020,090411,2021,import,8486848,2753453.00
PL,EXT_EU27_2020,090411,2022,import,8799766,1946994.00
PL,EXT_EU27_2020,090411,2023,import,7953784,2276644.00
PL,EXT_EU27_2020,090411,2024,import,11417800,2264068.00
PL,EXT_EU27_2020,090411,2025,import,13832020,2063611.00
PL,VN,090411,2020,import,5088723,2525476.00
PL,VN,090411,2021,import,6357124,2015472.00
PL,VN,090411,2022,import,7867621,1748875.00
PL,VN,090411,2023,import,7249083,2138778.00
PL,VN,090411,2024,import,10550150,2117445.00
PL,VN,090411,2025,import,11854885,1772913.00
PL,WORLD,090411,2020,import,14020453,5488071.00
PL,WORLD,090411,2021,import,19323286,5778489.00
PL,WORLD,090411,2022,import,24454352,5318467.00
PL,WORLD,090411,2023,import,21053974,4956748.00
PL,WORLD,090411,2024,import,27797689,5727944.00
PL,WORLD,090411,2025,import,38113788,5630295.00
PT,EXT_EU27_2020,090411,2020,import,312385,97673.00
PT,EXT_EU27_2020,090411,2021,import,143038,34120.00
PT,EXT_EU27_2020,090411,2022,import,103410,16473.00
PT,EXT_EU27_2020,090411,2023,import,597400,130577.00
PT,EXT_EU27_2020,090411,2024,import,520537,84214.00
PT,EXT_EU27_2020,090411,2025,import,434180,54874.00
PT,VN,090411,2020,import,217518,80000.00
PT,VN,090411,2021,import,118449,31377.00
PT,VN,090411,2022,import,87219,15000.00
PT,VN,090411,2023,import,448863,104895.00
PT,VN,090411,2024,import,495277,81401.00
PT,VN,090411,2025,import,373499,47188.00
PT,WORLD,090411,2020,import,1412036,232580.00
PT,WORLD,090411,2021,import,1471888,193620.00
PT,WORLD,090411,2022,import,1499296,180677.00
PT,WORLD,090411,2023,import,2404528,352808.00
PT,WORLD,090411,2024,import,2986804,326281.00
PT,WORLD,090411,2025,import,3049725,298094.00
RO,EXT_EU27_2020,090411,2020,import,1628861,724134.00
RO,EXT_EU27_2020,090411,2021,import,2584484,795730.00
RO,EXT_EU27_2020,090411,2022,import,2503799,589270.00
RO,EXT_EU27_2020,090411,2023,import,1871553,543821.00
RO,EXT_EU27_2020,090411,2024,import,3476535,794174.00
RO,EXT_EU27_2020,090411,2025,import,6218419,946669.00
RO,VN,090411,2020,import,480964,228928.00
RO,VN,090411,2021,import,1125486,294551.00
RO,VN,090411,2022,import,415448,120243.00
RO,VN,090411,2023,import,765824,236027.00
RO,VN,090411,2024,import,1182132,229592.00
RO,VN,090411,2025,import,2227910,359898.00
RO,WORLD,090411,2020,import,3529795,1027524.00
RO,WORLD,090411,2021,import,4630192,1095740.00
RO,WORLD,090411,2022,import,4904425,961172.00
RO,WORLD,090411,2023,import,5044953,1022569.00
RO,WORLD,090411,2024,import,7238684,1340869.00
RO,WORLD,090411,2025,import,10016577,1412344.00
SE,EXT_EU27_2020,090411,2020,import,5443458,1024132.00
SE,EXT_EU27_2020,090411,2021,import,6212563,1271814.00
SE,EXT_EU27_2020,090411,2022,import,8845371,1203153.00
SE,EXT_EU27_2020,090411,2023,import,5016663,700606.00
SE,EXT_EU27_2020,090411,2024,import,8162150,1143828.00
SE,EXT_EU27_2020,090411,2025,import,7823369,913640.00
SE,VN,090411,2020,import,321779,95354.00
SE,VN,090411,2021,import,245726,53661.00
SE,VN,090411,2022,import,615938,90107.00
SE,VN,090411,2023,import,486923,88850.00
SE,VN,090411,2024,import,813773,154373.00
SE,VN,090411,2025,import,1110339,142552.00
SE,WORLD,090411,2020,import,7287890,1275748.00
SE,WORLD,090411,2021,import,7934843,1515857.00
SE,WORLD,090411,2022,import,11103462,1489456.00
SE,WORLD,090411,2023,import,7432905,1048225.00
SE,WORLD,090411,2024,import,10881300,1440575.00
SE,WORLD,090411,2025,import,10967690,1226798.00
SI,EXT_EU27_2020,090411,2020,import,751555,333674.00
SI,EXT_EU27_2020,090411,2021,import,162694,43139.00
SI,EXT_EU27_2020,090411,2022,import,631891,133198.00
SI,EXT_EU27_2020,090411,2023,import,714373,186243.00
SI,EXT_EU27_2020,090411,2024,import,498268,93788.00
SI,EXT_EU27_2020,090411,2025,import,856309,129693.00
SI,VN,090411,2020,import,667182,304674.00
SI,VN,090411,2021,import,119801,30125.00
SI,VN,090411,2022,import,623312,126174.00
SI,VN,090411,2023,import,537648,150200.00
SI,VN,090411,2024,import,483571,92680.00
SI,VN,090411,2025,import,831828,127678.00
SI,WORLD,090411,2020,import,1164529,380961.00
SI,WORLD,090411,2021,import,597462,94332.00
SI,WORLD,090411,2022,import,1151787,182283.00
SI,WORLD,090411,2023,import,1241913,239604.00
SI,WORLD,090411,2024,import,1186854,159880.00
SI,WORLD,090411,2025,import,1681075,204402.00
SK,EXT_EU27_2020,090411,2020,import,2201571,300101.00
SK,EXT_EU27_2020,090411,2021,import,614417,150003.00
SK,EXT_EU27_2020,090411,2022,import,2121961,391502.00
SK,EXT_EU27_2020,090411,2023,import,704511,50002.00
SK,EXT_EU27_2020,090411,2024,import,2285682,175136.00
SK,EXT_EU27_2020,090411,2025,import,2323746,300238.00
SK,VN,090411,2020,import,2120815,275098.00
SK,VN,090411,2021,import,614403,150000.00
SK,VN,090411,2022,import,2121921,391501.00
SK,VN,090411,2023,import,704507,50000.00
SK,VN,090411,2024,import,2285462,175119.00
SK,VN,090411,2025,import,2323543,300217.00
SK,WORLD,090411,2020,import,3232532,551794.00
SK,WORLD,090411,2021,import,1479994,315935.00
SK,WORLD,090411,2022,import,3477877,627408.00
SK,WORLD,090411,2023,import,1792608,219766.00
SK,WORLD,090411,2024,import,4677625,690674.00
SK,WORLD,090411,2025,import,3721919,498857.00
AT,EXT_EU27_2020,090611,2020,import,72480,6941.00
AT,EXT_EU27_2020,090611,2021,import,174222,10889.00
AT,EXT_EU27_2020,090611,2022,import,192521,21335.00
AT,EXT_EU27_2020,090611,2023,import,47579,4226.00
AT,EXT_EU27_2020,090611,2024,import,74609,11012.00
AT,EXT_EU27_2020,090611,2025,import,136895,14465.00
AT,VN,090611,2020,import,26925,4257.00
AT,VN,090611,2024,import,20599,2289.00
AT,WORLD,090611,2020,import,738592,99872.00
AT,WORLD,090611,2021,import,1442754,164873.00
AT,WORLD,090611,2022,import,1150113,121271.00
AT,WORLD,090611,2023,import,1119728,99723.00
AT,WORLD,090611,2024,import,1500427,146291.00
AT,WORLD,090611,2025,import,1706865,169381.00
BE,EXT_EU27_2020,090611,2020,import,29272,4287.00
BE,EXT_EU27_2020,090611,2021,import,53181,5166.00
BE,EXT_EU27_2020,090611,2022,import,33481,2909.00
BE,EXT_EU27_2020,090611,2023,import,54880,5617.00
BE,EXT_EU27_2020,090611,2024,import,32671,2898.00
BE,EXT_EU27_2020,090611,2025,import,47384,2191.00
BE,VN,090611,2021,import,378,58.00
BE,VN,090611,2022,import,4,
BE,VN,090611,2024,import,2284,171.00
BE,VN,090611,2025,import,23,
BE,WORLD,090611,2020,import,287452,17321.00
BE,WORLD,090611,2021,import,257859,13455.00
BE,WORLD,090611,2022,import,234765,14803.00
BE,WORLD,090611,2023,import,212481,37551.00
BE,WORLD,090611,2024,import,329429,100875.00
BE,WORLD,090611,2025,import,383644,16961.00
BG,EXT_EU27_2020,090611,2020,import,39722,8571.00
BG,EXT_EU27_2020,090611,2021,import,30265,7218.00
BG,EXT_EU27_2020,090611,2022,import,28078,4595.00
BG,EXT_EU27_2020,090611,2023,import,96046,20163.00
BG,EXT_EU27_2020,090611,2024,import,69964,13277.00
BG,EXT_EU27_2020,090611,2025,import,53696,6416.00
BG,VN,090611,2020,import,17593,3500.00
BG,VN,090611,2021,import,20105,3810.00
BG,VN,090611,2022,import,20453,3800.00
BG,VN,090611,2023,import,89300,19500.00
BG,VN,090611,2024,import,54146,12000.00
BG,VN,090611,2025,import,2416,176.00
BG,WORLD,090611,2020,import,63758,11245.00
BG,WORLD,090611,2021,import,67680,12310.00
BG,WORLD,090611,2022,import,65062,7311.00
BG,WORLD,090611,2023,import,142495,24182.00
BG,WORLD,090611,2024,import,143288,37515.00
BG,WORLD,090611,2025,import,235956,34255.00
CY,EXT_EU27_2020,090611,2020,import,2319,463.00
CY,EXT_EU27_2020,090611,2021,import,1886,204.00
CY,EXT_EU27_2020,090611,2022,import,1123,129.00
CY,EXT_EU27_2020,090611,2023,import,51866,12066.00
CY,EXT_EU27_2020,090611,2024,import,1152,113.00
CY,EXT_EU27_2020,090611,2025,import,14130,2506.00
CY,VN,090611,2025,import,10146,2000.00
CY,WORLD,090611,2020,import,28077,21370.00
CY,WORLD,090611,2021,import,7672,10242.00
CY,WORLD,090611,2022,import,53974,20886.00
CY,WORLD,090611,2023,import,63539,20656.00
CY,WORLD,090611,2024,import,10406,1077.00
CY,WORLD,090611,2025,import,107289,19012.00
CZ,EXT_EU27_2020,090611,2020,import,13654,2136.00
CZ,EXT_EU27_2020,090611,2021,import,15292,1599.00
CZ,EXT_EU27_2020,090611,2022,import,54904,11288.00
CZ,EXT_EU27_2020,090611,2023,import,19019,3995.00
CZ,EXT_EU27_2020,090611,2024,import,24922,5721.00
CZ,EXT_EU27_2020,090611,2025,import,40987,13622.00
CZ,VN,090611,2020,import,996,168.00
CZ,VN,090611,2021,import,5935,747.00
CZ,VN,090611,2022,import,48099,10815.00
CZ,VN,090611,2023,import,13457,3730.00
CZ,VN,090611,2024,import,22514,5600.00
CZ,VN,090611,2025,import,38105,13380.00
CZ,WORLD,090611,2020,import,779256,139300.00
CZ,WORLD,090611,2021,import,578500,67000.00
CZ,WORLD,090611,2022,import,706651,78970.00
CZ,WORLD,090611,2023,import,450518,48590.00
CZ,WORLD,090611,2024,import,413801,48146.00
CZ,WORLD,090611,2025,import,455142,63538.00
DE,EXT_EU27_2020,090611,2020,import,2846017,671098.00
DE,EXT_EU27_2020,090611,2021,import,3503090,775126.00
DE,EXT_EU27_2020,090611,2022,import,2660872,483791.00
DE,EXT_EU27_2020,090611,2023,import,1834875,346944.00
DE,EXT_EU27_2020,090611,2024,import,2225181,503882.00
DE,EXT_EU27_2020,090611,2025,import,4132073,901900.00
DE,VN,090611,2021,import,21168,5061.00
DE,VN,090611,2022,import,73849,16189.00
DE,VN,090611,2023,import,239854,44373.00
DE,VN,090611,2024,import,262604,52139.00
DE,VN,090611,2025,import,90758,18551.00
DE,WORLD,090611,2020,import,3474994,789676.00
DE,WORLD,090611,2021,import,4030922,875790.00
DE,WORLD,090611,2022,import,3170330,553835.00
DE,WORLD,090611,2023,import,2648509,520933.00
DE,WORLD,090611,2024,import,3186012,719834.00
DE,WORLD,090611,2025,import,5854257,1291379.00
DK,EXT_EU27_2020,090611,2020,import,13313,878.00
DK,EXT_EU27_2020,090611,2021,import,60009,12100.00
DK,EXT_EU27_2020,090611,2022,import,35515,3454.00
DK,EXT_EU27_2020,090611,2023,import,17014,2142.00
DK,EXT_EU27_2020,090611,2024,import,13583,1910.00
DK,EXT_EU27_2020,090611,2025,import,42135,5065.00
DK,VN,090611,2020,import,133,10.00
DK,VN,090611,2021,import,3396,501.00
DK,VN,090611,2022,import,3746,1000.00
DK,VN,090611,2023,import,38,2.00
DK,VN,090611,2024,import,2848,1006.00
DK,VN,090611,2025,import,4194,800.00
DK,WORLD,090611,2020,import,172204,14100.00
DK,WORLD,090611,2021,import,247149,25973.00
DK,WORLD,090611,2022,import,206510,12952.00
DK,WORLD,090611,2023,import,230923,11794.00
DK,WORLD,090611,2024,import,150777,8914.00
DK,WORLD,090611,2025,import,165048,11590.00
EE,EXT_EU27_2020,090611,2020,import,192,15.00
EE,EXT_EU27_2020,090611,2021,import,742,50.00
EE,EXT_EU27_2020,090611,2022,import,165,10.00
EE,EXT_EU27_2020,090611,2024,import,14,
EE,EXT_EU27_2020,090611,2025,import,1720,80.00
EE,WORLD,090611,2020,import,22188,2197.00
EE,WORLD,090611,2021,import,28525,2588.00
EE,WORLD,090611,2022,import,18174,1217.00
EE,WORLD,090611,2023,import,20279,891.00
EE,WORLD,090611,2024,import,24517,1420.00
EE,WORLD,090611,2025,import,35725,3468.00
ES,EXT_EU27_2020,090611,2020,import,4341645,573150.00
ES,EXT_EU27_2020,090611,2021,import,4605684,551399.00
ES,EXT_EU27_2020,090611,2022,import,4718957,683751.00
ES,EXT_EU27_2020,090611,2023,import,4917205,784712.00
ES,EXT_EU27_2020,090611,2024,import,6188288,1139151.00
ES,EXT_EU27_2020,090611,2025,import,4811335,795662.00
ES,VN,090611,2020,import,32809,6241.00
ES,VN,090611,2021,import,116272,22641.00
ES,VN,090611,2022,import,445037,65789.00
ES,VN,090611,2023,import,747894,168966.00
ES,VN,090611,2024,import,743903,165050.00
ES,VN,090611,2025,import,482510,136320.00
ES,WORLD,090611,2020,import,5417133,801193.00
ES,WORLD,090611,2021,import,5458229,839169.00
ES,WORLD,090611,2022,import,5488938,1047724.00
ES,WORLD,090611,2023,import,5677807,1017287.00
ES,WORLD,090611,2024,import,7035820,1305656.00
ES,WORLD,090611,2025,import,5534109,943067.00
EU27_2020,AE,090611,2024,import,7171,2487.00
EU27_2020,AE,090611,2025,import,4656,674.00
EU27_2020,AL,090611,2024,import,365,28.00
EU27_2020,AR,090611,2025,import,3216,300.00
EU27_2020,AT,090611,2024,import,978542,67890.00
EU27_2020,AT,090611,2025,import,1139134,82709.00
EU27_2020,AU,090611,2024,import,79,12.00
EU27_2020,BD,090611,2024,import,10944,2530.00
EU27_2020,BD,090611,2025,import,30194,6090.00
EU27_2020,BE,090611,2024,import,139029,20245.00
EU27_2020,BE,090611,2025,import,283071,24643.00
EU27_2020,BF,090611,2024,import,49,2.00
EU27_2020,BF,090611,2025,import,24,
EU27_2020,BG,090611,2024,import,6627,579.00
EU27_2020,BG,090611,2025,import,8325,1368.00
EU27_2020,BJ,090611,2024,import,15,1.00
EU27_2020,BJ,090611,2025,import,164,8.00
EU27_2020,BO,090611,2024,import,16298,642.00
EU27_2020,BO,090611,2025,import,9989,336.00
EU27_2020,BR,090611,2024,import,2622,3.00
EU27_2020,BR,090611,2025,import,185,5.00
EU27_2020,CA,090611,2024,import,2433,300.00
EU27_2020,CA,090611,2025,import,2,
EU27_2020,CH,090611,2024,import,7098,400.00
EU27_2020,CL,090611,2024,import,5,1.00
EU27_2020,CM,090611,2024,import,8,
EU27_2020,CM,090611,2025,import,42,
EU27_2020,CN,090611,2024,import,714854,117547.00
EU27_2020,CN,090611,2025,import,1031721,226337.00
EU27_2020,CO,090611,2024,import,16601,420.00
EU27_2020,CO,090611,2025,import,16359,440.00
EU27_2020,CY,090611,2024,import,8,1.00
EU27_2020,CZ,090611,2024,import,348195,27687.00
EU27_2020,CZ,090611,2025,import,231216,17148.00
EU27_2020,DE,090611,2024,import,1006448,106863.00
EU27_2020,DE,090611,2025,import,2032039,200452.00
EU27_2020,DK,090611,2024,import,21746,933.00
EU27_2020,DK,090611,2025,import,40846,2841.00
EU27_2020,DM,090611,2024,import,1572,4297.00
EU27_2020,DM,090611,2025,import,1068,2284.00
EU27_2020,DO,090611,2024,import,29876,16918.00
EU27_2020,DO,090611,2025,import,21703,10294.00
EU27_2020,DZ,090611,2024,import,154,10.00
EU27_2020,EC,090611,2024,import,106150,4321.00
EU27_2020,EC,090611,2025,import,114440,4752.00
EU27_2020,EE,090611,2024,import,56178,1712.00
EU27_2020,EE,090611,2025,import,20802,1287.00
EU27_2020,EG,090611,2024,import,6274,708.00
EU27_2020,EG,090611,2025,import,65,50.00
EU27_2020,ES,090611,2024,import,970720,136023.00
EU27_2020,ES,090611,2025,import,584688,77450.00
EU27_2020,ET,090611,2025,import,5,2.00
EU27_2020,EXT_EU27_2020,090611,2020,import,13848040,2803600.00
EU27_2020,EXT_EU27_2020,090611,2021,import,17760343,3288378.00
EU27_2020,EXT_EU27_2020,090611,2022,import,21781285,3789522.00
EU27_2020,EXT_EU27_2020,090611,2023,import,16546789,2970229.00
EU27_2020,EXT_EU27_2020,090611,2024,import,15855927,3137916.00
EU27_2020,EXT_EU27_2020,090611,2025,import,16898040,3177345.00
EU27_2020,FI,090611,2024,import,650,14.00
EU27_2020,FI,090611,2025,import,514,8.00
EU27_2020,FR,090611,2024,import,858806,218454.00
EU27_2020,FR,090611,2025,import,1294858,306066.00
EU27_2020,GB,090611,2024,import,369145,86311.00
EU27_2020,GB,090611,2025,import,299464,59776.00
EU27_2020,GD,090611,2024,import,213,160.00
EU27_2020,GH,090611,2024,import,9,1.00
EU27_2020,GH,090611,2025,import,2,
EU27_2020,GR,090611,2024,import,114053,33824.00
EU27_2020,GR,090611,2025,import,253111,38224.00
EU27_2020,GT,090611,2024,import,702,174.00
EU27_2020,GT,090611,2025,import,26,9.00
EU27_2020,HR,090611,2024,import,50244,1127.00
EU27_2020,HR,090611,2025,import,41808,895.00
EU27_2020,HU,090611,2024,import,147162,13066.00
EU27_2020,HU,090611,2025,import,192363,12512.00
EU27_2020,ID,090611,2024,import,759005,123466.00
EU27_2020,ID,090611,2025,import,1352015,239996.00
EU27_2020,IE,090611,2024,import,11,
EU27_2020,IE,090611,2025,import,53,5.00
EU27_2020,IL,090611,2024,import,81,5.00
EU27_2020,IL,090611,2025,import,146,11.00
EU27_2020,IN,090611,2024,import,99366,16085.00
EU27_2020,IN,090611,2025,import,84054,13943.00
EU27_2020,INT_EU27_2020,090611,2024,import,10025008,1352220.00
EU27_2020,INT_EU27_2020,090611,2025,import,12220364,1588987.00
EU27_2020,IQ,090611,2024,import,1012,418.00
EU27_2020,IR,090611,2024,import,10348,2055.00
EU27_2020,IR,090611,2025,import,16175,2546.00
EU27_2020,IT,090611,2024,import,693951,79525.00
EU27_2020,IT,090611,2025,import,1333576,229492.00
EU27_2020,JO,090611,2024,import,163,16.00
EU27_2020,JO,090611,2025,import,413,126.00
EU27_2020,JP,090611,2025,import,1,1.00
EU27_2020,KE,090611,2024,import,9,1.00
EU27_2020,KH,090611,2024,import,854,19.00
EU27_2020,KH,090611,2025,import,9163,354.00
EU27_2020,KW,090611,2024,import,7,
EU27_2020,LB,090611,2024,import,15895,5304.00
EU27_2020,LB,090611,2025,import,6546,1258.00
EU27_2020,LC,090611,2024,import,5702,1190.00
EU27_2020,LC,090611,2025,import,564,307.00
EU27_2020,LK,090611,2024,import,7100181,618758.00
EU27_2020,LK,090611,2025,import,7663348,627783.00
EU27_2020,LT,090611,2024,import,26605,1669.00
EU27_2020,LT,090611,2025,import,14202,1428.00
EU27_2020,LU,090611,2024,import,9137,180.00
EU27_2020,LU,090611,2025,import,689,128.00
EU27_2020,LV,090611,2024,import,129585,25220.00
EU27_2020,LV,090611,2025,import,148066,39862.00
EU27_2020,MA,090611,2025,import,32,
EU27_2020,MG,090611,2024,import,3994097,1466249.00
EU27_2020,MG,090611,2025,import,3987994,1350586.00
EU27_2020,MT,090611,2024,import,3,
EU27_2020,MT,090611,2025,import,1,
EU27_2020,MX,090611,2024,import,840,65.00
EU27_2020,MX,090611,2025,import,1306,184.00
EU27_2020,MY,090611,2024,import,438,151.00
EU27_2020,MY,090611,2025,import,1147,346.00
EU27_2020,NG,090611,2024,import,1364,77.00
EU27_2020,NG,090611,2025,import,1061,80.00
EU27_2020,NL,090611,2024,import,3639596,573605.00
EU27_2020,NL,090611,2025,import,3551181,484741.00
EU27_2020,NO,090611,2024,import,50,8.00
EU27_2020,NO,090611,2025,import,122,4.00
EU27_2020,NZ,090611,2024,import,3,
EU27_2020,PE,090611,2024,import,83826,3260.00
EU27_2020,PE,090611,2025,import,87402,3129.00
EU27_2020,PK,090611,2024,import,7808,1978.00
EU27_2020,PK,090611,2025,import,529,81.00
EU27_2020,PL,090611,2024,import,566098,30603.00
EU27_2020,PL,090611,2025,import,705341,39891.00
EU27_2020,PT,090611,2024,import,172088,5172.00
EU27_2020,PT,090611,2025,import,278585,22429.00
EU27_2020,QV,090611,2024,import,1158,216.00
EU27_2020,QW,090611,2024,import,705,20.00
EU27_2020,QW,090611,2025,import,3556,108.00
EU27_2020,RO,090611,2024,import,28776,613.00
EU27_2020,RO,090611,2025,import,25864,674.00
EU27_2020,RU,090611,2024,import,32,20.00
EU27_2020,RU,090611,2025,import,175,80.00
EU27_2020,SA,090611,2024,import,180,187.00
EU27_2020,SA,090611,2025,import,5,1.00
EU27_2020,SC,090611,2024,import,31322,8000.00
EU27_2020,SE,090611,2024,import,26329,1179.00
EU27_2020,SE,090611,2025,import,13760,384.00
EU27_2020,SG,090611,2024,import,5,1.00
EU27_2020,SG,090611,2025,import,1004,238.00
EU27_2020,SI,090611,2024,import,1553,189.00
EU27_2020,SI,090611,2025,import,109,13.00
EU27_2020,SK,090611,2024,import,31710,5631.00
EU27_2020,SK,090611,2025,import,26162,4337.00
EU27_2020,SL,090611,2024,import,141,7.00
EU27_2020,SL,090611,2025,import,181,7.00
EU27_2020,SY,090611,2024,import,3533,2686.00
EU27_2020,SY,090611,2025,import,7516,3678.00
EU27_2020,TG,090611,2024,import,77,11.00
EU27_2020,TH,090611,2024,import,10893,824.00
EU27_2020,TH,090611,2025,import,12226,943.00
EU27_2020,TN,090611,2024,import,69,9.00
EU27_2020,TN,090611,2025,import,19,2.00
EU27_2020,TR,090611,2024,import,208040,30340.00
EU27_2020,TR,090611,2025,import,67481,7169.00
EU27_2020,TW,090611,2024,import,43,6.00
EU27_2020,TW,090611,2025,import,125,1.00
EU27_2020,TZ,090611,2024,import,358702,151659.00
EU27_2020,TZ,090611,2025,import,476285,206670.00
EU27_2020,UA,090611,2025,import,24,1.00
EU27_2020,UG,090611,2024,import,110,9.00
EU27_2020,UG,090611,2025,import,48,3.00
EU27_2020,US,090611,2024,import,20944,12988.00
EU27_2020,US,090611,2025,import,75765,17249.00
EU27_2020,UZ,090611,2024,import,576,24.00
EU27_2020,UZ,090611,2025,import,699,32.00
EU27_2020,VN,090611,2020,import,891789,234216.00
EU27_2020,VN,090611,2021,import,711284,185337.00
EU27_2020,VN,090611,2022,import,1893820,373839.00
EU27_2020,VN,090611,2023,import,2150364,518829.00
EU27_2020,VN,090611,2024,import,1842630,453999.00
EU27_2020,VN,090611,2025,import,1504270,388535.00
EU27_2020,XS,090611,2024,import,344,129.00
EU27_2020,XS,090611,2025,import,168,65.00
EU27_2020,ZA,090611,2024,import,3895,619.00
EU27_2020,ZA,090611,2025,import,3150,471.00
FI,EXT_EU27_2020,090611,2020,import,8938,905.00
FI,EXT_EU27_2020,090611,2021,import,1250,90.00
FI,EXT_EU27_2020,090611,2022,import,865,61.00
FI,EXT_EU27_2020,090611,2023,import,1895,226.00
FI,EXT_EU27_2020,090611,2024,import,335,36.00
FI,EXT_EU27_2020,090611,2025,import,5104,698.00
FI,VN,090611,2024,import,48,1.00
FI,VN,090611,2025,import,1882,300.00
FI,WORLD,090611,2020,import,73159,15934.00
FI,WORLD,090611,2021,import,196362,37227.00
FI,WORLD,090611,2022,import,200419,32941.00
FI,WORLD,090611,2023,import,158032,31376.00
FI,WORLD,090611,2024,import,227529,54821.00
FI,WORLD,090611,2025,import,73707,13914.00
FR,EXT_EU27_2020,090611,2020,import,739751,150329.00
FR,EXT_EU27_2020,090611,2021,import,2105061,432267.00
FR,EXT_EU27_2020,090611,2022,import,2510504,449684.00
FR,EXT_EU27_2020,090611,2023,import,1567265,293244.00
FR,EXT_EU27_2020,090611,2024,import,1762329,356327.00
FR,EXT_EU27_2020,090611,2025,import,1975378,393899.00
FR,VN,090611,2020,import,32988,8320.00
FR,VN,090611,2021,import,1692,113.00
FR,VN,090611,2022,import,65164,9036.00
FR,VN,090611,2023,import,20779,3607.00
FR,VN,090611,2024,import,38571,8107.00
FR,VN,090611,2025,import,46736,13717.00
FR,WORLD,090611,2020,import,980994,175451.00
FR,WORLD,090611,2021,import,2573379,503455.00
FR,WORLD,090611,2022,import,2931290,485640.00
FR,WORLD,090611,2023,import,2036590,324459.00
FR,WORLD,090611,2024,import,2280028,406184.00
FR,WORLD,090611,2025,import,2650757,478111.00
GR,EXT_EU27_2020,090611,2020,import,537001,123856.00
GR,EXT_EU27_2020,090611,2021,import,512690,107767.00
GR,EXT_EU27_2020,090611,2022,import,604964,101818.00
GR,EXT_EU27_2020,090611,2023,import,458864,98868.00
GR,EXT_EU27_2020,090611,2024,import,312635,88924.00
GR,EXT_EU27_2020,090611,2025,import,408643,84940.00
GR,VN,090611,2020,import,301184,79350.00
GR,VN,090611,2021,import,170979,49635.00
GR,VN,090611,2022,import,219831,51440.00
GR,VN,090611,2023,import,174521,47450.00
GR,VN,090611,2024,import,160106,67374.00
GR,VN,090611,2025,import,113813,32940.00
GR,WORLD,090611,2020,import,723707,154591.00
GR,WORLD,090611,2021,import,755749,149632.00
GR,WORLD,090611,2022,import,767245,117417.00
GR,WORLD,090611,2023,import,607056,119844.00
GR,WORLD,090611,2024,import,437406,100539.00
GR,WORLD,090611,2025,import,568996,94542.00
HR,EXT_EU27_2020,090611,2021,import,31,2.00
HR,EXT_EU27_2020,090611,2022,import,76,3.00
HR,EXT_EU27_2020,090611,2023,import,114,5.00
HR,EXT_EU27_2020,090611,2024,import,397,14.00
HR,EXT_EU27_2020,090611,2025,import,483,22.00
HR,WORLD,090611,2020,import,52649,6340.00
HR,WORLD,090611,2021,import,49992,6130.00
HR,WORLD,090611,2022,import,90061,9192.00
HR,WORLD,090611,2023,import,63529,4310.00
HR,WORLD,090611,2024,import,75356,5607.00
HR,WORLD,090611,2025,import,76160,7144.00
HU,EXT_EU27_2020,090611,2020,import,170878,31039.00
HU,EXT_EU27_2020,090611,2021,import,83347,14138.00
HU,EXT_EU27_2020,090611,2022,import,275277,48594.00
HU,EXT_EU27_2020,090611,2023,import,104010,21162.00
HU,EXT_EU27_2020,090611,2024,import,65730,16720.00
HU,EXT_EU27_2020,090611,2025,import,13029,2509.00
HU,VN,090611,2020,import,131987,26292.00
HU,VN,090611,2021,import,74555,12956.00
HU,VN,090611,2022,import,208101,33923.00
HU,VN,090611,2023,import,102297,20893.00
HU,VN,090611,2024,import,35000,10380.00
HU,VN,090611,2025,import,10873,2321.00
HU,WORLD,090611,2020,import,375280,59197.00
HU,WORLD,090611,2021,import,301159,36866.00
HU,WORLD,090611,2022,import,497476,70314.00
HU,WORLD,090611,2023,import,372596,49634.00
HU,WORLD,090611,2024,import,472255,66437.00
HU,WORLD,090611,2025,import,424280,54573.00
IE,EXT_EU27_2020,090611,2020,import,165166,31890.00
IE,EXT_EU27_2020,090611,2021,import,245395,23139.00
IE,EXT_EU27_2020,090611,2022,import,251439,21418.00
IE,EXT_EU27_2020,090611,2023,import,314601,26178.00
IE,EXT_EU27_2020,090611,2024,import,323670,19947.00
IE,EXT_EU27_2020,090611,2025,import,320284,19215.00
IE,VN,090611,2022,import,10519,1875.00
IE,VN,090611,2023,import,1047,282.00
IE,VN,090611,2024,import,6,1.00
IE,VN,090611,2025,import,5232,132.00
IE,WORLD,090611,2020,import,171597,32497.00
IE,WORLD,090611,2021,import,259490,24021.00
IE,WORLD,090611,2022,import,268427,22628.00
IE,WORLD,090611,2023,import,383803,58803.00
IE,WORLD,090611,2024,import,337484,20905.00
IE,WORLD,090611,2025,import,344167,20261.00
IT,EXT_EU27_2020,090611,2020,import,1180579,175537.00
IT,EXT_EU27_2020,090611,2021,import,1323431,219441.00
IT,EXT_EU27_2020,090611,2022,import,2015599,302979.00
IT,EXT_EU27_2020,090611,2023,import,1153106,151517.00
IT,EXT_EU27_2020,090611,2024,import,1517787,344430.00
IT,EXT_EU27_2020,090611,2025,import,1100697,229802.00
IT,VN,090611,2022,import,31362,9810.00
IT,VN,090611,2024,import,18784,5460.00
IT,VN,090611,2025,import,124724,21800.00
IT,WORLD,090611,2020,import,1570961,212306.00
IT,WORLD,090611,2021,import,1779339,258464.00
IT,WORLD,090611,2022,import,2638806,345548.00
IT,WORLD,090611,2023,import,1442387,180338.00
IT,WORLD,090611,2024,import,2038800,399668.00
IT,WORLD,090611,2025,import,1832727,297505.00
LT,EXT_EU27_2020,090611,2020,import,40852,9374.00
LT,EXT_EU27_2020,090611,2021,import,30832,9403.00
LT,EXT_EU27_2020,090611,2022,import,55213,11540.00
LT,EXT_EU27_2020,090611,2023,import,22236,7770.00
LT,EXT_EU27_2020,090611,2024,import,35621,9234.00
LT,EXT_EU27_2020,090611,2025,import,33303,8527.00
LT,VN,090611,2020,import,39248,9125.00
LT,VN,090611,2021,import,26838,9150.00
LT,VN,090611,2022,import,33655,10000.00
LT,VN,090611,2023,import,18668,7500.00
LT,VN,090611,2024,import,23765,8500.00
LT,VN,090611,2025,import,17152,7500.00
LT,WORLD,090611,2020,import,188798,26223.00
LT,WORLD,090611,2021,import,97092,15069.00
LT,WORLD,090611,2022,import,121633,16937.00
LT,WORLD,090611,2023,import,89889,12491.00
LT,WORLD,090611,2024,import,98812,12969.00
LT,WORLD,090611,2025,import,110874,12974.00
LU,EXT_EU27_2020,090611,2020,import,409,55.00
LU,EXT_EU27_2020,090611,2021,import,728,82.00
LU,WORLD,090611,2020,import,23559,1276.00
LU,WORLD,090611,2021,import,37042,1966.00
LU,WORLD,090611,2022,import,37379,1712.00
LU,WORLD,090611,2023,import,35617,1647.00
LU,WORLD,090611,2024,import,47556,2562.00
LU,WORLD,090611,2025,import,104805,8778.00
LV,EXT_EU27_2020,090611,2020,import,118615,25510.00
LV,EXT_EU27_2020,090611,2021,import,47026,7159.00
LV,EXT_EU27_2020,090611,2022,import,171905,31071.00
LV,EXT_EU27_2020,090611,2023,import,13645,3025.00
LV,EXT_EU27_2020,090611,2024,import,123782,28132.00
LV,EXT_EU27_2020,090611,2025,import,81881,23601.00
LV,VN,090611,2022,import,60993,10000.00
LV,VN,090611,2023,import,13201,3001.00
LV,VN,090611,2024,import,117989,27111.00
LV,VN,090611,2025,import,81706,23521.00
LV,WORLD,090611,2020,import,160005,31519.00
LV,WORLD,090611,2021,import,78674,8636.00
LV,WORLD,090611,2022,import,229133,36762.00
LV,WORLD,090611,2023,import,54539,5123.00
LV,WORLD,090611,2024,import,218505,38537.00
LV,WORLD,090611,2025,import,121029,29651.00
MT,EXT_EU27_2020,090611,2020,import,3159,1837.00
MT,EXT_EU27_2020,090611,2021,import,25509,2026.00
MT,EXT_EU27_2020,090611,2022,import,16985,1431.00
MT,EXT_EU27_2020,090611,2023,import,465,13.00
MT,EXT_EU27_2020,090611,2024,import,222,18.00
MT,EXT_EU27_2020,090611,2025,import,6334,1613.00
MT,VN,090611,2022,import,3285,500.00
MT,VN,090611,2025,import,4917,1150.00
MT,WORLD,090611,2020,import,10073,2628.00
MT,WORLD,090611,2021,import,31659,2419.00
MT,WORLD,090611,2022,import,30446,4450.00
MT,WORLD,090611,2023,import,13819,1169.00
MT,WORLD,090611,2024,import,11393,1547.00
MT,WORLD,090611,2025,import,16536,2680.00
NL,EXT_EU27_2020,090611,2020,import,2963959,917489.00
NL,EXT_EU27_2020,090611,2021,import,4165513,1010278.00
NL,EXT_EU27_2020,090611,2022,import,7093404,1516106.00
NL,EXT_EU27_2020,090611,2023,import,4426328,1044534.00
NL,EXT_EU27_2020,090611,2024,import,2036077,490311.00
NL,EXT_EU27_2020,090611,2025,import,2342653,504868.00
NL,VN,090611,2020,import,297685,94812.00
NL,VN,090611,2021,import,259756,78720.00
NL,VN,090611,2022,import,581726,134664.00
NL,VN,090611,2023,import,571023,166462.00
NL,VN,090611,2024,import,186749,51640.00
NL,VN,090611,2025,import,183071,36979.00
NL,WORLD,090611,2020,import,3090210,950439.00
NL,WORLD,090611,2021,import,4330544,1025666.00
NL,WORLD,090611,2022,import,7501614,1585755.00
NL,WORLD,090611,2023,import,4669009,1099418.00
NL,WORLD,090611,2024,import,2186414,497228.00
NL,WORLD,090611,2025,import,3148011,544678.00
PL,EXT_EU27_2020,090611,2020,import,102855,8344.00
PL,EXT_EU27_2020,090611,2021,import,316319,24920.00
PL,EXT_EU27_2020,090611,2022,import,446590,23476.00
PL,EXT_EU27_2020,090611,2023,import,755540,57307.00
PL,EXT_EU27_2020,090611,2024,import,651637,52030.00
PL,EXT_EU27_2020,090611,2025,import,776515,90406.00
PL,VN,090611,2020,import,9911,2081.00
PL,VN,090611,2021,import,3978,810.00
PL,VN,090611,2022,import,54970,8850.00
PL,VN,090611,2023,import,120530,26670.00
PL,VN,090611,2024,import,103631,28651.00
PL,VN,090611,2025,import,226648,64074.00
PL,WORLD,090611,2020,import,1120998,154160.00
PL,WORLD,090611,2021,import,1405384,187838.00
PL,WORLD,090611,2022,import,1542512,184988.00
PL,WORLD,090611,2023,import,2082617,232681.00
PL,WORLD,090611,2024,import,2194014,227814.00
PL,WORLD,090611,2025,import,2736490,393563.00
PT,EXT_EU27_2020,090611,2020,import,347879,45062.00
PT,EXT_EU27_2020,090611,2021,import,223972,26605.00
PT,EXT_EU27_2020,090611,2022,import,499556,52163.00
PT,EXT_EU27_2020,090611,2023,import,506111,61338.00
PT,EXT_EU27_2020,090611,2024,import,226472,28894.00
PT,EXT_EU27_2020,090611,2025,import,367112,48409.00
PT,VN,090611,2021,import,1,
PT,VN,090611,2022,import,103,9.00
PT,VN,090611,2023,import,20304,3500.00
PT,VN,090611,2024,import,83,7.00
PT,VN,090611,2025,import,36,5.00
PT,WORLD,090611,2020,import,731338,70326.00
PT,WORLD,090611,2021,import,643892,61735.00
PT,WORLD,090611,2022,import,936705,97334.00
PT,WORLD,090611,2023,import,1871239,263664.00
PT,WORLD,090611,2024,import,1339769,176527.00
PT,WORLD,090611,2025,import,1086868,128367.00
RO,EXT_EU27_2020,090611,2020,import,8105,1818.00
RO,EXT_EU27_2020,090611,2021,import,4264,926.00
RO,EXT_EU27_2020,090611,2022,import,19611,3251.00
RO,EXT_EU27_2020,090611,2023,import,66519,10435.00
RO,EXT_EU27_2020,090611,2024,import,36218,5755.00
RO,EXT_EU27_2020,090611,2025,import,32368,5519.00
RO,VN,090611,2021,import,4008,800.00
RO,VN,090611,2022,import,19223,3000.00
RO,VN,090611,2023,import,8679,1500.00
RO,VN,090611,2024,import,22959,5000.00
RO,VN,090611,2025,import,20811,5001.00
RO,WORLD,090611,2020,import,324223,42775.00
RO,WORLD,090611,2021,import,225882,23435.00
RO,WORLD,090611,2022,import,240069,29554.00
RO,WORLD,090611,2023,import,411639,48191.00
RO,WORLD,090611,2024,import,431836,56425.00
RO,WORLD,090611,2025,import,386815,48568.00
SE,EXT_EU27_2020,090611,2020,import,99588,12895.00
SE,EXT_EU27_2020,090611,2021,import,230465,46303.00
SE,EXT_EU27_2020,090611,2022,import,91576,13991.00
SE,EXT_EU27_2020,090611,2023,import,117509,14736.00
SE,EXT_EU27_2020,090611,2024,import,132233,19148.00
SE,EXT_EU27_2020,090611,2025,import,144245,19146.00
SE,VN,090611,2020,import,330,60.00
SE,VN,090611,2021,import,2198,255.00
SE,VN,090611,2022,import,13700,3139.00
SE,VN,090611,2023,import,8718,1390.00
SE,VN,090611,2024,import,26041,3512.00
SE,VN,090611,2025,import,29445,5668.00
SE,WORLD,090611,2020,import,124496,14890.00
SE,WORLD,090611,2021,import,251820,47442.00
SE,WORLD,090611,2022,import,112315,14865.00
SE,WORLD,090611,2023,import,134699,16160.00
SE,WORLD,090611,2024,import,389003,35330.00
SE,WORLD,090611,2025,import,696730,61380.00
SI,EXT_EU27_2020,090611,2020,import,219,20.00
SI,EXT_EU27_2020,090611,2021,import,114,1.00
SI,EXT_EU27_2020,090611,2022,import,2105,674.00
SI,EXT_EU27_2020,090611,2023,import,35,3.00
SI,EXT_EU27_2020,090611,2024,import,365,28.00
SI,EXT_EU27_2020,090611,2025,import,8813,2014.00
SI,VN,090611,2025,import,8524,2000.00
SI,WORLD,090611,2020,import,97745,4918.00
SI,WORLD,090611,2021,import,97817,4242.00
SI,WORLD,090611,2022,import,128267,6551.00
SI,WORLD,090611,2023,import,120841,5361.00
SI,WORLD,090611,2024,import,142674,6075.00
SI,WORLD,090611,2025,import,133005,7453.00
SK,EXT_EU27_2020,090611,2020,import,1473,101.00
SK,EXT_EU27_2020,090611,2021,import,25,80.00
SK,EXT_EU27_2020,090611,2023,import,62,3.00
SK,EXT_EU27_2020,090611,2024,import,33,4.00
SK,EXT_EU27_2020,090611,2025,import,843,250.00
SK,VN,090611,2021,import,25,80.00
SK,VN,090611,2023,import,54,3.00
SK,VN,090611,2025,import,548,200.00
SK,WORLD,090611,2020,import,133329,15879.00
SK,WORLD,090611,2021,import,169418,27943.00
SK,WORLD,090611,2022,import,288359,55814.00
SK,WORLD,090611,2023,import,176235,15617.00
SK,WORLD,090611,2024,import,157624,11233.00
SK,WORLD,090611,2025,import,128412,9539.00
AT,EXT_EU27_2020,090619,2020,import,12003,535.00
AT,EXT_EU27_2020,090619,2021,import,46440,2107.00
AT,EXT_EU27_2020,090619,2022,import,53234,5216.00
AT,EXT_EU27_2020,090619,2023,import,20287,2022.00
AT,EXT_EU27_2020,090619,2024,import,20532,710.00
AT,EXT_EU27_2020,090619,2025,import,33314,3817.00
AT,VN,090619,2022,import,46327,4906.00
AT,VN,090619,2025,import,20505,2514.00
AT,WORLD,090619,2020,import,155029,21386.00
AT,WORLD,090619,2021,import,355177,49279.00
AT,WORLD,090619,2022,import,360557,30907.00
AT,WORLD,090619,2023,import,491615,50659.00
AT,WORLD,090619,2024,import,351650,55938.00
AT,WORLD,090619,2025,import,348076,57020.00
BE,EXT_EU27_2020,090619,2020,import,79497,15137.00
BE,EXT_EU27_2020,090619,2021,import,83151,17148.00
BE,EXT_EU27_2020,090619,2022,import,16665,2949.00
BE,EXT_EU27_2020,090619,2023,import,73458,16014.00
BE,EXT_EU27_2020,090619,2024,import,78090,16757.00
BE,EXT_EU27_2020,090619,2025,import,67680,11447.00
BE,VN,090619,2024,import,14028,2750.00
BE,WORLD,090619,2020,import,262943,32781.00
BE,WORLD,090619,2021,import,332785,41930.00
BE,WORLD,090619,2022,import,218434,22975.00
BE,WORLD,090619,2023,import,333992,47131.00
BE,WORLD,090619,2024,import,320413,46528.00
BE,WORLD,090619,2025,import,223308,29025.00
BG,EXT_EU27_2020,090619,2020,import,14952,3020.00
BG,EXT_EU27_2020,090619,2021,import,1499,200.00
BG,EXT_EU27_2020,090619,2022,import,9307,1614.00
BG,EXT_EU27_2020,090619,2023,import,12845,2632.00
BG,EXT_EU27_2020,090619,2024,import,4159,1040.00
BG,EXT_EU27_2020,090619,2025,import,12837,3533.00
BG,VN,090619,2020,import,14952,3020.00
BG,VN,090619,2022,import,7785,1100.00
BG,VN,090619,2023,import,9449,2000.00
BG,VN,090619,2024,import,4028,1000.00
BG,VN,090619,2025,import,9962,2500.00
BG,WORLD,090619,2020,import,36067,3918.00
BG,WORLD,090619,2021,import,33396,5400.00
BG,WORLD,090619,2022,import,15508,2007.00
BG,WORLD,090619,2023,import,50302,28604.00
BG,WORLD,090619,2024,import,25670,1892.00
BG,WORLD,090619,2025,import,50285,9171.00
CY,EXT_EU27_2020,090619,2020,import,64843,20096.00
CY,EXT_EU27_2020,090619,2021,import,111062,39958.00
CY,EXT_EU27_2020,090619,2022,import,71401,25027.00
CY,EXT_EU27_2020,090619,2023,import,65943,26908.00
CY,EXT_EU27_2020,090619,2024,import,133075,51000.00
CY,EXT_EU27_2020,090619,2025,import,108679,38653.00
CY,VN,090619,2024,import,5559,1000.00
CY,VN,090619,2025,import,5818,1000.00
CY,WORLD,090619,2020,import,72229,21119.00
CY,WORLD,090619,2021,import,132414,42730.00
CY,WORLD,090619,2022,import,95647,27194.00
CY,WORLD,090619,2023,import,72327,27145.00
CY,WORLD,090619,2024,import,154493,53083.00
CY,WORLD,090619,2025,import,121455,39352.00
CZ,EXT_EU27_2020,090619,2020,import,25927,14262.00
CZ,EXT_EU27_2020,090619,2021,import,41705,34164.00
CZ,EXT_EU27_2020,090619,2022,import,23711,10829.00
CZ,EXT_EU27_2020,090619,2023,import,31203,9129.00
CZ,EXT_EU27_2020,090619,2024,import,14060,4378.00
CZ,EXT_EU27_2020,090619,2025,import,35189,16542.00
CZ,VN,090619,2020,import,16782,14092.00
CZ,VN,090619,2021,import,34157,32405.00
CZ,VN,090619,2022,import,21725,10026.00
CZ,VN,090619,2023,import,30880,9119.00
CZ,VN,090619,2024,import,13629,4373.00
CZ,VN,090619,2025,import,33315,16470.00
CZ,WORLD,090619,2020,import,274026,51772.00
CZ,WORLD,090619,2021,import,420163,103874.00
CZ,WORLD,090619,2022,import,815476,154209.00
CZ,WORLD,090619,2023,import,641117,109876.00
CZ,WORLD,090619,2024,import,577108,114748.00
CZ,WORLD,090619,2025,import,391708,62717.00
DE,EXT_EU27_2020,090619,2020,import,4277678,1024843.00
DE,EXT_EU27_2020,090619,2021,import,6143529,1341701.00
DE,EXT_EU27_2020,090619,2022,import,8025639,1451345.00
DE,EXT_EU27_2020,090619,2023,import,5331963,1162191.00
DE,EXT_EU27_2020,090619,2024,import,4204226,1123466.00
DE,EXT_EU27_2020,090619,2025,import,4232308,1087785.00
DE,VN,090619,2020,import,783778,259181.00
DE,VN,090619,2021,import,1501821,434956.00
DE,VN,090619,2022,import,1515700,369994.00
DE,VN,090619,2023,import,1496833,422391.00
DE,VN,090619,2024,import,1007613,307376.00
DE,VN,090619,2025,import,949538,266197.00
DE,WORLD,090619,2020,import,5615292,1329748.00
DE,WORLD,090619,2021,import,7930573,1676250.00
DE,WORLD,090619,2022,import,9741576,1775085.00
DE,WORLD,090619,2023,import,6835996,1400334.00
DE,WORLD,090619,2024,import,5325769,1286630.00
DE,WORLD,090619,2025,import,6286605,1400995.00
DK,EXT_EU27_2020,090619,2020,import,40560,2378.00
DK,EXT_EU27_2020,090619,2021,import,37373,5996.00
DK,EXT_EU27_2020,090619,2022,import,24834,2329.00
DK,EXT_EU27_2020,090619,2023,import,481,5.00
DK,EXT_EU27_2020,090619,2024,import,45077,33013.00
DK,EXT_EU27_2020,090619,2025,import,39842,25190.00
DK,VN,090619,2021,import,8326,1303.00
DK,VN,090619,2022,import,8132,1100.00
DK,VN,090619,2024,import,35336,32370.00
DK,VN,090619,2025,import,16564,23505.00
DK,WORLD,090619,2020,import,497646,67449.00
DK,WORLD,090619,2021,import,630963,99031.00
DK,WORLD,090619,2022,import,425212,62458.00
DK,WORLD,090619,2023,import,255217,39189.00
DK,WORLD,090619,2024,import,189818,46022.00
DK,WORLD,090619,2025,import,183724,39472.00
EE,EXT_EU27_2020,090619,2020,import,816635,175500.00
EE,EXT_EU27_2020,090619,2021,import,462003,62000.00
EE,EXT_EU27_2020,090619,2022,import,958225,130153.00
EE,EXT_EU27_2020,090619,2023,import,728999,120000.00
EE,EXT_EU27_2020,090619,2024,import,718222,134500.00
EE,EXT_EU27_2020,090619,2025,import,810371,150013.00
EE,WORLD,090619,2020,import,1203917,253291.00
EE,WORLD,090619,2021,import,791407,112566.00
EE,WORLD,090619,2022,import,993688,132928.00
EE,WORLD,090619,2023,import,751195,121580.00
EE,WORLD,090619,2024,import,909387,165843.00
EE,WORLD,090619,2025,import,908394,157406.00
ES,EXT_EU27_2020,090619,2020,import,2963396,793676.00
ES,EXT_EU27_2020,090619,2021,import,2943949,644974.00
ES,EXT_EU27_2020,090619,2022,import,2593260,591287.00
ES,EXT_EU27_2020,090619,2023,import,2014529,442889.00
ES,EXT_EU27_2020,090619,2024,import,3019162,753158.00
ES,EXT_EU27_2020,090619,2025,import,2468967,561256.00
ES,VN,090619,2020,import,1928679,533745.00
ES,VN,090619,2021,import,2391961,531570.00
ES,VN,090619,2022,import,2241623,532586.00
ES,VN,090619,2023,import,1123238,328978.00
ES,VN,090619,2024,import,2018202,646215.00
ES,VN,090619,2025,import,1438202,440384.00
ES,WORLD,090619,2020,import,3713440,828902.00
ES,WORLD,090619,2021,import,3567145,712662.00
ES,WORLD,090619,2022,import,3294177,656427.00
ES,WORLD,090619,2023,import,2742232,492514.00
ES,WORLD,090619,2024,import,3810943,824584.00
ES,WORLD,090619,2025,import,3185306,662615.00
EU27_2020,AE,090619,2024,import,3019,885.00
EU27_2020,AE,090619,2025,import,22311,4825.00
EU27_2020,AF,090619,2025,import,426,301.00
EU27_2020,AL,090619,2024,import,536577,40080.00
EU27_2020,AL,090619,2025,import,226536,17340.00
EU27_2020,AT,090619,2024,import,166142,14373.00
EU27_2020,AT,090619,2025,import,165613,18687.00
EU27_2020,AU,090619,2024,import,56,
EU27_2020,AU,090619,2025,import,101,9.00
EU27_2020,AZ,090619,2025,import,82,2.00
EU27_2020,BD,090619,2024,import,3974,795.00
EU27_2020,BD,090619,2025,import,14730,2429.00
EU27_2020,BE,090619,2024,import,205775,13735.00
EU27_2020,BE,090619,2025,import,211202,15976.00
EU27_2020,BG,090619,2024,import,27191,667.00
EU27_2020,BG,090619,2025,import,11362,283.00
EU27_2020,BJ,090619,2024,import,14,
EU27_2020,BR,090619,2024,import,64,11.00
EU27_2020,BR,090619,2025,import,1,1.00
EU27_2020,CA,090619,2024,import,33,2.00
EU27_2020,CH,090619,2025,import,31,1.00
EU27_2020,CI,090619,2025,import,76,25.00
EU27_2020,CL,090619,2024,import,32,1.00
EU27_2020,CN,090619,2024,import,1894513,322850.00
EU27_2020,CN,090619,2025,import,2341658,414404.00
EU27_2020,CR,090619,2024,import,3,
EU27_2020,CY,090619,2024,import,40,1.00
EU27_2020,CY,090619,2025,import,5,
EU27_2020,CZ,090619,2024,import,51604,5596.00
EU27_2020,CZ,090619,2025,import,219039,19230.00
EU27_2020,DE,090619,2024,import,1144793,114286.00
EU27_2020,DE,090619,2025,import,1171182,128517.00
EU27_2020,DK,090619,2024,import,15077,794.00
EU27_2020,DK,090619,2025,import,22700,779.00
EU27_2020,DM,090619,2024,import,1947,544.00
EU27_2020,DM,090619,2025,import,39,234.00
EU27_2020,DO,090619,2024,import,3843,4012.00
EU27_2020,DO,090619,2025,import,11254,7611.00
EU27_2020,EC,090619,2024,import,1,1.00
EU27_2020,EC,090619,2025,import,899,50.00
EU27_2020,EE,090619,2024,import,418433,23208.00
EU27_2020,EE,090619,2025,import,518552,29428.00
EU27_2020,EG,090619,2024,import,8,
EU27_2020,EG,090619,2025,import,16129,3094.00
EU27_2020,ES,090619,2024,import,390394,43612.00
EU27_2020,ES,090619,2025,import,688680,104888.00
EU27_2020,ET,090619,2024,import,24,1.00
EU27_2020,ET,090619,2025,import,1,1.00
EU27_2020,EXT_EU27_2020,090619,2020,import,30319387,7865020.00
EU27_2020,EXT_EU27_2020,090619,2021,import,29012937,6599838.00
EU27_2020,EXT_EU27_2020,090619,2022,import,30178946,5594885.00
EU27_2020,EXT_EU27_2020,090619,2023,import,22049571,4670908.00
EU27_2020,EXT_EU27_2020,090619,2024,import,20522397,4893993.00
EU27_2020,EXT_EU27_2020,090619,2025,import,21104175,5162277.00
EU27_2020,FI,090619,2024,import,5125,201.00
EU27_2020,FI,090619,2025,import,5298,180.00
EU27_2020,FO,090619,2024,import,60,4.00
EU27_2020,FR,090619,2024,import,642510,34638.00
EU27_2020,FR,090619,2025,import,503170,47504.00
EU27_2020,GB,090619,2024,import,36731,4901.00
EU27_2020,GB,090619,2025,import,82480,11482.00
EU27_2020,GR,090619,2024,import,14520,853.00
EU27_2020,GR,090619,2025,import,47017,6192.00
EU27_2020,HR,090619,2024,import,1818,112.00
EU27_2020,HR,090619,2025,import,15004,259.00
EU27_2020,HT,090619,2025,import,420,370.00
EU27_2020,HU,090619,2024,import,4660,671.00
EU27_2020,HU,090619,2025,import,6916,939.00
EU27_2020,ID,090619,2024,import,9832802,2158705.00
EU27_2020,ID,090619,2025,import,9846562,2238245.00
EU27_2020,IE,090619,2024,import,35,2.00
EU27_2020,IE,090619,2025,import,14,
EU27_2020,IL,090619,2025,import,38,3.00
EU27_2020,IN,090619,2024,import,52987,7544.00
EU27_2020,IN,090619,2025,import,44978,8532.00
EU27_2020,INT_EU27_2020,090619,2024,import,6667897,695099.00
EU27_2020,INT_EU27_2020,090619,2025,import,7936177,917777.00
EU27_2020,IR,090619,2024,import,4765,721.00
EU27_2020,IR,090619,2025,import,5519,1303.00
EU27_2020,IT,090619,2024,import,15133,1561.00
EU27_2020,IT,090619,2025,import,49464,7335.00
EU27_2020,JO,090619,2024,import,28,5.00
EU27_2020,JO,090619,2025,import,223,46.00
EU27_2020,JP,090619,2024,import,50,2.00
EU27_2020,KH,090619,2024,import,7599,327.00
EU27_2020,LA,090619,2024,import,138337,12000.00
EU27_2020,LA,090619,2025,import,135116,12260.00
EU27_2020,LB,090619,2024,import,5385,521.00
EU27_2020,LB,090619,2025,import,8146,1666.00
EU27_2020,LK,090619,2024,import,544710,100412.00
EU27_2020,LK,090619,2025,import,920286,112522.00
EU27_2020,LT,090619,2024,import,4502,1586.00
EU27_2020,LT,090619,2025,import,28464,4753.00
EU27_2020,LU,090619,2024,import,23,1.00
EU27_2020,LU,090619,2025,import,70,3.00
EU27_2020,LV,090619,2024,import,23361,10985.00
EU27_2020,LV,090619,2025,import,15578,1748.00
EU27_2020,MG,090619,2024,import,1317362,423066.00
EU27_2020,MG,090619,2025,import,1749487,608899.00
EU27_2020,MU,090619,2024,import,5583,576.00
EU27_2020,MU,090619,2025,import,181,27.00
EU27_2020,MY,090619,2024,import,9400,1959.00
EU27_2020,NG,090619,2025,import,30,5.00
EU27_2020,NL,090619,2024,import,1106173,224937.00
EU27_2020,NL,090619,2025,import,1198297,234120.00
EU27_2020,NO,090619,2024,import,229,16.00
EU27_2020,NO,090619,2025,import,426,48.00
EU27_2020,NZ,090619,2024,import,3,1.00
EU27_2020,PE,090619,2024,import,21965,850.00
EU27_2020,PE,090619,2025,import,2934,150.00
EU27_2020,PK,090619,2024,import,160,19.00
EU27_2020,PL,090619,2024,import,1380088,143825.00
EU27_2020,PL,090619,2025,import,2261748,261837.00
EU27_2020,PT,090619,2024,import,419040,10641.00
EU27_2020,PT,090619,2025,import,305669,9187.00
EU27_2020,QV,090619,2024,import,461,40.00
EU27_2020,QV,090619,2025,import,1050,92.00
EU27_2020,QW,090619,2024,import,298,33.00
EU27_2020,QW,090619,2025,import,309,35.00
EU27_2020,RO,090619,2024,import,279196,8306.00
EU27_2020,RO,090619,2025,import,231396,5653.00
EU27_2020,RU,090619,2024,import,27,1.00
EU27_2020,SA,090619,2024,import,5,2.00
EU27_2020,SA,090619,2025,import,60,40.00
EU27_2020,SE,090619,2024,import,343073,39372.00
EU27_2020,SE,090619,2025,import,201651,11370.00
EU27_2020,SG,090619,2024,import,159,1.00
EU27_2020,SI,090619,2024,import,99,4.00
EU27_2020,SI,090619,2025,import,54352,8513.00
EU27_2020,SK,090619,2024,import,8631,1092.00
EU27_2020,SK,090619,2025,import,2684,304.00
EU27_2020,SY,090619,2024,import,2063,815.00
EU27_2020,SY,090619,2025,import,1089,264.00
EU27_2020,TH,090619,2024,import,158,34.00
EU27_2020,TN,090619,2024,import,4030,759.00
EU27_2020,TR,090619,2024,import,11677,1292.00
EU27_2020,TR,090619,2025,import,34218,4854.00
EU27_2020,TW,090619,2024,import,431,5.00
EU27_2020,TZ,090619,2024,import,258660,97512.00
EU27_2020,TZ,090619,2025,import,152785,62019.00
EU27_2020,UG,090619,2024,import,148,9.00
EU27_2020,US,090619,2024,import,136,54.00
EU27_2020,US,090619,2025,import,2132,147.00
EU27_2020,VN,090619,2020,import,4384416,1274918.00
EU27_2020,VN,090619,2021,import,7938098,2204377.00
EU27_2020,VN,090619,2022,import,7783406,1949117.00
EU27_2020,VN,090619,2023,import,5504284,1472787.00
EU27_2020,VN,090619,2024,import,5822341,1712665.00
EU27_2020,VN,090619,2025,import,5482118,1648996.00
EU27_2020,ZA,090619,2025,import,364,37.00
FI,EXT_EU27_2020,090619,2020,import,5916,501.00
FI,EXT_EU27_2020,090619,2022,import,11,4.00
FI,EXT_EU27_2020,090619,2023,import,1,
FI,EXT_EU27_2020,090619,2025,import,36,1.00
FI,VN,090619,2020,import,1328,250.00
FI,WORLD,090619,2020,import,93364,5231.00
FI,WORLD,090619,2021,import,77681,4159.00
FI,WORLD,090619,2022,import,100187,3931.00
FI,WORLD,090619,2023,import,94052,3544.00
FI,WORLD,090619,2024,import,118140,4883.00
FI,WORLD,090619,2025,import,93315,3807.00
FR,EXT_EU27_2020,090619,2020,import,4500517,1019208.00
FR,EXT_EU27_2020,090619,2021,import,2628527,495849.00
FR,EXT_EU27_2020,090619,2022,import,3811614,556357.00
FR,EXT_EU27_2020,090619,2023,import,4505306,885431.00
FR,EXT_EU27_2020,090619,2024,import,3625437,793612.00
FR,EXT_EU27_2020,090619,2025,import,2792759,627960.00
FR,VN,090619,2020,import,31030,5500.00
FR,VN,090619,2021,import,659225,125030.00
FR,VN,090619,2022,import,360956,56610.00
FR,VN,090619,2023,import,653642,104110.00
FR,VN,090619,2024,import,734098,116163.00
FR,VN,090619,2025,import,566790,104820.00
FR,WORLD,090619,2020,import,5598460,1245766.00
FR,WORLD,090619,2021,import,3840221,673898.00
FR,WORLD,090619,2022,import,4268962,621867.00
FR,WORLD,090619,2023,import,4894549,941480.00
FR,WORLD,090619,2024,import,3897014,825774.00
FR,WORLD,090619,2025,import,3186230,680899.00
GR,EXT_EU27_2020,090619,2020,import,1036470,258993.00
GR,EXT_EU27_2020,090619,2021,import,1196686,294782.00
GR,EXT_EU27_2020,090619,2022,import,1004626,218939.00
GR,EXT_EU27_2020,090619,2023,import,1340260,341063.00
GR,EXT_EU27_2020,090619,2024,import,1099209,319717.00
GR,EXT_EU27_2020,090619,2025,import,1184522,363788.00
GR,VN,090619,2020,import,495839,140320.00
GR,VN,090619,2021,import,789132,215755.00
GR,VN,090619,2022,import,730724,171351.00
GR,VN,090619,2023,import,784582,230230.00
GR,VN,090619,2024,import,762699,247155.00
GR,VN,090619,2025,import,879319,296280.00
GR,WORLD,090619,2020,import,1070521,263242.00
GR,WORLD,090619,2021,import,1248641,302313.00
GR,WORLD,090619,2022,import,1064655,224670.00
GR,WORLD,090619,2023,import,1431298,353226.00
GR,WORLD,090619,2024,import,1110749,322316.00
GR,WORLD,090619,2025,import,1232594,373243.00
HR,EXT_EU27_2020,090619,2023,import,6091,700.00
HR,EXT_EU27_2020,090619,2024,import,32,5.00
HR,EXT_EU27_2020,090619,2025,import,13,2.00
HR,VN,090619,2023,import,4172,600.00
HR,WORLD,090619,2020,import,47088,2100.00
HR,WORLD,090619,2021,import,46266,2100.00
HR,WORLD,090619,2022,import,70058,2995.00
HR,WORLD,090619,2023,import,40122,2903.00
HR,WORLD,090619,2024,import,73887,4686.00
HR,WORLD,090619,2025,import,104678,6336.00
HU,EXT_EU27_2020,090619,2020,import,61187,11125.00
HU,EXT_EU27_2020,090619,2021,import,668,15.00
HU,EXT_EU27_2020,090619,2022,import,268,6.00
HU,EXT_EU27_2020,090619,2023,import,1016,119.00
HU,EXT_EU27_2020,090619,2024,import,50,7.00
HU,EXT_EU27_2020,090619,2025,import,587,41.00
HU,VN,090619,2023,import,3,
HU,VN,090619,2025,import,167,14.00
HU,WORLD,090619,2020,import,124935,17543.00
HU,WORLD,090619,2021,import,45618,17738.00
HU,WORLD,090619,2022,import,9743,1572.00
HU,WORLD,090619,2023,import,12866,618.00
HU,WORLD,090619,2024,import,4680,683.00
HU,WORLD,090619,2025,import,8793,2071.00
IE,EXT_EU27_2020,090619,2020,import,67707,7024.00
IE,EXT_EU27_2020,090619,2021,import,57308,5959.00
IE,EXT_EU27_2020,090619,2022,import,78144,8089.00
IE,EXT_EU27_2020,090619,2023,import,71094,8166.00
IE,EXT_EU27_2020,090619,2024,import,58287,6724.00
IE,EXT_EU27_2020,090619,2025,import,60699,7337.00
IE,VN,090619,2024,import,12377,1273.00
IE,VN,090619,2025,import,5175,533.00
IE,WORLD,090619,2020,import,108489,12475.00
IE,WORLD,090619,2021,import,57808,6015.00
IE,WORLD,090619,2022,import,85506,8819.00
IE,WORLD,090619,2023,import,80398,9127.00
IE,WORLD,090619,2024,import,69190,7974.00
IE,WORLD,090619,2025,import,67834,8262.00
IT,EXT_EU27_2020,090619,2020,import,33303,10664.00
IT,EXT_EU27_2020,090619,2021,import,291985,70873.00
IT,EXT_EU27_2020,090619,2022,import,185719,57978.00
IT,EXT_EU27_2020,090619,2023,import,485252,170581.00
IT,EXT_EU27_2020,090619,2024,import,184186,60768.00
IT,EXT_EU27_2020,090619,2025,import,271567,72270.00
IT,VN,090619,2020,import,25850,10000.00
IT,VN,090619,2021,import,97207,36925.00
IT,VN,090619,2022,import,172906,56900.00
IT,VN,090619,2023,import,191158,86250.00
IT,VN,090619,2024,import,109683,48950.00
IT,VN,090619,2025,import,50139,26325.00
IT,WORLD,090619,2020,import,148012,16914.00
IT,WORLD,090619,2021,import,438712,79294.00
IT,WORLD,090619,2022,import,347371,65889.00
IT,WORLD,090619,2023,import,590846,178100.00
IT,WORLD,090619,2024,import,305763,68027.00
IT,WORLD,090619,2025,import,425541,104467.00
LT,EXT_EU27_2020,090619,2021,import,26711,4640.00
LT,EXT_EU27_2020,090619,2022,import,18271,3000.00
LT,EXT_EU27_2020,090619,2023,import,14128,3000.00
LT,EXT_EU27_2020,090619,2024,import,53389,12226.00
LT,EXT_EU27_2020,090619,2025,import,16093,4002.00
LT,VN,090619,2021,import,20373,4000.00
LT,VN,090619,2022,import,18271,3000.00
LT,VN,090619,2023,import,14128,3000.00
LT,VN,090619,2024,import,53376,12225.00
LT,VN,090619,2025,import,16076,4000.00
LT,WORLD,090619,2020,import,27160,4710.00
LT,WORLD,090619,2021,import,49380,11905.00
LT,WORLD,090619,2022,import,37713,7247.00
LT,WORLD,090619,2023,import,43735,15626.00
LT,WORLD,090619,2024,import,84140,23549.00
LT,WORLD,090619,2025,import,33857,5959.00
LU,EXT_EU27_2020,090619,2022,import,1294,20.00
LU,EXT_EU27_2020,090619,2025,import,4,1.00
LU,WORLD,090619,2020,import,18397,677.00
LU,WORLD,090619,2021,import,18731,730.00
LU,WORLD,090619,2022,import,12953,238.00
LU,WORLD,090619,2023,import,20642,486.00
LU,WORLD,090619,2024,import,17238,1107.00
LU,WORLD,090619,2025,import,18617,1504.00
LV,EXT_EU27_2020,090619,2020,import,107,5.00
LV,EXT_EU27_2020,090619,2021,import,20395,3030.00
LV,EXT_EU27_2020,090619,2022,import,601,14.00
LV,EXT_EU27_2020,090619,2023,import,43,1.00
LV,EXT_EU27_2020,090619,2024,import,27,1.00
LV,EXT_EU27_2020,090619,2025,import,27790,13000.00
LV,VN,090619,2025,import,11385,10000.00
LV,WORLD,090619,2020,import,2921,208.00
LV,WORLD,090619,2021,import,27695,3880.00
LV,WORLD,090619,2022,import,10976,2109.00
LV,WORLD,090619,2023,import,16494,3902.00
LV,WORLD,090619,2024,import,10905,1963.00
LV,WORLD,090619,2025,import,52308,15601.00
MT,EXT_EU27_2020,090619,2021,import,316,9.00
MT,EXT_EU27_2020,090619,2022,import,683,69.00
MT,EXT_EU27_2020,090619,2023,import,17900,2074.00
MT,EXT_EU27_2020,090619,2024,import,255,5.00
MT,EXT_EU27_2020,090619,2025,import,2827,333.00
MT,VN,090619,2023,import,5727,1250.00
MT,WORLD,090619,2020,import,2971,408.00
MT,WORLD,090619,2021,import,2886,135.00
MT,WORLD,090619,2022,import,2729,170.00
MT,WORLD,090619,2023,import,21192,2234.00
MT,WORLD,090619,2024,import,6539,561.00
MT,WORLD,090619,2025,import,6873,536.00
NL,EXT_EU27_2020,090619,2020,import,14181068,3996540.00
NL,EXT_EU27_2020,090619,2021,import,12263470,3137912.00
NL,EXT_EU27_2020,090619,2022,import,9385616,2020025.00
NL,EXT_EU27_2020,090619,2023,import,4910432,1079542.00
NL,EXT_EU27_2020,090619,2024,import,4738348,1157686.00
NL,EXT_EU27_2020,090619,2025,import,5868513,1536772.00
NL,VN,090619,2020,import,971241,275608.00
NL,VN,090619,2021,import,2349324,807432.00
NL,VN,090619,2022,import,2467676,710688.00
NL,VN,090619,2023,import,579093,152431.00
NL,VN,090619,2024,import,739026,221273.00
NL,VN,090619,2025,import,814806,275715.00
NL,WORLD,090619,2020,import,15367378,4370668.00
NL,WORLD,090619,2021,import,13740812,3646762.00
NL,WORLD,090619,2022,import,9638831,2038541.00
NL,WORLD,090619,2023,import,5226503,1101253.00
NL,WORLD,090619,2024,import,4998438,1171902.00
NL,WORLD,090619,2025,import,6209727,1557623.00
PL,EXT_EU27_2020,090619,2020,import,382582,123239.00
PL,EXT_EU27_2020,090619,2021,import,448376,64445.00
PL,EXT_EU27_2020,090619,2022,import,964449,112739.00
PL,EXT_EU27_2020,090619,2023,import,906597,163588.00
PL,EXT_EU27_2020,090619,2024,import,863273,142912.00
PL,EXT_EU27_2020,090619,2025,import,1169297,285865.00
PL,VN,090619,2020,import,102202,30200.00
PL,VN,090619,2021,import,70171,12001.00
PL,VN,090619,2022,import,159520,25760.00
PL,VN,090619,2023,import,564398,121077.00
PL,VN,090619,2024,import,270785,62130.00
PL,VN,090619,2025,import,618221,169756.00
PL,WORLD,090619,2020,import,1247998,174859.00
PL,WORLD,090619,2021,import,1311936,208514.00
PL,WORLD,090619,2022,import,1167857,125127.00
PL,WORLD,090619,2023,import,1137478,178000.00
PL,WORLD,090619,2024,import,1097566,159640.00
PL,WORLD,090619,2025,import,1672112,330172.00
PT,EXT_EU27_2020,090619,2020,import,737312,143235.00
PT,EXT_EU27_2020,090619,2021,import,748831,116416.00
PT,EXT_EU27_2020,090619,2022,import,1061177,128703.00
PT,EXT_EU27_2020,090619,2023,import,685165,109860.00
PT,EXT_EU27_2020,090619,2024,import,779343,137002.00
PT,EXT_EU27_2020,090619,2025,import,905975,156084.00
PT,VN,090619,2023,import,28142,6460.00
PT,VN,090619,2024,import,39583,8000.00
PT,VN,090619,2025,import,43680,8380.00
PT,WORLD,090619,2020,import,2332246,201684.00
PT,WORLD,090619,2021,import,2221410,198603.00
PT,WORLD,090619,2022,import,2438405,200211.00
PT,WORLD,090619,2023,import,2170157,178048.00
PT,WORLD,090619,2024,import,2285068,216726.00
PT,WORLD,090619,2025,import,2554208,281190.00
RO,EXT_EU27_2020,090619,2020,import,34163,6000.00
RO,EXT_EU27_2020,090619,2021,import,95130,14019.00
RO,EXT_EU27_2020,090619,2022,import,135974,18001.00
RO,EXT_EU27_2020,090619,2023,import,80595,10001.00
RO,EXT_EU27_2020,090619,2024,import,118073,14800.00
RO,EXT_EU27_2020,090619,2025,import,167374,20814.00
RO,VN,090619,2022,import,31529,5000.00
RO,WORLD,090619,2020,import,126948,13143.00
RO,WORLD,090619,2021,import,226185,25075.00
RO,WORLD,090619,2022,import,239136,25862.00
RO,WORLD,090619,2023,import,181690,22425.00
RO,WORLD,090619,2024,import,211913,22808.00
RO,WORLD,090619,2025,import,222888,26657.00
SE,EXT_EU27_2020,090619,2020,import,970884,236039.00
SE,EXT_EU27_2020,090619,2021,import,1346100,240602.00
SE,EXT_EU27_2020,090619,2022,import,1708451,246673.00
SE,EXT_EU27_2020,090619,2023,import,693946,105635.00
SE,EXT_EU27_2020,090619,2024,import,763830,130106.00
SE,EXT_EU27_2020,090619,2025,import,779580,168962.00
SE,VN,090619,2020,import,55,2.00
SE,VN,090619,2022,import,532,96.00
SE,VN,090619,2023,import,3759,541.00
SE,VN,090619,2024,import,264,12.00
SE,VN,090619,2025,import,2125,403.00
SE,WORLD,090619,2020,import,1397876,284793.00
SE,WORLD,090619,2021,import,1752840,273501.00
SE,WORLD,090619,2022,import,2202755,278725.00
SE,WORLD,090619,2023,import,1145362,133487.00
SE,WORLD,090619,2024,import,1188461,155413.00
SE,WORLD,090619,2025,import,1292263,201279.00
SI,EXT_EU27_2020,090619,2020,import,12680,3000.00
SI,EXT_EU27_2020,090619,2021,import,17720,3038.00
SI,EXT_EU27_2020,090619,2022,import,894,19.00
SI,EXT_EU27_2020,090619,2023,import,50996,8007.00
SI,EXT_EU27_2020,090619,2025,import,46690,6569.00
SI,VN,090619,2020,import,12680,3000.00
SI,VN,090619,2021,import,16401,3000.00
SI,VN,090619,2023,import,14039,3000.00
SI,WORLD,090619,2020,import,24617,4095.00
SI,WORLD,090619,2021,import,20277,3179.00
SI,WORLD,090619,2022,import,5042,172.00
SI,WORLD,090619,2023,import,57162,8207.00
SI,WORLD,090619,2024,import,7122,398.00
SI,WORLD,090619,2025,import,54860,6829.00
SK,EXT_EU27_2020,090619,2021,import,3,1.00
SK,EXT_EU27_2020,090619,2022,import,44878,3500.00
SK,EXT_EU27_2020,090619,2023,import,1041,1350.00
SK,EXT_EU27_2020,090619,2024,import,2055,400.00
SK,EXT_EU27_2020,090619,2025,import,662,240.00
SK,VN,090619,2023,import,1041,1350.00
SK,VN,090619,2024,import,2055,400.00
SK,VN,090619,2025,import,331,200.00
SK,WORLD,090619,2020,import,28244,2181.00
SK,WORLD,090619,2021,import,120716,30061.00
SK,WORLD,090619,2022,import,139323,25024.00
SK,WORLD,090619,2023,import,56732,9465.00
SK,WORLD,090619,2024,import,38230,5414.00
SK,WORLD,090619,2025,import,104793,15846.00
AT,EXT_EU27_2020,100630,2020,import,7085885,6943087.00
AT,EXT_EU27_2020,100630,2021,import,4981943,4583353.00
AT,EXT_EU27_2020,100630,2022,import,7150108,5317421.00
AT,EXT_EU27_2020,100630,2023,import,6449422,5653647.00
AT,EXT_EU27_2020,100630,2024,import,6583691,5267292.00
AT,EXT_EU27_2020,100630,2025,import,8514846,7677844.00
AT,VN,100630,2020,import,450556,697213.00
AT,VN,100630,2021,import,618814,732647.00
AT,VN,100630,2022,import,882381,887991.00
AT,VN,100630,2023,import,1441261,1674339.00
AT,VN,100630,2024,import,523455,547436.00
AT,VN,100630,2025,import,793900,911415.00
AT,WORLD,100630,2020,import,45292144,38894885.00
AT,WORLD,100630,2021,import,38996140,32689699.00
AT,WORLD,100630,2022,import,45886353,33102677.00
AT,WORLD,100630,2023,import,58054182,37501629.00
AT,WORLD,100630,2024,import,59344414,37678322.00
AT,WORLD,100630,2025,import,62271391,41271093.00
BE,EXT_EU27_2020,100630,2020,import,53556388,52488668.00
BE,EXT_EU27_2020,100630,2021,import,38591045,46350222.00
BE,EXT_EU27_2020,100630,2022,import,83571055,87868137.00
BE,EXT_EU27_2020,100630,2023,import,92173865,84075564.00
BE,EXT_EU27_2020,100630,2024,import,98885743,92437290.00
BE,EXT_EU27_2020,100630,2025,import,81450735,76164644.00
BE,VN,100630,2020,import,224452,215011.00
BE,VN,100630,2021,import,1743001,1585938.00
BE,VN,100630,2022,import,1478434,1524213.00
BE,VN,100630,2023,import,2757863,5053800.00
BE,VN,100630,2024,import,2486791,4795019.00
BE,VN,100630,2025,import,236421,375020.00
BE,WORLD,100630,2020,import,90239489,90407338.00
BE,WORLD,100630,2021,import,74581637,82622059.00
BE,WORLD,100630,2022,import,127280871,127762886.00
BE,WORLD,100630,2023,import,146460916,127502666.00
BE,WORLD,100630,2024,import,176155016,181917689.00
BE,WORLD,100630,2025,import,152509412,127638929.00
BG,EXT_EU27_2020,100630,2020,import,5961350,14311536.00
BG,EXT_EU27_2020,100630,2021,import,3507820,7065507.00
BG,EXT_EU27_2020,100630,2022,import,22482393,43834190.00
BG,EXT_EU27_2020,100630,2023,import,24104170,42052543.00
BG,EXT_EU27_2020,100630,2024,import,21046048,30447656.00
BG,EXT_EU27_2020,100630,2025,import,17272859,33329819.00
BG,VN,100630,2020,import,60523,105790.00
BG,VN,100630,2021,import,75634,99580.00
BG,VN,100630,2022,import,149649,181600.00
BG,VN,100630,2023,import,2562622,3807402.00
BG,VN,100630,2024,import,205720,331001.00
BG,VN,100630,2025,import,149522,206401.00
BG,WORLD,100630,2020,import,12402859,28541266.00
BG,WORLD,100630,2021,import,8001696,14439101.00
BG,WORLD,100630,2022,import,28499423,51945287.00
BG,WORLD,100630,2023,import,30645161,49515219.00
BG,WORLD,100630,2024,import,26802031,36799591.00
BG,WORLD,100630,2025,import,22125010,38575289.00
CY,EXT_EU27_2020,100630,2020,import,4382714,4848285.00
CY,EXT_EU27_2020,100630,2021,import,3560221,4025379.00
CY,EXT_EU27_2020,100630,2022,import,5443371,5021415.00
CY,EXT_EU27_2020,100630,2023,import,6088843,5969025.00
CY,EXT_EU27_2020,100630,2024,import,6063327,5509978.00
CY,EXT_EU27_2020,100630,2025,import,7426289,7368164.00
CY,VN,100630,2020,import,24661,33232.00
CY,VN,100630,2021,import,34197,37218.00
CY,VN,100630,2022,import,20252,10131.00
CY,VN,100630,2023,import,108527,119033.00
CY,VN,100630,2024,import,107866,99674.00
CY,VN,100630,2025,import,146582,152620.00
CY,WORLD,100630,2020,import,8102967,8246617.00
CY,WORLD,100630,2021,import,7002239,7366110.00
CY,WORLD,100630,2022,import,9032480,8242132.00
CY,WORLD,100630,2023,import,10127114,9037699.00
CY,WORLD,100630,2024,import,10437422,8798334.00
CY,WORLD,100630,2025,import,11884500,10697568.00
CZ,EXT_EU27_2020,100630,2020,import,26530160,41752782.00
CZ,EXT_EU27_2020,100630,2021,import,19553121,26437667.00
CZ,EXT_EU27_2020,100630,2022,import,37950466,44239863.00
CZ,EXT_EU27_2020,100630,2023,import,32078263,43805251.00
CZ,EXT_EU27_2020,100630,2024,import,43084321,51121346.00
CZ,EXT_EU27_2020,100630,2025,import,50029454,61333249.00
CZ,VN,100630,2020,import,3848366,6718748.00
CZ,VN,100630,2021,import,5099306,6752921.00
CZ,VN,100630,2022,import,8029135,8884808.00
CZ,VN,100630,2023,import,7457565,10542397.00
CZ,VN,100630,2024,import,9642815,10277855.00
CZ,VN,100630,2025,import,12379611,14914515.00
CZ,WORLD,100630,2020,import,54140836,76764224.00
CZ,WORLD,100630,2021,import,51899615,65535610.00
CZ,WORLD,100630,2022,import,79420370,87038907.00
CZ,WORLD,100630,2023,import,65043201,72214537.00
CZ,WORLD,100630,2024,import,77672191,83979851.00
CZ,WORLD,100630,2025,import,84570545,92932648.00
DE,EXT_EU27_2020,100630,2020,import,73259149,91260641.00
DE,EXT_EU27_2020,100630,2021,import,55373991,54970501.00
DE,EXT_EU27_2020,100630,2022,import,69690745,57040285.00
DE,EXT_EU27_2020,100630,2023,import,73315073,68293479.00
DE,EXT_EU27_2020,100630,2024,import,72773926,62703643.00
DE,EXT_EU27_2020,100630,2025,import,85915040,82944833.00
DE,VN,100630,2020,import,4443808,7325802.00
DE,VN,100630,2021,import,6165995,7819608.00
DE,VN,100630,2022,import,7957765,8426023.00
DE,VN,100630,2023,import,10928003,14204143.00
DE,VN,100630,2024,import,9229843,9804587.00
DE,VN,100630,2025,import,10950100,12619597.00
DE,WORLD,100630,2020,import,328583634,334597291.00
DE,WORLD,100630,2021,import,287575078,274211905.00
DE,WORLD,100630,2022,import,360719263,296152048.00
DE,WORLD,100630,2023,import,398579503,288299869.00
DE,WORLD,100630,2024,import,414621873,304447284.00
DE,WORLD,100630,2025,import,456539663,354681700.00
DK,EXT_EU27_2020,100630,2020,import,10568357,10394914.00
DK,EXT_EU27_2020,100630,2021,import,7474196,7390567.00
DK,EXT_EU27_2020,100630,2022,import,9946492,8055236.00
DK,EXT_EU27_2020,100630,2023,import,10162212,9681425.00
DK,EXT_EU27_2020,100630,2024,import,12169760,11320200.00
DK,EXT_EU27_2020,100630,2025,import,14121530,13772392.00
DK,VN,100630,2020,import,205452,340125.00
DK,VN,100630,2021,import,326605,416930.00
DK,VN,100630,2022,import,364627,380857.00
DK,VN,100630,2023,import,433771,497001.00
DK,VN,100630,2024,import,619020,625725.00
DK,VN,100630,2025,import,755113,838967.00
DK,WORLD,100630,2020,import,31635333,33346140.00
DK,WORLD,100630,2021,import,34469725,35735797.00
DK,WORLD,100630,2022,import,37315898,32782201.00
DK,WORLD,100630,2023,import,43952730,33546846.00
DK,WORLD,100630,2024,import,44796985,36987625.00
DK,WORLD,100630,2025,import,44064351,36235829.00
EE,EXT_EU27_2020,100630,2020,import,410085,775508.00
EE,EXT_EU27_2020,100630,2021,import,462274,651672.00
EE,EXT_EU27_2020,100630,2022,import,684113,696926.00
EE,EXT_EU27_2020,100630,2023,import,750666,800933.00
EE,EXT_EU27_2020,100630,2024,import,1059707,1040690.00
EE,EXT_EU27_2020,100630,2025,import,848725,1046726.00
EE,VN,100630,2022,import,21999,27008.00
EE,VN,100630,2023,import,85673,101875.00
EE,VN,100630,2024,import,100445,124826.00
EE,VN,100630,2025,import,114675,147000.00
EE,WORLD,100630,2020,import,3459290,3720062.00
EE,WORLD,100630,2021,import,3397740,3607513.00
EE,WORLD,100630,2022,import,4219542,3793730.00
EE,WORLD,100630,2023,import,4547222,3649820.00
EE,WORLD,100630,2024,import,5341654,4254155.00
EE,WORLD,100630,2025,import,4791782,4101253.00
ES,EXT_EU27_2020,100630,2020,import,35801572,56350165.00
ES,EXT_EU27_2020,100630,2021,import,35801517,56068633.00
ES,EXT_EU27_2020,100630,2022,import,53447404,76944611.00
ES,EXT_EU27_2020,100630,2023,import,67025221,98913863.00
ES,EXT_EU27_2020,100630,2024,import,86212299,109865859.00
ES,EXT_EU27_2020,100630,2025,import,73717193,103260634.00
ES,VN,100630,2020,import,366471,621871.00
ES,VN,100630,2021,import,255678,309106.00
ES,VN,100630,2022,import,1197973,1217170.00
ES,VN,100630,2023,import,2768044,3370607.00
ES,VN,100630,2024,import,1524685,1608616.00
ES,VN,100630,2025,import,1784014,2190036.00
ES,WORLD,100630,2020,import,54993114,79232184.00
ES,WORLD,100630,2021,import,63292951,94034817.00
ES,WORLD,100630,2022,import,98782359,136986682.00
ES,WORLD,100630,2023,import,107902453,136620051.00
ES,WORLD,100630,2024,import,127281707,148412639.00
ES,WORLD,100630,2025,import,102967495,129830731.00
EU27_2020,AE,100630,2024,import,2773,5132.00
EU27_2020,AE,100630,2025,import,14636,9568.00
EU27_2020,AF,100630,2024,import,295,28.00
EU27_2020,AF,100630,2025,import,20000,25000.00
EU27_2020,AL,100630,2024,import,2914,1920.00
EU27_2020,AL,100630,2025,import,18126,12298.00
EU27_2020,AM,100630,2025,import,448,288.00
EU27_2020,AO,100630,2025,import,146,97.00
EU27_2020,AR,100630,2024,import,2703399,2579979.00
EU27_2020,AR,100630,2025,import,4154174,3676079.00
EU27_2020,AT,100630,2024,import,5305172,2753049.00
EU27_2020,AT,100630,2025,import,5819504,3367585.00
EU27_2020,AU,100630,2024,import,534065,416569.00
EU27_2020,AU,100630,2025,import,808166,656704.00
EU27_2020,AZ,100630,2024,import,12507,7273.00
EU27_2020,AZ,100630,2025,import,7205,1923.00
EU27_2020,BA,100630,2024,import,2649,1285.00
EU27_2020,BA,100630,2025,import,3344,1512.00
EU27_2020,BD,100630,2024,import,412185,284725.00
EU27_2020,BD,100630,2025,import,2840639,1995627.00
EU27_2020,BE,100630,2024,import,184353496,118948884.00
EU27_2020,BE,100630,2025,import,195388715,129598960.00
EU27_2020,BG,100630,2024,import,20531232,22955497.00
EU27_2020,BG,100630,2025,import,25317697,31856508.00
EU27_2020,BJ,100630,2024,import,246,12.00
EU27_2020,BO,100630,2024,import,32,6.00
EU27_2020,BR,100630,2024,import,842560,904623.00
EU27_2020,BR,100630,2025,import,1081875,1329585.00
EU27_2020,BY,100630,2025,import,9,4.00
EU27_2020,CA,100630,2024,import,29105,14367.00
EU27_2020,CA,100630,2025,import,115352,51609.00
EU27_2020,CD,100630,2024,import,5,2.00
EU27_2020,CH,100630,2024,import,328136,132214.00
EU27_2020,CH,100630,2025,import,588296,401479.00
EU27_2020,CI,100630,2024,import,4091,2613.00
EU27_2020,CI,100630,2025,import,12587,9378.00
EU27_2020,CM,100630,2024,import,1690,1148.00
EU27_2020,CN,100630,2024,import,3925057,6146238.00
EU27_2020,CN,100630,2025,import,3753428,5731344.00
EU27_2020,CO,100630,2024,import,34,48.00
EU27_2020,CO,100630,2025,import,363,17.00
EU27_2020,CR,100630,2025,import,5,
EU27_2020,CV,100630,2024,import,26450,22175.00
EU27_2020,CW,100630,2024,import,2822,2205.00
EU27_2020,CW,100630,2025,import,18,14.00
EU27_2020,CY,100630,2024,import,96865,52164.00
EU27_2020,CY,100630,2025,import,196133,91576.00
EU27_2020,CZ,100630,2024,import,18943768,16408506.00
EU27_2020,CZ,100630,2025,import,21499314,19238431.00
EU27_2020,DE,100630,2024,import,48553218,28398149.00
EU27_2020,DE,100630,2025,import,59566553,40825846.00
EU27_2020,DK,100630,2024,import,10710973,7297368.00
EU27_2020,DK,100630,2025,import,10080567,7538207.00
EU27_2020,DO,100630,2024,import,1969,1593.00
EU27_2020,DO,100630,2025,import,1578,2896.00
EU27_2020,DZ,100630,2024,import,123,4.00
EU27_2020,DZ,100630,2025,import,379,229.00
EU27_2020,EC,100630,2025,import,480,126.00
EU27_2020,EE,100630,2024,import,250007,172558.00
EU27_2020,EE,100630,2025,import,256015,194342.00
EU27_2020,EG,100630,2024,import,864540,1133765.00
EU27_2020,EG,100630,2025,import,2743788,3523433.00
EU27_2020,ES,100630,2024,import,105043339,114130148.00
EU27_2020,ES,100630,2025,import,81390554,67498032.00
EU27_2020,ET,100630,2025,import,6,1.00
EU27_2020,EXT_EU27_2020,100630,2020,import,665663939,810842048.00
EU27_2020,EXT_EU27_2020,100630,2021,import,560491765,671773070.00
EU27_2020,EXT_EU27_2020,100630,2022,import,958522581,1074975806.00
EU27_2020,EXT_EU27_2020,100630,2023,import,973268503,1087797562.00
EU27_2020,EXT_EU27_2020,100630,2024,import,1055619587,1090544917.00
EU27_2020,EXT_EU27_2020,100630,2025,import,1054686097,1183966072.00
EU27_2020,FI,100630,2024,import,307611,185105.00
EU27_2020,FI,100630,2025,import,256242,143444.00
EU27_2020,FR,100630,2024,import,35466331,23491689.00
EU27_2020,FR,100630,2025,import,39562795,25769734.00
EU27_2020,GB,100630,2024,import,4295070,2884595.00
EU27_2020,GB,100630,2025,import,2974985,1813741.00
EU27_2020,GH,100630,2024,import,661,1066.00
EU27_2020,GH,100630,2025,import,2092,1228.00
EU27_2020,GN,100630,2024,import,32,100.00
EU27_2020,GN,100630,2025,import,140,52.00
EU27_2020,GR,100630,2024,import,19512085,23513206.00
EU27_2020,GR,100630,2025,import,14253926,16788633.00
EU27_2020,GY,100630,2024,import,4422932,6055830.00
EU27_2020,GY,100630,2025,import,1402970,1943626.00
EU27_2020,HK,100630,2024,import,1,1.00
EU27_2020,HK,100630,2025,import,43,
EU27_2020,HR,100630,2024,import,166397,140184.00
EU27_2020,HR,100630,2025,import,558383,318511.00
EU27_2020,HT,100630,2024,import,3055,7317.00
EU27_2020,HT,100630,2025,import,5988,7265.00
EU27_2020,HU,100630,2024,import,5416374,4202040.00
EU27_2020,HU,100630,2025,import,4381837,2913294.00
EU27_2020,ID,100630,2024,import,56590,40180.00
EU27_2020,ID,100630,2025,import,18108,7904.00
EU27_2020,IE,100630,2024,import,1379520,703742.00
EU27_2020,IE,100630,2025,import,3321100,1857275.00
EU27_2020,IL,100630,2024,import,13968,8298.00
EU27_2020,IL,100630,2025,import,30406,19879.00
EU27_2020,IN,100630,2024,import,189258369,136649275.00
EU27_2020,IN,100630,2025,import,208196262,181296996.00
EU27_2020,INT_EU27_2020,100630,2024,import,1294422458,1006719103.00
EU27_2020,INT_EU27_2020,100630,2025,import,1295386963,986984307.00
EU27_2020,IQ,100630,2024,import,41716,32786.00
EU27_2020,IQ,100630,2025,import,65239,32622.00
EU27_2020,IR,100630,2024,import,865323,458576.00
EU27_2020,IR,100630,2025,import,1014401,391888.00
EU27_2020,IT,100630,2024,import,518261458,411191715.00
EU27_2020,IT,100630,2025,import,485229781,372024156.00
EU27_2020,JO,100630,2024,import,310920,319898.00
EU27_2020,JO,100630,2025,import,19678,15872.00
EU27_2020,JP,100630,2024,import,5607923,2816465.00
EU27_2020,JP,100630,2025,import,6960434,3384748.00
EU27_2020,KE,100630,2025,import,17,2.00
EU27_2020,KG,100630,2025,import,1707,1700.00
EU27_2020,KH,100630,2024,import,210961359,244195339.00
EU27_2020,KH,100630,2025,import,236100462,284420882.00
EU27_2020,KM,100630,2024,import,10565,46907.00
EU27_2020,KR,100630,2024,import,975175,580848.00
EU27_2020,KR,100630,2025,import,1072222,896350.00
EU27_2020,KZ,100630,2025,import,4,7.00
EU27_2020,LA,100630,2024,import,728324,735727.00
EU27_2020,LA,100630,2025,import,1482534,1455938.00
EU27_2020,LB,100630,2024,import,58140,51769.00
EU27_2020,LB,100630,2025,import,27293,30113.00
EU27_2020,LI,100630,2024,import,514,150.00
EU27_2020,LK,100630,2024,import,1502445,1271940.00
EU27_2020,LK,100630,2025,import,2196905,1908170.00
EU27_2020,LR,100630,2024,import,150,5.00
EU27_2020,LR,100630,2025,import,152,2.00
EU27_2020,LT,100630,2024,import,14476454,16328988.00
EU27_2020,LT,100630,2025,import,16431831,19546138.00
EU27_2020,LU,100630,2024,import,207308,114690.00
EU27_2020,LU,100630,2025,import,412118,269696.00
EU27_2020,LV,100630,2024,import,2650287,1986212.00
EU27_2020,LV,100630,2025,import,2028282,1510659.00
EU27_2020,LY,100630,2025,import,83,1.00
EU27_2020,MA,100630,2024,import,80,3.00
EU27_2020,MD,100630,2024,import,1455,806.00
EU27_2020,MD,100630,2025,import,33882,31090.00
EU27_2020,MG,100630,2024,import,1314,3567.00
EU27_2020,MG,100630,2025,import,1217,2323.00
EU27_2020,MK,100630,2024,import,319077,232187.00
EU27_2020,MK,100630,2025,import,593959,458405.00
EU27_2020,ML,100630,2024,import,203,86.00
EU27_2020,MM,100630,2024,import,167713191,243857571.00
EU27_2020,MM,100630,2025,import,145271360,264070314.00
EU27_2020,MR,100630,2025,import,75,5.00
EU27_2020,MT,100630,2024,import,2104,1170.00
EU27_2020,MT,100630,2025,import,63,27.00
EU27_2020,MU,100630,2024,import,542,240.00
EU27_2020,MU,100630,2025,import,288,109.00
EU27_2020,MX,100630,2024,import,1753,1083.00
EU27_2020,MX,100630,2025,import,10,5.00
EU27_2020,MY,100630,2024,import,439,116.00
EU27_2020,MY,100630,2025,import,3529,4717.00
EU27_2020,NC,100630,2025,import,55,4.00
EU27_2020,NG,100630,2024,import,7711,4551.00
EU27_2020,NG,100630,2025,import,256,43.00
EU27_2020,NL,100630,2024,import,205785490,133056199.00
EU27_2020,NL,100630,2025,import,229362058,157939917.00
EU27_2020,NO,100630,2024,import,134408,57338.00
EU27_2020,NO,100630,2025,import,187648,92970.00
EU27_2020,NP,100630,2024,import,3734,1700.00
EU27_2020,NP,100630,2025,import,17748,4743.00
EU27_2020,NZ,100630,2024,import,18,13.00
EU27_2020,NZ,100630,2025,import,12,5.00
EU27_2020,PA,100630,2025,import,732,260.00
EU27_2020,PE,100630,2024,import,83443,61292.00
EU27_2020,PE,100630,2025,import,138239,125295.00
EU27_2020,PF,100630,2024,import,69,9.00
EU27_2020,PH,100630,2025,import,7,3.00
EU27_2020,PK,100630,2024,import,170876064,142361937.00
EU27_2020,PK,100630,2025,import,139983963,121633623.00
EU27_2020,PL,100630,2024,import,44392090,33166213.00
EU27_2020,PL,100630,2025,import,46746845,36978310.00
EU27_2020,PT,100630,2024,import,28060375,24625642.00
EU27_2020,PT,100630,2025,import,29432366,25848637.00
EU27_2020,PY,100630,2024,import,445299,701245.00
EU27_2020,PY,100630,2025,import,193369,321546.00
EU27_2020,QA,100630,2024,import,1405,110.00
EU27_2020,QV,100630,2024,import,329381,353063.00
EU27_2020,QV,100630,2025,import,1152,95.00
EU27_2020,QW,100630,2024,import,12447,873.00
EU27_2020,QW,100630,2025,import,84029,34197.00
EU27_2020,RO,100630,2024,import,8191195,7342565.00
EU27_2020,RO,100630,2025,import,10086247,9107432.00
EU27_2020,SA,100630,2024,import,83904,72012.00
EU27_2020,SA,100630,2025,import,293,14.00
EU27_2020,SE,100630,2024,import,2639485,1450574.00
EU27_2020,SE,100630,2025,import,1703287,916241.00
EU27_2020,SG,100630,2024,import,164,35.00
EU27_2020,SG,100630,2025,import,550,39.00
EU27_2020,SI,100630,2024,import,3475561,2659384.00
EU27_2020,SI,100630,2025,import,2936403,2790541.00
EU27_2020,SK,100630,2024,import,9914882,11090399.00
EU27_2020,SK,100630,2025,import,9167195,12052080.00
EU27_2020,SN,100630,2024,import,783,879.00
EU27_2020,SN,100630,2025,import,125,160.00
EU27_2020,SR,100630,2024,import,3634948,4677989.00
EU27_2020,SR,100630,2025,import,2346604,2860603.00
EU27_2020,SY,100630,2024,import,8965,11715.00
EU27_2020,SY,100630,2025,import,7004,3487.00
EU27_2020,TG,100630,2024,import,30763,25000.00
EU27_2020,TG,100630,2025,import,567,6.00
EU27_2020,TH,100630,2024,import,196583457,197323415.00
EU27_2020,TH,100630,2025,import,190628694,188159330.00
EU27_2020,TK,100630,2025,import,33892,32000.00
EU27_2020,TN,100630,2024,import,68820,47398.00
EU27_2020,TN,100630,2025,import,242,31.00
EU27_2020,TR,100630,2024,import,4193133,2468311.00
EU27_2020,TR,100630,2025,import,4390088,2313009.00
EU27_2020,TW,100630,2024,import,267073,250417.00
EU27_2020,TW,100630,2025,import,282862,230097.00
EU27_2020,TZ,100630,2024,import,69,1.00
EU27_2020,TZ,100630,2025,import,79,60.00
EU27_2020,UA,100630,2024,import,2992,1915.00
EU27_2020,UA,100630,2025,import,2317,1889.00
EU27_2020,UG,100630,2025,import,645,509.00
EU27_2020,US,100630,2024,import,19291865,16594308.00
EU27_2020,US,100630,2025,import,22308813,22327204.00
EU27_2020,UY,100630,2024,import,6108555,6884962.00
EU27_2020,UY,100630,2025,import,8023950,9381626.00
EU27_2020,UZ,100630,2025,import,956,555.00
EU27_2020,VN,100630,2020,import,29776012,49697798.00
EU27_2020,VN,100630,2021,import,42382741,58394058.00
EU27_2020,VN,100630,2022,import,75276272,91508745.00
EU27_2020,VN,100630,2023,import,66090926,93295265.00
EU27_2020,VN,100630,2024,import,56906983,67065015.00
EU27_2020,VN,100630,2025,import,62403756,76812997.00
EU27_2020,XK,100630,2024,import,2036,990.00
EU27_2020,XK,100630,2025,import,5198,3151.00
EU27_2020,XS,100630,2024,import,31,5.00
EU27_2020,XS,100630,2025,import,207,84.00
EU27_2020,ZA,100630,2024,import,21515,20827.00
EU27_2020,ZA,100630,2025,import,1704,1367.00
FI,EXT_EU27_2020,100630,2020,import,3011849,2759684.00
FI,EXT_EU27_2020,100630,2021,import,3580882,3271349.00
FI,EXT_EU27_2020,100630,2022,import,5617832,5027208.00
FI,EXT_EU27_2020,100630,2023,import,5327973,5665663.00
FI,EXT_EU27_2020,100630,2024,import,5270642,4981689.00
FI,EXT_EU27_2020,100630,2025,import,6627532,6617862.00
FI,VN,100630,2020,import,15892,16000.00
FI,VN,100630,2021,import,79463,100080.00
FI,VN,100630,2022,import,284161,342522.00
FI,VN,100630,2023,import,654465,865530.00
FI,VN,100630,2024,import,220273,224471.00
FI,VN,100630,2025,import,160521,224340.00
FI,WORLD,100630,2020,import,24372925,27497807.00
FI,WORLD,100630,2021,import,25013789,27386721.00
FI,WORLD,100630,2022,import,36300520,33878985.00
FI,WORLD,100630,2023,import,41284364,32173290.00
FI,WORLD,100630,2024,import,40770682,31633670.00
FI,WORLD,100630,2025,import,40860208,33992118.00
FR,EXT_EU27_2020,100630,2020,import,157565580,174564048.00
FR,EXT_EU27_2020,100630,2021,import,134223048,150618995.00
FR,EXT_EU27_2020,100630,2022,import,187931455,188157594.00
FR,EXT_EU27_2020,100630,2023,import,170743873,188706958.00
FR,EXT_EU27_2020,100630,2024,import,189170742,192344639.00
FR,EXT_EU27_2020,100630,2025,import,203546660,219066666.00
FR,VN,100630,2020,import,9064229,15354914.00
FR,VN,100630,2021,import,10787818,17031879.00
FR,VN,100630,2022,import,14504451,20729754.00
FR,VN,100630,2023,import,13244273,19196212.00
FR,VN,100630,2024,import,11613786,14889495.00
FR,VN,100630,2025,import,13090543,17367021.00
FR,WORLD,100630,2020,import,390969720,398747274.00
FR,WORLD,100630,2021,import,344895769,350313202.00
FR,WORLD,100630,2022,import,453173647,407984293.00
FR,WORLD,100630,2023,import,459289655,373990462.00
FR,WORLD,100630,2024,import,469884362,390209909.00
FR,WORLD,100630,2025,import,493618682,424732756.00
GR,EXT_EU27_2020,100630,2020,import,9461561,15357479.00
GR,EXT_EU27_2020,100630,2021,import,6123688,8073539.00
GR,EXT_EU27_2020,100630,2022,import,11995871,14941206.00
GR,EXT_EU27_2020,100630,2023,import,16505305,20271936.00
GR,EXT_EU27_2020,100630,2024,import,11994525,13673080.00
GR,EXT_EU27_2020,100630,2025,import,12549227,14927439.00
GR,VN,100630,2021,import,135661,103776.00
GR,VN,100630,2022,import,550856,480712.00
GR,VN,100630,2023,import,832262,834122.00
GR,VN,100630,2024,import,522626,443989.00
GR,VN,100630,2025,import,764579,669714.00
GR,WORLD,100630,2020,import,18407273,24847762.00
GR,WORLD,100630,2021,import,12897057,13878789.00
GR,WORLD,100630,2022,import,23623431,26168550.00
GR,WORLD,100630,2023,import,24034393,24595585.00
GR,WORLD,100630,2024,import,22568392,20843910.00
GR,WORLD,100630,2025,import,20663530,19321483.00
HR,EXT_EU27_2020,100630,2020,import,1537462,3550993.00
HR,EXT_EU27_2020,100630,2021,import,1664837,3131880.00
HR,EXT_EU27_2020,100630,2022,import,2537639,3822857.00
HR,EXT_EU27_2020,100630,2023,import,2378473,4023349.00
HR,EXT_EU27_2020,100630,2024,import,2681744,3786646.00
HR,EXT_EU27_2020,100630,2025,import,3204010,5813496.00
HR,VN,100630,2020,import,41996,75000.00
HR,VN,100630,2022,import,23024,26400.00
HR,WORLD,100630,2020,import,9027647,10968604.00
HR,WORLD,100630,2021,import,10308548,11372407.00
HR,WORLD,100630,2022,import,13458158,12331173.00
HR,WORLD,100630,2023,import,16210932,13395925.00
HR,WORLD,100630,2024,import,18314269,15129143.00
HR,WORLD,100630,2025,import,19654331,17140708.00
HU,EXT_EU27_2020,100630,2020,import,3462381,7077179.00
HU,EXT_EU27_2020,100630,2021,import,1881851,2669746.00
HU,EXT_EU27_2020,100630,2022,import,4547283,5485091.00
HU,EXT_EU27_2020,100630,2023,import,6052567,8983019.00
HU,EXT_EU27_2020,100630,2024,import,5218134,5927141.00
HU,EXT_EU27_2020,100630,2025,import,5682721,8291786.00
HU,VN,100630,2020,import,208159,324850.00
HU,VN,100630,2021,import,778658,1019674.00
HU,VN,100630,2022,import,851164,907271.00
HU,VN,100630,2023,import,2897176,4551593.00
HU,VN,100630,2024,import,1870109,2083765.00
HU,VN,100630,2025,import,788521,1061862.00
HU,WORLD,100630,2020,import,25768125,41435027.00
HU,WORLD,100630,2021,import,23568372,33599956.00
HU,WORLD,100630,2022,import,35431959,40521406.00
HU,WORLD,100630,2023,import,35699480,42101546.00
HU,WORLD,100630,2024,import,36314313,37637027.00
HU,WORLD,100630,2025,import,37109929,42228431.00
IE,EXT_EU27_2020,100630,2020,import,19135024,15466512.00
IE,EXT_EU27_2020,100630,2021,import,14148019,11038170.00
IE,EXT_EU27_2020,100630,2022,import,14262958,10204337.00
IE,EXT_EU27_2020,100630,2023,import,18303682,13222735.00
IE,EXT_EU27_2020,100630,2024,import,17769941,13196530.00
IE,EXT_EU27_2020,100630,2025,import,20870985,16849051.00
IE,VN,100630,2020,import,10371,21024.00
IE,VN,100630,2021,import,115502,123894.00
IE,VN,100630,2022,import,202976,164209.00
IE,VN,100630,2023,import,203190,264782.00
IE,VN,100630,2024,import,405325,390267.00
IE,VN,100630,2025,import,420110,447631.00
IE,WORLD,100630,2020,import,25430688,20136119.00
IE,WORLD,100630,2021,import,22385886,17494323.00
IE,WORLD,100630,2022,import,31262159,24971655.00
IE,WORLD,100630,2023,import,43130035,32627816.00
IE,WORLD,100630,2024,import,42302913,30667833.00
IE,WORLD,100630,2025,import,44850409,33456706.00
IT,EXT_EU27_2020,100630,2020,import,61006275,71966578.00
IT,EXT_EU27_2020,100630,2021,import,51116285,56723187.00
IT,EXT_EU27_2020,100630,2022,import,147953365,192559299.00
IT,EXT_EU27_2020,100630,2023,import,124712837,130357001.00
IT,EXT_EU27_2020,100630,2024,import,136557710,131935239.00
IT,EXT_EU27_2020,100630,2025,import,117654325,122596465.00
IT,VN,100630,2020,import,4961636,7400715.00
IT,VN,100630,2021,import,4600528,5663660.00
IT,VN,100630,2022,import,18087591,20353171.00
IT,VN,100630,2023,import,4159096,5582661.00
IT,VN,100630,2024,import,1946151,2281444.00
IT,VN,100630,2025,import,1330873,1642364.00
IT,WORLD,100630,2020,import,73382966,82572915.00
IT,WORLD,100630,2021,import,65795515,70686129.00
IT,WORLD,100630,2022,import,184978160,226509374.00
IT,WORLD,100630,2023,import,149851979,148277873.00
IT,WORLD,100630,2024,import,170546541,154224595.00
IT,WORLD,100630,2025,import,143197711,142760875.00
LT,EXT_EU27_2020,100630,2020,import,9241976,17677580.00
LT,EXT_EU27_2020,100630,2021,import,6604999,10599319.00
LT,EXT_EU27_2020,100630,2022,import,10598057,13720312.00
LT,EXT_EU27_2020,100630,2023,import,12397852,17653965.00
LT,EXT_EU27_2020,100630,2024,import,13858758,17041680.00
LT,EXT_EU27_2020,100630,2025,import,14926320,22890351.00
LT,VN,100630,2020,import,443220,740450.00
LT,VN,100630,2021,import,487326,653850.00
LT,VN,100630,2022,import,713838,828125.00
LT,VN,100630,2023,import,438802,650200.00
LT,VN,100630,2024,import,397400,478500.00
LT,VN,100630,2025,import,522569,715620.00
LT,WORLD,100630,2020,import,12325822,21207327.00
LT,WORLD,100630,2021,import,10351101,15321946.00
LT,WORLD,100630,2022,import,15944114,19044136.00
LT,WORLD,100630,2023,import,16314647,20718698.00
LT,WORLD,100630,2024,import,17456127,20041311.00
LT,WORLD,100630,2025,import,18311082,25707571.00
LU,EXT_EU27_2020,100630,2020,import,112921,80784.00
LU,EXT_EU27_2020,100630,2021,import,45061,39231.00
LU,EXT_EU27_2020,100630,2023,import,31308,20001.00
LU,EXT_EU27_2020,100630,2024,import,396,96.00
LU,EXT_EU27_2020,100630,2025,import,253,74.00
LU,WORLD,100630,2020,import,5313393,2794952.00
LU,WORLD,100630,2021,import,5335023,2778064.00
LU,WORLD,100630,2022,import,5532037,2889240.00
LU,WORLD,100630,2023,import,5999569,3003344.00
LU,WORLD,100630,2024,import,6388250,2998154.00
LU,WORLD,100630,2025,import,6276064,3137025.00
LV,EXT_EU27_2020,100630,2020,import,1304251,2116787.00
LV,EXT_EU27_2020,100630,2021,import,837133,1175254.00
LV,EXT_EU27_2020,100630,2022,import,1763837,2032365.00
LV,EXT_EU27_2020,100630,2023,import,1832180,2408716.00
LV,EXT_EU27_2020,100630,2024,import,2019113,2329275.00
LV,EXT_EU27_2020,100630,2025,import,2221477,3098325.00
LV,VN,100630,2020,import,26818,50000.00
LV,VN,100630,2021,import,67708,93400.00
LV,VN,100630,2022,import,194924,221000.00
LV,VN,100630,2023,import,319030,371170.00
LV,VN,100630,2024,import,436919,476700.00
LV,VN,100630,2025,import,374557,475001.00
LV,WORLD,100630,2020,import,5436349,7605740.00
LV,WORLD,100630,2021,import,5091667,6263660.00
LV,WORLD,100630,2022,import,8033066,8235653.00
LV,WORLD,100630,2023,import,6883284,6851541.00
LV,WORLD,100630,2024,import,7892071,7389995.00
LV,WORLD,100630,2025,import,7923349,7927669.00
MT,EXT_EU27_2020,100630,2020,import,2907887,2648450.00
MT,EXT_EU27_2020,100630,2021,import,2082928,2004563.00
MT,EXT_EU27_2020,100630,2022,import,3398426,2839176.00
MT,EXT_EU27_2020,100630,2023,import,3936550,3607373.00
MT,EXT_EU27_2020,100630,2024,import,5223542,4236180.00
MT,EXT_EU27_2020,100630,2025,import,4716981,4578141.00
MT,VN,100630,2020,import,214,350.00
MT,VN,100630,2022,import,74516,73003.00
MT,VN,100630,2023,import,19740,24000.00
MT,VN,100630,2024,import,3135,1085.00
MT,VN,100630,2025,import,136249,178161.00
MT,WORLD,100630,2020,import,4077723,3829833.00
MT,WORLD,100630,2021,import,3027887,2930297.00
MT,WORLD,100630,2022,import,4646368,3726905.00
MT,WORLD,100630,2023,import,6077475,4805356.00
MT,WORLD,100630,2024,import,7187862,5486771.00
MT,WORLD,100630,2025,import,6726920,5828614.00
NL,EXT_EU27_2020,100630,2020,import,109695099,117591568.00
NL,EXT_EU27_2020,100630,2021,import,95452692,108128093.00
NL,EXT_EU27_2020,100630,2022,import,165156011,168160145.00
NL,EXT_EU27_2020,100630,2023,import,175391467,164232608.00
NL,EXT_EU27_2020,100630,2024,import,173105735,160981511.00
NL,EXT_EU27_2020,100630,2025,import,174355017,176055884.00
NL,VN,100630,2020,import,2493521,4656591.00
NL,VN,100630,2021,import,5180854,7593649.00
NL,VN,100630,2022,import,9972239,14243181.00
NL,VN,100630,2023,import,5799775,8206467.00
NL,VN,100630,2024,import,4730410,5118278.00
NL,VN,100630,2025,import,6877381,8074926.00
NL,WORLD,100630,2020,import,145836147,153020617.00
NL,WORLD,100630,2021,import,135462822,144531354.00
NL,WORLD,100630,2022,import,227590485,222141559.00
NL,WORLD,100630,2023,import,245498796,210452900.00
NL,WORLD,100630,2024,import,232437914,202626126.00
NL,WORLD,100630,2025,import,233041074,215552019.00
PL,EXT_EU27_2020,100630,2020,import,14873027,28426643.00
PL,EXT_EU27_2020,100630,2021,import,29958225,57053585.00
PL,EXT_EU27_2020,100630,2022,import,37094503,59793580.00
PL,EXT_EU27_2020,100630,2023,import,46559751,83524629.00
PL,EXT_EU27_2020,100630,2024,import,60598968,84052703.00
PL,EXT_EU27_2020,100630,2025,import,61802600,102232858.00
PL,VN,100630,2020,import,1124348,2047318.00
PL,VN,100630,2021,import,3331506,4953603.00
PL,VN,100630,2022,import,4217147,4943945.00
PL,VN,100630,2023,import,4660846,7132150.00
PL,VN,100630,2024,import,5414247,6502832.00
PL,VN,100630,2025,import,6356043,8156381.00
PL,WORLD,100630,2020,import,52544304,87232371.00
PL,WORLD,100630,2021,import,66712044,104872992.00
PL,WORLD,100630,2022,import,79622993,104482090.00
PL,WORLD,100630,2023,import,89937787,120697818.00
PL,WORLD,100630,2024,import,109137858,129190390.00
PL,WORLD,100630,2025,import,109566416,148528450.00
PT,EXT_EU27_2020,100630,2020,import,8986966,14157425.00
PT,EXT_EU27_2020,100630,2021,import,5408880,6165017.00
PT,EXT_EU27_2020,100630,2022,import,9721832,10023357.00
PT,EXT_EU27_2020,100630,2023,import,21662210,31000139.00
PT,EXT_EU27_2020,100630,2024,import,24929459,28859854.00
PT,EXT_EU27_2020,100630,2025,import,24631005,27884186.00
PT,VN,100630,2020,import,104142,167000.00
PT,VN,100630,2021,import,41582,49320.00
PT,VN,100630,2022,import,330443,398469.00
PT,VN,100630,2023,import,1108492,1552806.00
PT,VN,100630,2024,import,906255,1129103.00
PT,VN,100630,2025,import,399744,475535.00
PT,WORLD,100630,2020,import,18601633,30973388.00
PT,WORLD,100630,2021,import,16857025,18835899.00
PT,WORLD,100630,2022,import,31258662,35693280.00
PT,WORLD,100630,2023,import,42265548,50090030.00
PT,WORLD,100630,2024,import,47738783,49026516.00
PT,WORLD,100630,2025,import,47519589,48127678.00
RO,EXT_EU27_2020,100630,2020,import,4006490,8583992.00
RO,EXT_EU27_2020,100630,2021,import,2818812,5619959.00
RO,EXT_EU27_2020,100630,2022,import,14105726,21792950.00
RO,EXT_EU27_2020,100630,2023,import,4014131,6405907.00
RO,EXT_EU27_2020,100630,2024,import,3501197,4035160.00
RO,EXT_EU27_2020,100630,2025,import,3652354,5107115.00
RO,VN,100630,2020,import,27022,44000.00
RO,VN,100630,2021,import,38449,49391.00
RO,VN,100630,2022,import,52588,60972.00
RO,VN,100630,2023,import,122722,166900.00
RO,VN,100630,2024,import,43781,46088.00
RO,VN,100630,2025,import,255612,315860.00
RO,WORLD,100630,2020,import,20019415,32643714.00
RO,WORLD,100630,2021,import,19799891,30990671.00
RO,WORLD,100630,2022,import,39597407,55278993.00
RO,WORLD,100630,2023,import,32929314,38032252.00
RO,WORLD,100630,2024,import,35466924,37902135.00
RO,WORLD,100630,2025,import,36045461,43186876.00
SE,EXT_EU27_2020,100630,2020,import,34579631,33818167.00
SE,EXT_EU27_2020,100630,2021,import,30496064,29982950.00
SE,EXT_EU27_2020,100630,2022,import,42782990,34855419.00
SE,EXT_EU27_2020,100630,2023,import,43741589,36374779.00
SE,EXT_EU27_2020,100630,2024,import,43949477,36810307.00
SE,EXT_EU27_2020,100630,2025,import,47972985,41357387.00
SE,VN,100630,2020,import,1548404,2590494.00
SE,VN,100630,2021,import,2349972,3103514.00
SE,VN,100630,2022,import,4207246,4978200.00
SE,VN,100630,2023,import,1912581,2657639.00
SE,VN,100630,2024,import,3258892,3888061.00
SE,VN,100630,2025,import,2628029,3247536.00
SE,WORLD,100630,2020,import,73139056,62162029.00
SE,WORLD,100630,2021,import,61797661,56876637.00
SE,WORLD,100630,2022,import,85888120,65630889.00
SE,WORLD,100630,2023,import,92364010,65684332.00
SE,WORLD,100630,2024,import,91274024,65681381.00
SE,WORLD,100630,2025,import,94707919,69781744.00
SI,EXT_EU27_2020,100630,2020,import,7106864,15771974.00
SI,EXT_EU27_2020,100630,2021,import,4684884,7889862.00
SI,EXT_EU27_2020,100630,2022,import,8582002,12473148.00
SI,EXT_EU27_2020,100630,2023,import,7370095,11971000.00
SI,EXT_EU27_2020,100630,2024,import,11628112,16477240.00
SI,EXT_EU27_2020,100630,2025,import,10652283,19469413.00
SI,VN,100630,2020,import,81466,150000.00
SI,VN,100630,2021,import,68316,100000.00
SI,VN,100630,2022,import,904546,1215000.00
SI,VN,100630,2023,import,1152224,1850835.00
SI,VN,100630,2024,import,654109,844496.00
SI,VN,100630,2025,import,907816,1306892.00
SI,WORLD,100630,2020,import,14721506,24319188.00
SI,WORLD,100630,2021,import,12040101,15697118.00
SI,WORLD,100630,2022,import,18209095,20684406.00
SI,WORLD,100630,2023,import,19052246,20164353.00
SI,WORLD,100630,2024,import,22846365,25169088.00
SI,WORLD,100630,2025,import,21960265,28040974.00
SK,EXT_EU27_2020,100630,2020,import,113035,100619.00
SK,EXT_EU27_2020,100630,2021,import,57349,44870.00
SK,EXT_EU27_2020,100630,2022,import,106647,69678.00
SK,EXT_EU27_2020,100630,2023,import,158925,122054.00
SK,EXT_EU27_2020,100630,2024,import,262570,161993.00
SK,EXT_EU27_2020,100630,2025,import,322691,231268.00
SK,VN,100630,2020,import,285,1300.00
SK,VN,100630,2021,import,168,420.00
SK,VN,100630,2022,import,2347,3010.00
SK,VN,100630,2023,import,22923,17601.00
SK,VN,100630,2024,import,42925,51702.00
SK,VN,100630,2025,import,80671,98582.00
SK,WORLD,100630,2020,import,24856561,31804720.00
SK,WORLD,100630,2021,import,22069520,28959483.00
SK,WORLD,100630,2022,import,29532522,31610113.00
SK,WORLD,100630,2023,import,31382733,30537411.00
SK,WORLD,100630,2024,import,29061102,28130576.00
SK,WORLD,100630,2025,import,26315972,25533642.00
AT,EXT_EU27_2020,160414,2020,import,2347648,698597.00
AT,EXT_EU27_2020,160414,2021,import,1564273,487380.00
AT,EXT_EU27_2020,160414,2022,import,2934043,669435.00
AT,EXT_EU27_2020,160414,2023,import,3310808,785296.00
AT,EXT_EU27_2020,160414,2024,import,7897675,1799270.00
AT,EXT_EU27_2020,160414,2025,import,9078930,2239311.00
AT,VN,160414,2020,import,708254,205020.00
AT,VN,160414,2021,import,409201,109752.00
AT,VN,160414,2022,import,1478129,342026.00
AT,VN,160414,2023,import,954653,266325.00
AT,VN,160414,2024,import,2198677,623006.00
AT,VN,160414,2025,import,1626605,475212.00
AT,WORLD,160414,2020,import,51717208,9348023.00
AT,WORLD,160414,2021,import,70908292,14741732.00
AT,WORLD,160414,2022,import,62709098,10430065.00
AT,WORLD,160414,2023,import,62782295,9655398.00
AT,WORLD,160414,2024,import,77568305,12214376.00
AT,WORLD,160414,2025,import,82233939,13648811.00
BE,EXT_EU27_2020,160414,2020,import,25151494,6530908.00
BE,EXT_EU27_2020,160414,2021,import,28342729,7100878.00
BE,EXT_EU27_2020,160414,2022,import,37506108,8021729.00
BE,EXT_EU27_2020,160414,2023,import,39267727,7747574.00
BE,EXT_EU27_2020,160414,2024,import,42631084,9195052.00
BE,EXT_EU27_2020,160414,2025,import,40535102,9461136.00
BE,VN,160414,2020,import,1123731,311849.00
BE,VN,160414,2021,import,1068341,294185.00
BE,VN,160414,2022,import,1066260,257415.00
BE,VN,160414,2023,import,1312737,353763.00
BE,VN,160414,2024,import,1134501,298740.00
BE,VN,160414,2025,import,624489,179865.00
BE,WORLD,160414,2020,import,86415767,18553855.00
BE,WORLD,160414,2021,import,85322028,18651747.00
BE,WORLD,160414,2022,import,96809974,19294643.00
BE,WORLD,160414,2023,import,111612547,20228794.00
BE,WORLD,160414,2024,import,104090331,19520671.00
BE,WORLD,160414,2025,import,102934987,19871812.00
BG,EXT_EU27_2020,160414,2020,import,2255301,760823.00
BG,EXT_EU27_2020,160414,2021,import,2367126,802002.00
BG,EXT_EU27_2020,160414,2022,import,1608364,425432.00
BG,EXT_EU27_2020,160414,2023,import,1204922,302920.00
BG,EXT_EU27_2020,160414,2024,import,2541007,677409.00
BG,EXT_EU27_2020,160414,2025,import,2379325,661161.00
BG,VN,160414,2020,import,785842,300352.00
BG,VN,160414,2021,import,812544,288105.00
BG,VN,160414,2022,import,291299,87222.00
BG,VN,160414,2023,import,144053,33804.00
BG,VN,160414,2024,import,1115922,283026.00
BG,VN,160414,2025,import,839859,221360.00
BG,WORLD,160414,2020,import,5767883,1684473.00
BG,WORLD,160414,2021,import,5667901,1491885.00
BG,WORLD,160414,2022,import,7153716,1693522.00
BG,WORLD,160414,2023,import,7917646,1769278.00
BG,WORLD,160414,2024,import,8903826,1776960.00
BG,WORLD,160414,2025,import,10861044,2023992.00
CY,EXT_EU27_2020,160414,2020,import,5389118,1255758.00
CY,EXT_EU27_2020,160414,2021,import,3223331,754681.00
CY,EXT_EU27_2020,160414,2022,import,5760413,1134069.00
CY,EXT_EU27_2020,160414,2023,import,5551967,1090130.00
CY,EXT_EU27_2020,160414,2024,import,6039308,1230034.00
CY,EXT_EU27_2020,160414,2025,import,6373928,1302901.00
CY,VN,160414,2020,import,330110,80525.00
CY,VN,160414,2021,import,1010241,252502.00
CY,VN,160414,2022,import,3917177,803775.00
CY,VN,160414,2023,import,2168185,453326.00
CY,VN,160414,2024,import,3277305,694601.00
CY,VN,160414,2025,import,3502518,741947.00
CY,WORLD,160414,2020,import,7485419,1730687.00
CY,WORLD,160414,2021,import,5365066,1159587.00
CY,WORLD,160414,2022,import,9094813,1894744.00
CY,WORLD,160414,2023,import,9610799,1700667.00
CY,WORLD,160414,2024,import,10947883,1860504.00
CY,WORLD,160414,2025,import,11934985,2022898.00
CZ,EXT_EU27_2020,160414,2020,import,7290987,2111237.00
CZ,EXT_EU27_2020,160414,2021,import,7101619,1962118.00
CZ,EXT_EU27_2020,160414,2022,import,7649903,1677017.00
CZ,EXT_EU27_2020,160414,2023,import,12196206,2582724.00
CZ,EXT_EU27_2020,160414,2024,import,13139272,2924594.00
CZ,EXT_EU27_2020,160414,2025,import,17034717,3976348.00
CZ,VN,160414,2020,import,196451,67049.00
CZ,VN,160414,2021,import,732953,229262.00
CZ,VN,160414,2022,import,1040006,274359.00
CZ,VN,160414,2023,import,1667819,417966.00
CZ,VN,160414,2024,import,1482963,361150.00
CZ,VN,160414,2025,import,954810,238723.00
CZ,WORLD,160414,2020,import,39151125,8212931.00
CZ,WORLD,160414,2021,import,39181877,7861300.00
CZ,WORLD,160414,2022,import,44619181,8026346.00
CZ,WORLD,160414,2023,import,49968794,8290795.00
CZ,WORLD,160414,2024,import,54929754,9376384.00
CZ,WORLD,160414,2025,import,61810539,11075110.00
DE,EXT_EU27_2020,160414,2020,import,239401633,68048501.00
DE,EXT_EU27_2020,160414,2021,import,160643855,46637147.00
DE,EXT_EU27_2020,160414,2022,import,241358600,55236476.00
DE,EXT_EU27_2020,160414,2023,import,227307633,49829539.00
DE,EXT_EU27_2020,160414,2024,import,265349551,58007365.00
DE,EXT_EU27_2020,160414,2025,import,270573241,63212129.00
DE,VN,160414,2020,import,14372918,4828020.00
DE,VN,160414,2021,import,12243673,3958803.00
DE,VN,160414,2022,import,16202179,4207287.00
DE,VN,160414,2023,import,12938827,3616038.00
DE,VN,160414,2024,import,11675414,3144007.00
DE,VN,160414,2025,import,11763089,3145106.00
DE,WORLD,160414,2020,import,416310907,105443374.00
DE,WORLD,160414,2021,import,309580610,78202259.00
DE,WORLD,160414,2022,import,443211459,94878786.00
DE,WORLD,160414,2023,import,406057611,80306080.00
DE,WORLD,160414,2024,import,415936684,85342382.00
DE,WORLD,160414,2025,import,464225706,99203452.00
DK,EXT_EU27_2020,160414,2020,import,21655809,5278045.00
DK,EXT_EU27_2020,160414,2021,import,15820938,3903175.00
DK,EXT_EU27_2020,160414,2022,import,15849843,3411701.00
DK,EXT_EU27_2020,160414,2023,import,17012579,3599748.00
DK,EXT_EU27_2020,160414,2024,import,25136648,5263367.00
DK,EXT_EU27_2020,160414,2025,import,26467838,5855973.00
DK,VN,160414,2020,import,344907,92904.00
DK,VN,160414,2021,import,676317,190598.00
DK,VN,160414,2022,import,2056908,447945.00
DK,VN,160414,2023,import,1759987,384301.00
DK,VN,160414,2024,import,2607886,540632.00
DK,VN,160414,2025,import,1794924,363727.00
DK,WORLD,160414,2020,import,29099586,6991006.00
DK,WORLD,160414,2021,import,27215580,6447484.00
DK,WORLD,160414,2022,import,30542943,6608354.00
DK,WORLD,160414,2023,import,34254552,6754450.00
DK,WORLD,160414,2024,import,41836484,8223063.00
DK,WORLD,160414,2025,import,46615421,9496451.00
EE,EXT_EU27_2020,160414,2020,import,867978,240839.00
EE,EXT_EU27_2020,160414,2021,import,349380,96668.00
EE,EXT_EU27_2020,160414,2022,import,363863,75431.00
EE,EXT_EU27_2020,160414,2023,import,411665,86164.00
EE,EXT_EU27_2020,160414,2024,import,653291,160752.00
EE,EXT_EU27_2020,160414,2025,import,809464,199426.00
EE,WORLD,160414,2020,import,1980680,492004.00
EE,WORLD,160414,2021,import,1421692,330248.00
EE,WORLD,160414,2022,import,1762316,339265.00
EE,WORLD,160414,2023,import,2006117,371856.00
EE,WORLD,160414,2024,import,2187542,432523.00
EE,WORLD,160414,2025,import,2918493,600291.00
ES,EXT_EU27_2020,160414,2020,import,508733724,130644641.00
ES,EXT_EU27_2020,160414,2021,import,513308599,128276567.00
ES,EXT_EU27_2020,160414,2022,import,760367282,150269924.00
ES,EXT_EU27_2020,160414,2023,import,682139104,127489254.00
ES,EXT_EU27_2020,160414,2024,import,767756409,153323472.00
ES,EXT_EU27_2020,160414,2025,import,824576980,170220467.00
ES,VN,160414,2020,import,13378271,3511371.00
ES,VN,160414,2021,import,12705938,2886007.00
ES,VN,160414,2022,import,10212649,2421318.00
ES,VN,160414,2023,import,10774084,2200534.00
ES,VN,160414,2024,import,2736292,528569.00
ES,VN,160414,2025,import,11120927,2519724.00
ES,WORLD,160414,2020,import,540925429,138681100.00
ES,WORLD,160414,2021,import,550205312,138464918.00
ES,WORLD,160414,2022,import,842491198,165871320.00
ES,WORLD,160414,2023,import,755690700,141351012.00
ES,WORLD,160414,2024,import,858349430,173530994.00
ES,WORLD,160414,2025,import,929684375,190376652.00
EU27_2020,AD,160414,2024,import,75,4.00
EU27_2020,AE,160414,2025,import,95,90.00
EU27_2020,AL,160414,2024,import,1453714,432435.00
EU27_2020,AL,160414,2025,import,1666710,507977.00
EU27_2020,AT,160414,2024,import,5513261,979603.00
EU27_2020,AT,160414,2025,import,4588986,762123.00
EU27_2020,AU,160414,2025,import,42,11.00
EU27_2020,AZ,160414,2025,import,476,62.00
EU27_2020,BE,160414,2024,import,11546308,1926413.00
EU27_2020,BE,160414,2025,import,12474965,2109455.00
EU27_2020,BG,160414,2024,import,807833,131168.00
EU27_2020,BG,160414,2025,import,722310,103298.00
EU27_2020,BJ,160414,2025,import,1,
EU27_2020,BN,160414,2025,import,16,1.00
EU27_2020,BR,160414,2024,import,98,21.00
EU27_2020,BR,160414,2025,import,304,4.00
EU27_2020,CA,160414,2024,import,277,2.00
EU27_2020,CH,160414,2024,import,5003,354.00
EU27_2020,CH,160414,2025,import,631,44.00
EU27_2020,CI,160414,2024,import,58929700,11038033.00
EU27_2020,CI,160414,2025,import,56341033,11413051.00
EU27_2020,CL,160414,2024,import,35,4.00
EU27_2020,CL,160414,2025,import,85,21.00
EU27_2020,CN,160414,2024,import,167999871,42217946.00
EU27_2020,CN,160414,2025,import,151684446,37442894.00
EU27_2020,CO,160414,2024,import,70422272,12546524.00
EU27_2020,CO,160414,2025,import,47378229,9013349.00
EU27_2020,CR,160414,2024,import,68584,4187.00
EU27_2020,CR,160414,2025,import,20,
EU27_2020,CV,160414,2024,import,23628252,3417320.00
EU27_2020,CV,160414,2025,import,25825766,3688935.00
EU27_2020,CY,160414,2024,import,503,44.00
EU27_2020,CY,160414,2025,import,762,123.00
EU27_2020,CZ,160414,2024,import,13873422,1989923.00
EU27_2020,CZ,160414,2025,import,13953241,1997540.00
EU27_2020,DE,160414,2024,import,129997241,24093674.00
EU27_2020,DE,160414,2025,import,124391683,22505297.00
EU27_2020,DK,160414,2024,import,1422842,211642.00
EU27_2020,DK,160414,2025,import,1505984,220007.00
EU27_2020,DZ,160414,2024,import,10,4.00
EU27_2020,DZ,160414,2025,import,63,4.00
EU27_2020,EC,160414,2024,import,821599689,169748495.00
EU27_2020,EC,160414,2025,import,947492401,201559035.00
EU27_2020,EE,160414,2024,import,72224,15516.00
EU27_2020,EE,160414,2025,import,281232,42703.00
EU27_2020,EH,160414,2025,import,26214,2700.00
EU27_2020,ES,160414,2024,import,768404440,110553897.00
EU27_2020,ES,160414,2025,import,843620258,127512334.00
EU27_2020,EXT_EU27_2020,160414,2020,import,1940664786,470325566.00
EU27_2020,EXT_EU27_2020,160414,2021,import,1774120676,427680326.00
EU27_2020,EXT_EU27_2020,160414,2022,import,2245739893,439841874.00
EU27_2020,EXT_EU27_2020,160414,2023,import,2211110712,413773957.00
EU27_2020,EXT_EU27_2020,160414,2024,import,2366310591,468916261.00
EU27_2020,EXT_EU27_2020,160414,2025,import,2543179484,525246376.00
EU27_2020,FI,160414,2024,import,376245,27816.00
EU27_2020,FI,160414,2025,import,241745,21330.00
EU27_2020,FO,160414,2024,import,58,3.00
EU27_2020,FR,160414,2024,import,20959428,3856917.00
EU27_2020,FR,160414,2025,import,24270119,4472199.00
EU27_2020,GB,160414,2024,import,1172624,150618.00
EU27_2020,GB,160414,2025,import,1588798,205984.00
EU27_2020,GH,160414,2024,import,81528021,15796478.00
EU27_2020,GH,160414,2025,import,88417582,18191955.00
EU27_2020,GR,160414,2024,import,7678749,1064428.00
EU27_2020,GR,160414,2025,import,11505559,1752717.00
EU27_2020,GT,160414,2024,import,40920231,6761379.00
EU27_2020,GT,160414,2025,import,42254328,7113715.00
EU27_2020,HR,160414,2024,import,1110809,112281.00
EU27_2020,HR,160414,2025,import,1342193,135669.00
EU27_2020,HU,160414,2024,import,423112,71798.00
EU27_2020,HU,160414,2025,import,553081,82896.00
EU27_2020,ID,160414,2024,import,63330837,10979734.00
EU27_2020,ID,160414,2025,import,106372021,18593515.00
EU27_2020,IE,160414,2024,import,589259,88252.00
EU27_2020,IE,160414,2025,import,172012,23581.00
EU27_2020,IL,160414,2025,import,603,196.00
EU27_2020,IN,160414,2024,import,40724,6222.00
EU27_2020,IN,160414,2025,import,54391,9008.00
EU27_2020,INT_EU27_2020,160414,2024,import,1508092924,235766639.00
EU27_2020,INT_EU27_2020,160414,2025,import,1655195667,266768350.00
EU27_2020,IR,160414,2024,import,,
EU27_2020,IR,160414,2025,import,246,5.00
EU27_2020,IS,160414,2024,import,1074,127.00
EU27_2020,IS,160414,2025,import,648,61.00
EU27_2020,IT,160414,2024,import,174250956,21822749.00
EU27_2020,IT,160414,2025,import,178591359,24170473.00
EU27_2020,JP,160414,2024,import,1270,83.00
EU27_2020,JP,160414,2025,import,1306,78.00
EU27_2020,KR,160414,2024,import,351100,65465.00
EU27_2020,KR,160414,2025,import,351214,62217.00
EU27_2020,LK,160414,2024,import,18,3.00
EU27_2020,LK,160414,2025,import,15,5.00
EU27_2020,LT,160414,2024,import,1300967,199735.00
EU27_2020,LT,160414,2025,import,1541154,247017.00
EU27_2020,LU,160414,2024,import,147542,15621.00
EU27_2020,LU,160414,2025,import,77832,10288.00
EU27_2020,LV,160414,2024,import,3730735,545221.00
EU27_2020,LV,160414,2025,import,5299014,898492.00
EU27_2020,MA,160414,2024,import,3288006,465454.00
EU27_2020,MA,160414,2025,import,2203598,292023.00
EU27_2020,MG,160414,2024,import,45790049,9360835.00
EU27_2020,MG,160414,2025,import,36952094,7972728.00
EU27_2020,MR,160414,2024,import,103161,21840.00
EU27_2020,MT,160414,2024,import,216,33.00
EU27_2020,MT,160414,2025,import,16,1.00
EU27_2020,MU,160414,2024,import,156727316,30381041.00
EU27_2020,MU,160414,2025,import,152880305,31196385.00
EU27_2020,MV,160414,2024,import,11644950,2126610.00
EU27_2020,MV,160414,2025,import,9370535,1638236.00
EU27_2020,MX,160414,2025,import,902,19.00
EU27_2020,NC,160414,2024,import,304,26.00
EU27_2020,NG,160414,2024,import,10,6.00
EU27_2020,NG,160414,2025,import,15,2.00
EU27_2020,NI,160414,2024,import,31449,6814.00
EU27_2020,NI,160414,2025,import,122603,25920.00
EU27_2020,NL,160414,2024,import,216021353,39304754.00
EU27_2020,NL,160414,2025,import,271817542,51584535.00
EU27_2020,NO,160414,2024,import,8049,818.00
EU27_2020,NO,160414,2025,import,69,16.00
EU27_2020,PA,160414,2024,import,640450,124435.00
EU27_2020,PA,160414,2025,import,1416186,258159.00
EU27_2020,PE,160414,2024,import,25522361,4848291.00
EU27_2020,PE,160414,2025,import,34057659,6428528.00
EU27_2020,PG,160414,2024,import,217339872,41977001.00
EU27_2020,PG,160414,2025,import,200008570,42538295.00
EU27_2020,PH,160414,2024,import,183640802,38623860.00
EU27_2020,PH,160414,2025,import,188684554,42637129.00
EU27_2020,PL,160414,2024,import,5786825,877183.00
EU27_2020,PL,160414,2025,import,6019426,1027060.00
EU27_2020,PT,160414,2024,import,137612034,26720475.00
EU27_2020,PT,160414,2025,import,143977754,25699934.00
EU27_2020,QW,160414,2024,import,16811,4393.00
EU27_2020,QW,160414,2025,import,215176,39907.00
EU27_2020,RO,160414,2024,import,979687,156601.00
EU27_2020,RO,160414,2025,import,527033,41672.00
EU27_2020,SA,160414,2024,import,18,4.00
EU27_2020,SB,160414,2024,import,79031754,12342300.00
EU27_2020,SB,160414,2025,import,60583720,10531480.00
EU27_2020,SC,160414,2024,import,148331767,23421594.00
EU27_2020,SC,160414,2025,import,179359746,30729070.00
EU27_2020,SE,160414,2024,import,1594509,234444.00
EU27_2020,SE,160414,2025,import,1586696,223395.00
EU27_2020,SG,160414,2025,import,4236,29.00
EU27_2020,SI,160414,2024,import,2456287,564695.00
EU27_2020,SI,160414,2025,import,3694959,778064.00
EU27_2020,SK,160414,2024,import,1436137,201756.00
EU27_2020,SK,160414,2025,import,2438752,346147.00
EU27_2020,SN,160414,2024,import,1907032,367898.00
EU27_2020,SN,160414,2025,import,46144,16220.00
EU27_2020,SV,160414,2024,import,63198729,10335145.00
EU27_2020,SV,160414,2025,import,79593022,14608511.00
EU27_2020,TH,160414,2024,import,33949805,6838310.00
EU27_2020,TH,160414,2025,import,48794875,10420389.00
EU27_2020,TN,160414,2024,import,775749,63422.00
EU27_2020,TN,160414,2025,import,915771,115671.00
EU27_2020,TR,160414,2024,import,2514126,525197.00
EU27_2020,TR,160414,2025,import,1992832,397593.00
EU27_2020,TW,160414,2024,import,76851,18801.00
EU27_2020,TW,160414,2025,import,28898,3065.00
EU27_2020,UA,160414,2024,import,4,
EU27_2020,US,160414,2024,import,54603,11214.00
EU27_2020,US,160414,2025,import,1572,79.00
EU27_2020,VN,160414,2020,import,40829801,12019137.00
EU27_2020,VN,160414,2021,import,45450509,11781620.00
EU27_2020,VN,160414,2022,import,70662170,15992934.00
EU27_2020,VN,160414,2023,import,63203929,14925455.00
EU27_2020,VN,160414,2024,import,60263014,13885508.00
EU27_2020,VN,160414,2025,import,76474596,17590174.00
EU27_2020,XS,160414,2025,import,14122,1831.00
EU27_2020,ZA,160414,2024,import,12,3.00
FI,EXT_EU27_2020,160414,2020,import,22323213,5775640.00
FI,EXT_EU27_2020,160414,2021,import,18986611,4988036.00
FI,EXT_EU27_2020,160414,2022,import,27845614,5937114.00
FI,EXT_EU27_2020,160414,2023,import,20840247,4261970.00
FI,EXT_EU27_2020,160414,2024,import,21229548,4481760.00
FI,EXT_EU27_2020,160414,2025,import,21805633,4884256.00
FI,VN,160414,2020,import,962656,284656.00
FI,VN,160414,2021,import,1248971,387738.00
FI,VN,160414,2022,import,2015091,501272.00
FI,VN,160414,2023,import,2072628,517867.00
FI,VN,160414,2024,import,2952040,720687.00
FI,VN,160414,2025,import,2414995,631793.00
FI,WORLD,160414,2020,import,33849619,8071932.00
FI,WORLD,160414,2021,import,29333693,7073657.00
FI,WORLD,160414,2022,import,40324713,8023489.00
FI,WORLD,160414,2023,import,33710564,6081891.00
FI,WORLD,160414,2024,import,39914304,7420539.00
FI,WORLD,160414,2025,import,44729221,8668710.00
FR,EXT_EU27_2020,160414,2020,import,251685429,56249909.00
FR,EXT_EU27_2020,160414,2021,import,247096045,54507567.00
FR,EXT_EU27_2020,160414,2022,import,316712335,60377651.00
FR,EXT_EU27_2020,160414,2023,import,339507494,61270518.00
FR,EXT_EU27_2020,160414,2024,import,285731460,54989998.00
FR,EXT_EU27_2020,160414,2025,import,311495149,61663197.00
FR,VN,160414,2020,import,47707,15252.00
FR,VN,160414,2021,import,1067119,316133.00
FR,VN,160414,2022,import,2121104,554350.00
FR,VN,160414,2023,import,1169447,312674.00
FR,VN,160414,2024,import,1257044,323149.00
FR,VN,160414,2025,import,419942,99958.00
FR,WORLD,160414,2020,import,484750825,100097965.00
FR,WORLD,160414,2021,import,452854377,94934415.00
FR,WORLD,160414,2022,import,524906129,98333359.00
FR,WORLD,160414,2023,import,548934292,94082071.00
FR,WORLD,160414,2024,import,523829490,92039244.00
FR,WORLD,160414,2025,import,559400423,101196778.00
GR,EXT_EU27_2020,160414,2020,import,14044174,3150008.00
GR,EXT_EU27_2020,160414,2021,import,12414053,2719358.00
GR,EXT_EU27_2020,160414,2022,import,16805778,3254499.00
GR,EXT_EU27_2020,160414,2023,import,11503608,2288226.00
GR,EXT_EU27_2020,160414,2024,import,12560993,2496912.00
GR,EXT_EU27_2020,160414,2025,import,14228675,3189419.00
GR,VN,160414,2021,import,62653,14776.00
GR,VN,160414,2022,import,851422,170496.00
GR,VN,160414,2023,import,1612059,408009.00
GR,VN,160414,2024,import,1356662,345406.00
GR,VN,160414,2025,import,2076119,627336.00
GR,WORLD,160414,2020,import,38259393,7061295.00
GR,WORLD,160414,2021,import,37868536,6839255.00
GR,WORLD,160414,2022,import,45829230,7431603.00
GR,WORLD,160414,2023,import,41360595,6237472.00
GR,WORLD,160414,2024,import,43741032,6335033.00
GR,WORLD,160414,2025,import,46621116,7430977.00
HR,EXT_EU27_2020,160414,2020,import,1810871,555734.00
HR,EXT_EU27_2020,160414,2021,import,707538,198367.00
HR,EXT_EU27_2020,160414,2022,import,1750102,402097.00
HR,EXT_EU27_2020,160414,2023,import,1886107,424637.00
HR,EXT_EU27_2020,160414,2024,import,2670416,628239.00
HR,EXT_EU27_2020,160414,2025,import,3384577,774571.00
HR,VN,160414,2021,import,36162,10128.00
HR,VN,160414,2022,import,486562,134322.00
HR,VN,160414,2023,import,785971,193533.00
HR,VN,160414,2024,import,626690,157151.00
HR,VN,160414,2025,import,196855,48041.00
HR,WORLD,160414,2020,import,19114631,3689480.00
HR,WORLD,160414,2021,import,19627729,3776332.00
HR,WORLD,160414,2022,import,20363888,3647813.00
HR,WORLD,160414,2023,import,24077336,3714576.00
HR,WORLD,160414,2024,import,31275078,4855951.00
HR,WORLD,160414,2025,import,32663934,5333160.00
HU,EXT_EU27_2020,160414,2020,import,559870,180052.00
HU,EXT_EU27_2020,160414,2021,import,159785,48799.00
HU,EXT_EU27_2020,160414,2022,import,634635,164375.00
HU,EXT_EU27_2020,160414,2023,import,1028678,226897.00
HU,EXT_EU27_2020,160414,2024,import,695697,158218.00
HU,EXT_EU27_2020,160414,2025,import,1054963,225075.00
HU,VN,160414,2023,import,235134,63098.00
HU,VN,160414,2024,import,289767,63668.00
HU,VN,160414,2025,import,298983,63875.00
HU,WORLD,160414,2020,import,17792852,3289946.00
HU,WORLD,160414,2021,import,17552039,3360671.00
HU,WORLD,160414,2022,import,20365278,3683885.00
HU,WORLD,160414,2023,import,20890695,3211768.00
HU,WORLD,160414,2024,import,19257014,3029264.00
HU,WORLD,160414,2025,import,21264301,3281250.00
IE,EXT_EU27_2020,160414,2020,import,19264503,4234465.00
IE,EXT_EU27_2020,160414,2021,import,13763124,3373103.00
IE,EXT_EU27_2020,160414,2022,import,14037515,2840275.00
IE,EXT_EU27_2020,160414,2023,import,14827473,2900585.00
IE,EXT_EU27_2020,160414,2024,import,19719428,3949697.00
IE,EXT_EU27_2020,160414,2025,import,21608329,4469296.00
IE,WORLD,160414,2020,import,26130671,5640509.00
IE,WORLD,160414,2021,import,18976718,4240505.00
IE,WORLD,160414,2022,import,20099500,3903087.00
IE,WORLD,160414,2023,import,21403220,3761213.00
IE,WORLD,160414,2024,import,26699464,5069989.00
IE,WORLD,160414,2025,import,27989453,6910092.00
IT,EXT_EU27_2020,160414,2020,import,431886607,78605841.00
IT,EXT_EU27_2020,160414,2021,import,405139656,75755400.00
IT,EXT_EU27_2020,160414,2022,import,511692915,81098030.00
IT,EXT_EU27_2020,160414,2023,import,506584330,77600119.00
IT,EXT_EU27_2020,160414,2024,import,479992137,75611371.00
IT,EXT_EU27_2020,160414,2025,import,482267671,79994563.00
IT,VN,160414,2020,import,2503040,414540.00
IT,VN,160414,2021,import,8357719,1376306.00
IT,VN,160414,2022,import,14303129,2386056.00
IT,VN,160414,2023,import,8673158,1680197.00
IT,VN,160414,2024,import,9619783,1630152.00
IT,VN,160414,2025,import,9123540,1564970.00
IT,WORLD,160414,2020,import,696576149,125213091.00
IT,WORLD,160414,2021,import,661844291,120981233.00
IT,WORLD,160414,2022,import,829534926,130148756.00
IT,WORLD,160414,2023,import,886275764,131550927.00
IT,WORLD,160414,2024,import,878527670,127251320.00
IT,WORLD,160414,2025,import,903157652,140748147.00
LT,EXT_EU27_2020,160414,2020,import,940118,244955.00
LT,EXT_EU27_2020,160414,2021,import,591431,129743.00
LT,EXT_EU27_2020,160414,2022,import,1549257,331380.00
LT,EXT_EU27_2020,160414,2023,import,1477016,296796.00
LT,EXT_EU27_2020,160414,2024,import,1572948,314545.00
LT,EXT_EU27_2020,160414,2025,import,218751,63851.00
LT,VN,160414,2021,import,49215,15473.00
LT,VN,160414,2022,import,181867,38707.00
LT,VN,160414,2023,import,329197,59103.00
LT,VN,160414,2024,import,185985,58134.00
LT,VN,160414,2025,import,113503,38184.00
LT,WORLD,160414,2020,import,4645704,948756.00
LT,WORLD,160414,2021,import,4302216,810644.00
LT,WORLD,160414,2022,import,5921747,1078457.00
LT,WORLD,160414,2023,import,6004181,962382.00
LT,WORLD,160414,2024,import,7206165,1176791.00
LT,WORLD,160414,2025,import,6835470,1271827.00
LU,EXT_EU27_2020,160414,2020,import,44516,16320.00
LU,WORLD,160414,2020,import,6193143,777139.00
LU,WORLD,160414,2021,import,5899544,742306.00
LU,WORLD,160414,2022,import,6781728,839285.00
LU,WORLD,160414,2023,import,6643481,801415.00
LU,WORLD,160414,2024,import,7385335,916002.00
LU,WORLD,160414,2025,import,7011092,867323.00
LV,EXT_EU27_2020,160414,2020,import,799600,139933.00
LV,EXT_EU27_2020,160414,2021,import,960105,193574.00
LV,EXT_EU27_2020,160414,2022,import,1377069,252845.00
LV,EXT_EU27_2020,160414,2023,import,823695,157409.00
LV,EXT_EU27_2020,160414,2024,import,1710114,334058.00
LV,EXT_EU27_2020,160414,2025,import,1999016,408968.00
LV,VN,160414,2020,import,60299,15540.00
LV,VN,160414,2021,import,70677,18408.00
LV,VN,160414,2022,import,453605,91661.00
LV,VN,160414,2023,import,284884,61440.00
LV,VN,160414,2024,import,139803,31813.00
LV,VN,160414,2025,import,129219,30451.00
LV,WORLD,160414,2020,import,2376340,423886.00
LV,WORLD,160414,2021,import,2939186,522763.00
LV,WORLD,160414,2022,import,3447411,604019.00
LV,WORLD,160414,2023,import,3416036,581050.00
LV,WORLD,160414,2024,import,4643209,786832.00
LV,WORLD,160414,2025,import,5395558,929665.00
MT,EXT_EU27_2020,160414,2020,import,5449640,1366780.00
MT,EXT_EU27_2020,160414,2021,import,4550068,1165388.00
MT,EXT_EU27_2020,160414,2022,import,5943213,1207157.00
MT,EXT_EU27_2020,160414,2023,import,5425384,1103872.00
MT,EXT_EU27_2020,160414,2024,import,7653330,1591135.00
MT,EXT_EU27_2020,160414,2025,import,6170777,1372960.00
MT,VN,160414,2021,import,202273,47519.00
MT,VN,160414,2022,import,205162,47401.00
MT,VN,160414,2023,import,603283,131779.00
MT,VN,160414,2024,import,328834,76068.00
MT,VN,160414,2025,import,213359,47812.00
MT,WORLD,160414,2020,import,10871287,2099730.00
MT,WORLD,160414,2021,import,9098649,1737932.00
MT,WORLD,160414,2022,import,11289181,1851330.00
MT,WORLD,160414,2023,import,10760485,1753282.00
MT,WORLD,160414,2024,import,13870557,2291615.00
MT,WORLD,160414,2025,import,12218449,2082317.00
NL,EXT_EU27_2020,160414,2020,import,295329423,80367551.00
NL,EXT_EU27_2020,160414,2021,import,260725253,71353969.00
NL,EXT_EU27_2020,160414,2022,import,180771227,40223579.00
NL,EXT_EU27_2020,160414,2023,import,226488583,47634466.00
NL,EXT_EU27_2020,160414,2024,import,285694896,60951840.00
NL,EXT_EU27_2020,160414,2025,import,356721461,79466695.00
NL,VN,160414,2020,import,3479356,1145416.00
NL,VN,160414,2021,import,1004859,315739.00
NL,VN,160414,2022,import,4304798,1055861.00
NL,VN,160414,2023,import,9633786,2320207.00
NL,VN,160414,2024,import,6118587,1430078.00
NL,VN,160414,2025,import,14311811,3027099.00
NL,WORLD,160414,2020,import,406546572,100468860.00
NL,WORLD,160414,2021,import,362988463,88696144.00
NL,WORLD,160414,2022,import,273721275,55372713.00
NL,WORLD,160414,2023,import,302592261,61250533.00
NL,WORLD,160414,2024,import,341213351,70773751.00
NL,WORLD,160414,2025,import,421187254,89606381.00
PL,EXT_EU27_2020,160414,2020,import,15143512,4447308.00
PL,EXT_EU27_2020,160414,2021,import,15791258,4759557.00
PL,EXT_EU27_2020,160414,2022,import,22499707,5194821.00
PL,EXT_EU27_2020,160414,2023,import,22062536,4946835.00
PL,EXT_EU27_2020,160414,2024,import,30224854,6658139.00
PL,EXT_EU27_2020,160414,2025,import,27594422,6457894.00
PL,VN,160414,2020,import,185768,54903.00
PL,VN,160414,2021,import,883889,257065.00
PL,VN,160414,2022,import,1301017,307758.00
PL,VN,160414,2023,import,2314966,542468.00
PL,VN,160414,2024,import,6250881,1438129.00
PL,VN,160414,2025,import,1483629,356755.00
PL,WORLD,160414,2020,import,40973572,12108372.00
PL,WORLD,160414,2021,import,46437731,11297515.00
PL,WORLD,160414,2022,import,55575567,11740052.00
PL,WORLD,160414,2023,import,58312969,11424150.00
PL,WORLD,160414,2024,import,76086278,14251074.00
PL,WORLD,160414,2025,import,79713878,15606556.00
PT,EXT_EU27_2020,160414,2020,import,41820105,12357162.00
PT,EXT_EU27_2020,160414,2021,import,39666846,12883848.00
PT,EXT_EU27_2020,160414,2022,import,44773708,12002076.00
PT,EXT_EU27_2020,160414,2023,import,47418279,12429968.00
PT,EXT_EU27_2020,160414,2024,import,57027525,18123195.00
PT,EXT_EU27_2020,160414,2025,import,66954056,18510037.00
PT,VN,160414,2020,import,752174,217875.00
PT,VN,160414,2021,import,780025,226380.00
PT,VN,160414,2022,import,4165084,930465.00
PT,VN,160414,2023,import,455720,97920.00
PT,VN,160414,2024,import,214936,50000.00
PT,VN,160414,2025,import,8483153,2019900.00
PT,WORLD,160414,2020,import,116695494,27028103.00
PT,WORLD,160414,2021,import,101907600,25311542.00
PT,WORLD,160414,2022,import,132121585,27347636.00
PT,WORLD,160414,2023,import,158674485,30768881.00
PT,WORLD,160414,2024,import,160359560,35203375.00
PT,WORLD,160414,2025,import,193847216,39294051.00
RO,EXT_EU27_2020,160414,2020,import,5210834,1432947.00
RO,EXT_EU27_2020,160414,2021,import,4444681,1213292.00
RO,EXT_EU27_2020,160414,2022,import,4950897,1130491.00
RO,EXT_EU27_2020,160414,2023,import,3921754,943701.00
RO,EXT_EU27_2020,160414,2024,import,5213691,1215220.00
RO,EXT_EU27_2020,160414,2025,import,7409255,1724033.00
RO,VN,160414,2020,import,1053086,287357.00
RO,VN,160414,2021,import,1332201,374430.00
RO,VN,160414,2022,import,2364377,541402.00
RO,VN,160414,2023,import,1960532,490394.00
RO,VN,160414,2024,import,2520737,592242.00
RO,VN,160414,2025,import,3207704,753731.00
RO,WORLD,160414,2020,import,31162659,6456453.00
RO,WORLD,160414,2021,import,33188107,6728714.00
RO,WORLD,160414,2022,import,34478461,6758151.00
RO,WORLD,160414,2023,import,38335876,6468337.00
RO,WORLD,160414,2024,import,42841396,7510213.00
RO,WORLD,160414,2025,import,39936327,6640378.00
SE,EXT_EU27_2020,160414,2020,import,18595594,4843436.00
SE,EXT_EU27_2020,160414,2021,import,14265946,3777236.00
SE,EXT_EU27_2020,160414,2022,import,18496542,3958660.00
SE,EXT_EU27_2020,160414,2023,import,16282567,3243338.00
SE,EXT_EU27_2020,160414,2024,import,19577326,4008037.00
SE,EXT_EU27_2020,160414,2025,import,19226230,4188272.00
SE,VN,160414,2020,import,420262,141220.00
SE,VN,160414,2021,import,427193,127948.00
SE,VN,160414,2022,import,1142160,250055.00
SE,VN,160414,2023,import,950246,224085.00
SE,VN,160414,2024,import,1520913,337531.00
SE,VN,160414,2025,import,1190547,255156.00
SE,WORLD,160414,2020,import,30638492,7295907.00
SE,WORLD,160414,2021,import,21829975,5306057.00
SE,WORLD,160414,2022,import,29175781,6053440.00
SE,WORLD,160414,2023,import,29896003,5630428.00
SE,WORLD,160414,2024,import,33909936,6625548.00
SE,WORLD,160414,2025,import,33897475,6689630.00
SI,EXT_EU27_2020,160414,2020,import,585666,199347.00
SI,EXT_EU27_2020,160414,2021,import,538561,159773.00
SI,EXT_EU27_2020,160414,2022,import,776632,203936.00
SI,EXT_EU27_2020,160414,2023,import,983250,194934.00
SI,EXT_EU27_2020,160414,2024,import,1106352,260623.00
SI,EXT_EU27_2020,160414,2025,import,826625,188123.00
SI,VN,160414,2020,import,124969,45288.00
SI,VN,160414,2021,import,209927,68376.00
SI,VN,160414,2022,import,377215,109813.00
SI,VN,160414,2024,import,107245,30192.00
SI,WORLD,160414,2020,import,20497345,3505295.00
SI,WORLD,160414,2021,import,20261083,3520725.00
SI,WORLD,160414,2022,import,23143451,3539671.00
SI,WORLD,160414,2023,import,23150430,3154869.00
SI,WORLD,160414,2024,import,26405047,3401608.00
SI,WORLD,160414,2025,import,27590147,3668450.00
SK,EXT_EU27_2020,160414,2020,import,2077419,588829.00
SK,EXT_EU27_2020,160414,2021,import,1597865,432700.00
SK,EXT_EU27_2020,160414,2022,import,1724328,341674.00
SK,EXT_EU27_2020,160414,2023,import,1647100,336337.00
SK,EXT_EU27_2020,160414,2024,import,2785631,561959.00
SK,EXT_EU27_2020,160414,2025,import,2384369,536314.00
SK,VN,160414,2021,import,58418,15987.00
SK,VN,160414,2022,import,124970,31968.00
SK,VN,160414,2023,import,402573,96624.00
SK,VN,160414,2024,import,544147,127377.00
SK,VN,160414,2025,import,584016,139449.00
SK,WORLD,160414,2020,import,15788031,3313093.00
SK,WORLD,160414,2021,import,14715755,2854347.00
SK,WORLD,160414,2022,import,19052884,3296370.00
SK,WORLD,160414,2023,import,19532946,3597205.00
SK,WORLD,160414,2024,import,22488390,3466894.00
SK,WORLD,160414,2025,import,21696696,3469565.00
AT,EXT_EU27_2020,160521,2020,import,320456,49025.00
AT,EXT_EU27_2020,160521,2021,import,132011,24505.00
AT,EXT_EU27_2020,160521,2022,import,625518,86558.00
AT,EXT_EU27_2020,160521,2023,import,306950,53043.00
AT,EXT_EU27_2020,160521,2024,import,137280,25104.00
AT,EXT_EU27_2020,160521,2025,import,261841,49204.00
AT,VN,160521,2020,import,320118,49017.00
AT,VN,160521,2021,import,132011,24505.00
AT,VN,160521,2022,import,625518,86558.00
AT,VN,160521,2023,import,306950,53043.00
AT,VN,160521,2024,import,136667,25084.00
AT,VN,160521,2025,import,261813,49204.00
AT,WORLD,160521,2020,import,11662609,1113685.00
AT,WORLD,160521,2021,import,15139880,1318271.00
AT,WORLD,160521,2022,import,15974309,1342968.00
AT,WORLD,160521,2023,import,12161881,1048961.00
AT,WORLD,160521,2024,import,11365429,1070023.00
AT,WORLD,160521,2025,import,13037818,1648314.00
BE,EXT_EU27_2020,160521,2020,import,25453602,3493773.00
BE,EXT_EU27_2020,160521,2021,import,21566153,3004511.00
BE,EXT_EU27_2020,160521,2022,import,36485880,4481276.00
BE,EXT_EU27_2020,160521,2023,import,19697180,2689448.00
BE,EXT_EU27_2020,160521,2024,import,20171301,2925389.00
BE,EXT_EU27_2020,160521,2025,import,26666665,4062855.00
BE,VN,160521,2020,import,16183183,2433429.00
BE,VN,160521,2021,import,10668889,1664328.00
BE,VN,160521,2022,import,21121054,2699957.00
BE,VN,160521,2023,import,9012125,1417537.00
BE,VN,160521,2024,import,12037924,1907280.00
BE,VN,160521,2025,import,14342157,2474418.00
BE,WORLD,160521,2020,import,43269976,5066852.00
BE,WORLD,160521,2021,import,39920874,4668561.00
BE,WORLD,160521,2022,import,59650539,6302123.00
BE,WORLD,160521,2023,import,42993121,4411388.00
BE,WORLD,160521,2024,import,39617073,4540264.00
BE,WORLD,160521,2025,import,44784820,5773097.00
BG,EXT_EU27_2020,160521,2021,import,1204,150.00
BG,EXT_EU27_2020,160521,2022,import,54348,5798.00
BG,EXT_EU27_2020,160521,2023,import,118899,19140.00
BG,EXT_EU27_2020,160521,2024,import,161079,28050.00
BG,EXT_EU27_2020,160521,2025,import,79843,14125.00
BG,VN,160521,2022,import,54348,5798.00
BG,VN,160521,2023,import,118899,19140.00
BG,VN,160521,2024,import,161079,28050.00
BG,VN,160521,2025,import,79843,14125.00
BG,WORLD,160521,2020,import,267492,25129.00
BG,WORLD,160521,2021,import,277488,29281.00
BG,WORLD,160521,2022,import,300012,33860.00
BG,WORLD,160521,2023,import,278498,38484.00
BG,WORLD,160521,2024,import,429255,70251.00
BG,WORLD,160521,2025,import,528004,70217.00
CY,EXT_EU27_2020,160521,2020,import,168789,26244.00
CY,EXT_EU27_2020,160521,2021,import,314693,48830.00
CY,EXT_EU27_2020,160521,2022,import,622016,79272.00
CY,EXT_EU27_2020,160521,2023,import,367741,54754.00
CY,EXT_EU27_2020,160521,2024,import,415107,64034.00
CY,EXT_EU27_2020,160521,2025,import,392019,54513.00
CY,VN,160521,2020,import,95078,15963.00
CY,VN,160521,2021,import,225699,37303.00
CY,VN,160521,2022,import,528317,68813.00
CY,VN,160521,2023,import,258491,41514.00
CY,VN,160521,2024,import,344145,54143.00
CY,VN,160521,2025,import,299233,40927.00
CY,WORLD,160521,2020,import,636012,90458.00
CY,WORLD,160521,2021,import,1017091,163890.00
CY,WORLD,160521,2022,import,1792138,210382.00
CY,WORLD,160521,2023,import,1252211,178428.00
CY,WORLD,160521,2024,import,1137527,160066.00
CY,WORLD,160521,2025,import,1482696,279405.00
CZ,EXT_EU27_2020,160521,2020,import,1259343,207818.00
CZ,EXT_EU27_2020,160521,2021,import,980681,153890.00
CZ,EXT_EU27_2020,160521,2022,import,1377273,179846.00
CZ,EXT_EU27_2020,160521,2023,import,852457,130158.00
CZ,EXT_EU27_2020,160521,2024,import,1768220,301147.00
CZ,EXT_EU27_2020,160521,2025,import,1649130,275488.00
CZ,VN,160521,2020,import,1056813,197022.00
CZ,VN,160521,2021,import,976296,153695.00
CZ,VN,160521,2022,import,1375518,179777.00
CZ,VN,160521,2023,import,788401,123117.00
CZ,VN,160521,2024,import,1693939,292157.00
CZ,VN,160521,2025,import,1553437,265551.00
CZ,WORLD,160521,2020,import,2308570,298098.00
CZ,WORLD,160521,2021,import,2247788,270940.00
CZ,WORLD,160521,2022,import,2882894,320464.00
CZ,WORLD,160521,2023,import,2557034,328856.00
CZ,WORLD,160521,2024,import,4572440,641483.00
CZ,WORLD,160521,2025,import,4117379,560887.00
DE,EXT_EU27_2020,160521,2020,import,40641405,4849340.00
DE,EXT_EU27_2020,160521,2021,import,38637533,4520107.00
DE,EXT_EU27_2020,160521,2022,import,49201931,5123163.00
DE,EXT_EU27_2020,160521,2023,import,33939726,4171453.00
DE,EXT_EU27_2020,160521,2024,import,39517057,5332755.00
DE,EXT_EU27_2020,160521,2025,import,53321939,7715023.00
DE,VN,160521,2020,import,18594753,2414110.00
DE,VN,160521,2021,import,18644565,2259657.00
DE,VN,160521,2022,import,31736950,3349099.00
DE,VN,160521,2023,import,21670035,2752518.00
DE,VN,160521,2024,import,22708714,3000993.00
DE,VN,160521,2025,import,30486342,3999022.00
DE,WORLD,160521,2020,import,104406381,11131245.00
DE,WORLD,160521,2021,import,92056927,9935062.00
DE,WORLD,160521,2022,import,91900419,9568977.00
DE,WORLD,160521,2023,import,77151396,8390054.00
DE,WORLD,160521,2024,import,91968712,10617898.00
DE,WORLD,160521,2025,import,115297261,14068204.00
DK,EXT_EU27_2020,160521,2020,import,51204685,7046792.00
DK,EXT_EU27_2020,160521,2021,import,47744465,7394465.00
DK,EXT_EU27_2020,160521,2022,import,54054888,7672384.00
DK,EXT_EU27_2020,160521,2023,import,58511985,8337803.00
DK,EXT_EU27_2020,160521,2024,import,59691137,8228570.00
DK,EXT_EU27_2020,160521,2025,import,50621591,6983432.00
DK,VN,160521,2020,import,10972608,1316819.00
DK,VN,160521,2021,import,12996520,1595454.00
DK,VN,160521,2022,import,13774144,1509873.00
DK,VN,160521,2023,import,9028581,1027508.00
DK,VN,160521,2024,import,9180337,1181307.00
DK,VN,160521,2025,import,11019773,1482857.00
DK,WORLD,160521,2020,import,56466589,7723190.00
DK,WORLD,160521,2021,import,54317008,8295466.00
DK,WORLD,160521,2022,import,63376470,8940198.00
DK,WORLD,160521,2023,import,63705676,8994102.00
DK,WORLD,160521,2024,import,66644371,9167974.00
DK,WORLD,160521,2025,import,60446868,8347422.00
EE,EXT_EU27_2020,160521,2022,import,752590,81974.00
EE,EXT_EU27_2020,160521,2023,import,972386,124012.00
EE,EXT_EU27_2020,160521,2024,import,386045,54696.00
EE,EXT_EU27_2020,160521,2025,import,812655,98184.00
EE,VN,160521,2022,import,79446,9590.00
EE,VN,160521,2023,import,42735,6000.00
EE,VN,160521,2024,import,39896,7080.00
EE,VN,160521,2025,import,20993,4040.00
EE,WORLD,160521,2020,import,946315,102098.00
EE,WORLD,160521,2021,import,1352297,171029.00
EE,WORLD,160521,2022,import,5735042,997100.00
EE,WORLD,160521,2023,import,7662272,1563195.00
EE,WORLD,160521,2024,import,3152159,497705.00
EE,WORLD,160521,2025,import,2818248,332379.00
ES,EXT_EU27_2020,160521,2020,import,13689694,1453313.00
ES,EXT_EU27_2020,160521,2021,import,13299331,1422273.00
ES,EXT_EU27_2020,160521,2022,import,18112600,1823884.00
ES,EXT_EU27_2020,160521,2023,import,10929747,1156335.00
ES,EXT_EU27_2020,160521,2024,import,13727932,1558195.00
ES,EXT_EU27_2020,160521,2025,import,18149730,2205215.00
ES,VN,160521,2020,import,1014585,157277.00
ES,VN,160521,2021,import,667378,94630.00
ES,VN,160521,2022,import,2723663,307328.00
ES,VN,160521,2023,import,1091078,156223.00
ES,VN,160521,2024,import,1849167,290096.00
ES,VN,160521,2025,import,3897189,641684.00
ES,WORLD,160521,2020,import,18757451,2153501.00
ES,WORLD,160521,2021,import,20531085,2474492.00
ES,WORLD,160521,2022,import,26676289,2936039.00
ES,WORLD,160521,2023,import,17182608,1946527.00
ES,WORLD,160521,2024,import,20689662,2470810.00
ES,WORLD,160521,2025,import,25394130,3386528.00
EU27_2020,AL,160521,2024,import,15822853,1166206.00
EU27_2020,AL,160521,2025,import,13660881,1156351.00
EU27_2020,AR,160521,2025,import,410,239.00
EU27_2020,AT,160521,2024,import,1264789,146573.00
EU27_2020,AT,160521,2025,import,1195159,117808.00
EU27_2020,AU,160521,2025,import,101,5.00
EU27_2020,BD,160521,2024,import,4145103,702380.00
EU27_2020,BD,160521,2025,import,4831158,879196.00
EU27_2020,BE,160521,2024,import,46583894,5135171.00
EU27_2020,BE,160521,2025,import,60922334,7578633.00
EU27_2020,BG,160521,2024,import,8235019,578993.00
EU27_2020,BG,160521,2025,import,5742715,403593.00
EU27_2020,CA,160521,2024,import,11583110,1322554.00
EU27_2020,CA,160521,2025,import,13295674,1652111.00
EU27_2020,CH,160521,2024,import,2512,404.00
EU27_2020,CL,160521,2025,import,242453,18450.00
EU27_2020,CN,160521,2024,import,1821982,221797.00
EU27_2020,CN,160521,2025,import,1024691,165774.00
EU27_2020,CY,160521,2024,import,20671,2880.00
EU27_2020,CY,160521,2025,import,8,1.00
EU27_2020,CZ,160521,2024,import,330064,26762.00
EU27_2020,CZ,160521,2025,import,420236,39054.00
EU27_2020,DE,160521,2024,import,12448531,1183284.00
EU27_2020,DE,160521,2025,import,14741059,1367366.00
EU27_2020,DK,160521,2024,import,54608958,6350096.00
EU27_2020,DK,160521,2025,import,55976734,6443486.00
EU27_2020,EC,160521,2024,import,5886426,612526.00
EU27_2020,EC,160521,2025,import,8423221,1000314.00
EU27_2020,EE,160521,2024,import,6823961,419730.00
EU27_2020,EE,160521,2025,import,8556808,516552.00
EU27_2020,ES,160521,2024,import,17147982,2090433.00
EU27_2020,ES,160521,2025,import,22548879,2891696.00
EU27_2020,EXT_EU27_2020,160521,2020,import,324491197,37165795.00
EU27_2020,EXT_EU27_2020,160521,2021,import,321905685,38182051.00
EU27_2020,EXT_EU27_2020,160521,2022,import,397105987,44266989.00
EU27_2020,EXT_EU27_2020,160521,2023,import,292790879,35682499.00
EU27_2020,EXT_EU27_2020,160521,2024,import,303974672,40190743.00
EU27_2020,EXT_EU27_2020,160521,2025,import,344907823,47037889.00
EU27_2020,FI,160521,2024,import,114834,8282.00
EU27_2020,FI,160521,2025,import,21458,2397.00
EU27_2020,FO,160521,2024,import,934303,145312.00
EU27_2020,FO,160521,2025,import,1685,106.00
EU27_2020,FR,160521,2024,import,11744621,1033437.00
EU27_2020,FR,160521,2025,import,12138436,1223522.00
EU27_2020,GB,160521,2024,import,3951199,437296.00
EU27_2020,GB,160521,2025,import,4900995,526458.00
EU27_2020,GH,160521,2024,import,63,9.00
EU27_2020,GL,160521,2024,import,389840,54800.00
EU27_2020,GL,160521,2025,import,669244,88851.00
EU27_2020,GR,160521,2024,import,517407,51445.00
EU27_2020,GR,160521,2025,import,933342,201151.00
EU27_2020,GT,160521,2024,import,3044271,277513.00
EU27_2020,GT,160521,2025,import,5648523,528195.00
EU27_2020,HK,160521,2024,import,34,1.00
EU27_2020,HN,160521,2024,import,14655424,1504600.00
EU27_2020,HN,160521,2025,import,13884230,1475908.00
EU27_2020,HR,160521,2024,import,373055,37885.00
EU27_2020,HR,160521,2025,import,422416,38937.00
EU27_2020,HU,160521,2024,import,10275,3059.00
EU27_2020,HU,160521,2025,import,16787,765.00
EU27_2020,ID,160521,2024,import,17130036,3369671.00
EU27_2020,ID,160521,2025,import,18329658,3904136.00
EU27_2020,IE,160521,2024,import,642076,68141.00
EU27_2020,IE,160521,2025,import,667059,95197.00
EU27_2020,IN,160521,2024,import,11348492,1691146.00
EU27_2020,IN,160521,2025,import,16967001,2433261.00
EU27_2020,INT_EU27_2020,160521,2024,import,253961871,27170212.00
EU27_2020,INT_EU27_2020,160521,2025,import,283605847,32145685.00
EU27_2020,IS,160521,2024,import,10067777,1450849.00
EU27_2020,IS,160521,2025,import,11322955,1620135.00
EU27_2020,IT,160521,2024,import,2363161,238136.00
EU27_2020,IT,160521,2025,import,3048220,311658.00
EU27_2020,JP,160521,2025,import,90,3.00
EU27_2020,KR,160521,2024,import,555,84.00
EU27_2020,KR,160521,2025,import,11,1.00
EU27_2020,LK,160521,2024,import,591477,87868.00
EU27_2020,LK,160521,2025,import,2371489,313263.00
EU27_2020,LT,160521,2024,import,765501,88111.00
EU27_2020,LT,160521,2025,import,1259614,185984.00
EU27_2020,LU,160521,2024,import,208222,14197.00
EU27_2020,LU,160521,2025,import,80126,5190.00
EU27_2020,LV,160521,2024,import,952684,121737.00
EU27_2020,LV,160521,2025,import,834803,114121.00
EU27_2020,MA,160521,2024,import,24120799,2597439.00
EU27_2020,MA,160521,2025,import,28188048,2944228.00
EU27_2020,MG,160521,2024,import,104,4.00
EU27_2020,MM,160521,2024,import,302553,27118.00
EU27_2020,MM,160521,2025,import,127386,15020.00
EU27_2020,MT,160521,2025,import,1,
EU27_2020,MY,160521,2024,import,90602,12054.00
EU27_2020,MY,160521,2025,import,6014,1369.00
EU27_2020,NL,160521,2024,import,73347838,7383696.00
EU27_2020,NL,160521,2025,import,77199241,8231337.00
EU27_2020,NO,160521,2024,import,45192784,5418057.00
EU27_2020,NO,160521,2025,import,47587116,5518888.00
EU27_2020,PA,160521,2024,import,54305,3700.00
EU27_2020,PH,160521,2024,import,3163,432.00
EU27_2020,PH,160521,2025,import,489,53.00
EU27_2020,PL,160521,2024,import,4675766,922326.00
EU27_2020,PL,160521,2025,import,3544604,741279.00
EU27_2020,PT,160521,2024,import,1069942,207220.00
EU27_2020,PT,160521,2025,import,1458912,298828.00
EU27_2020,QV,160521,2024,import,9317,1152.00
EU27_2020,QW,160521,2024,import,8797,960.00
EU27_2020,QW,160521,2025,import,1389,180.00
EU27_2020,RO,160521,2024,import,399376,49727.00
EU27_2020,RO,160521,2025,import,167117,16860.00
EU27_2020,SE,160521,2024,import,9138544,989568.00
EU27_2020,SE,160521,2025,import,11562625,1297466.00
EU27_2020,SI,160521,2024,import,157821,17297.00
EU27_2020,SI,160521,2025,import,113832,14911.00
EU27_2020,SK,160521,2024,import,7562,874.00
EU27_2020,SK,160521,2025,import,33322,7893.00
EU27_2020,SN,160521,2024,import,1051,80.00
EU27_2020,TH,160521,2024,import,1450796,180403.00
EU27_2020,TH,160521,2025,import,2049459,200417.00
EU27_2020,TN,160521,2025,import,244441,26478.00
EU27_2020,TR,160521,2024,import,11314,1991.00
EU27_2020,TR,160521,2025,import,16814,2970.00
EU27_2020,UA,160521,2025,import,840,134.00
EU27_2020,US,160521,2024,import,28026685,4099673.00
EU27_2020,US,160521,2025,import,26981326,3994549.00
EU27_2020,VN,160521,2020,import,90840488,12435297.00
EU27_2020,VN,160521,2021,import,88021512,11923044.00
EU27_2020,VN,160521,2022,import,147865398,17049454.00
EU27_2020,VN,160521,2023,import,87004247,11856525.00
EU27_2020,VN,160521,2024,import,103336262,14803816.00
EU27_2020,VN,160521,2025,import,124129925,18570845.00
EU27_2020,XS,160521,2025,import,106,1.00
FI,EXT_EU27_2020,160521,2020,import,8198665,876108.00
FI,EXT_EU27_2020,160521,2021,import,8441426,967512.00
FI,EXT_EU27_2020,160521,2022,import,8843621,963460.00
FI,EXT_EU27_2020,160521,2023,import,8530404,884431.00
FI,EXT_EU27_2020,160521,2024,import,8494373,980235.00
FI,EXT_EU27_2020,160521,2025,import,8975536,1058815.00
FI,VN,160521,2020,import,53883,3915.00
FI,VN,160521,2021,import,15241,1500.00
FI,VN,160521,2022,import,103214,12537.00
FI,VN,160521,2023,import,15438,1500.00
FI,VN,160521,2024,import,19136,2254.00
FI,VN,160521,2025,import,162718,34275.00
FI,WORLD,160521,2020,import,10998378,1157836.00
FI,WORLD,160521,2021,import,11847306,1322534.00
FI,WORLD,160521,2022,import,13711007,1423463.00
FI,WORLD,160521,2023,import,12767267,1288825.00
FI,WORLD,160521,2024,import,14228954,1562330.00
FI,WORLD,160521,2025,import,14322681,1619603.00
FR,EXT_EU27_2020,160521,2020,import,10163761,1233415.00
FR,EXT_EU27_2020,160521,2021,import,12059352,1359835.00
FR,EXT_EU27_2020,160521,2022,import,14246876,1556961.00
FR,EXT_EU27_2020,160521,2023,import,6380946,741521.00
FR,EXT_EU27_2020,160521,2024,import,8220992,1008825.00
FR,EXT_EU27_2020,160521,2025,import,10987327,1411042.00
FR,VN,160521,2020,import,4382981,531846.00
FR,VN,160521,2021,import,3317426,395842.00
FR,VN,160521,2022,import,5897763,588130.00
FR,VN,160521,2023,import,2653329,327282.00
FR,VN,160521,2024,import,3924571,473242.00
FR,VN,160521,2025,import,6282816,818452.00
FR,WORLD,160521,2020,import,29302856,3786723.00
FR,WORLD,160521,2021,import,33734454,4097960.00
FR,WORLD,160521,2022,import,41714435,4525832.00
FR,WORLD,160521,2023,import,25978476,2989196.00
FR,WORLD,160521,2024,import,29635109,3759901.00
FR,WORLD,160521,2025,import,35742813,4617372.00
GR,EXT_EU27_2020,160521,2020,import,4901,528.00
GR,EXT_EU27_2020,160521,2023,import,377274,62937.00
GR,EXT_EU27_2020,160521,2024,import,712127,120936.00
GR,EXT_EU27_2020,160521,2025,import,1016011,169249.00
GR,VN,160521,2023,import,274786,47710.00
GR,VN,160521,2024,import,464176,78996.00
GR,VN,160521,2025,import,927595,160588.00
GR,WORLD,160521,2020,import,294860,29171.00
GR,WORLD,160521,2021,import,312195,37147.00
GR,WORLD,160521,2022,import,710255,78826.00
GR,WORLD,160521,2023,import,910747,130964.00
GR,WORLD,160521,2024,import,1251870,186959.00
GR,WORLD,160521,2025,import,1468082,225931.00
HR,WORLD,160521,2020,import,1374471,202933.00
HR,WORLD,160521,2021,import,1540943,229079.00
HR,WORLD,160521,2022,import,2011819,277112.00
HR,WORLD,160521,2023,import,1982013,256459.00
HR,WORLD,160521,2024,import,2478947,310343.00
HR,WORLD,160521,2025,import,3236088,373239.00
HU,EXT_EU27_2020,160521,2021,import,14,1.00
HU,EXT_EU27_2020,160521,2022,import,80,15.00
HU,EXT_EU27_2020,160521,2023,import,31,3.00
HU,EXT_EU27_2020,160521,2024,import,39,6.00
HU,EXT_EU27_2020,160521,2025,import,66795,15195.00
HU,VN,160521,2021,import,14,1.00
HU,VN,160521,2023,import,31,3.00
HU,VN,160521,2024,import,5,5.00
HU,VN,160521,2025,import,66794,15195.00
HU,WORLD,160521,2020,import,654059,76737.00
HU,WORLD,160521,2021,import,689097,97695.00
HU,WORLD,160521,2022,import,979187,116311.00
HU,WORLD,160521,2023,import,900876,101831.00
HU,WORLD,160521,2024,import,497291,65576.00
HU,WORLD,160521,2025,import,608016,94153.00
IE,EXT_EU27_2020,160521,2020,import,6340674,1397565.00
IE,EXT_EU27_2020,160521,2021,import,7294495,918533.00
IE,EXT_EU27_2020,160521,2022,import,6456084,735004.00
IE,EXT_EU27_2020,160521,2023,import,6828088,826304.00
IE,EXT_EU27_2020,160521,2024,import,7731713,829542.00
IE,EXT_EU27_2020,160521,2025,import,7802452,852361.00
IE,VN,160521,2020,import,724156,74302.00
IE,VN,160521,2021,import,2665185,260740.00
IE,VN,160521,2022,import,2672773,241618.00
IE,VN,160521,2023,import,1858427,187461.00
IE,VN,160521,2024,import,3085909,303416.00
IE,VN,160521,2025,import,2932431,320964.00
IE,WORLD,160521,2020,import,9619837,1714119.00
IE,WORLD,160521,2021,import,10220571,1282223.00
IE,WORLD,160521,2022,import,9192520,1026700.00
IE,WORLD,160521,2023,import,9269016,1059617.00
IE,WORLD,160521,2024,import,10768310,1115575.00
IE,WORLD,160521,2025,import,11454950,1286830.00
IT,EXT_EU27_2020,160521,2020,import,5853936,751640.00
IT,EXT_EU27_2020,160521,2021,import,7399427,904089.00
IT,EXT_EU27_2020,160521,2022,import,6115299,677831.00
IT,EXT_EU27_2020,160521,2023,import,4856794,627247.00
IT,EXT_EU27_2020,160521,2024,import,4579298,618705.00
IT,EXT_EU27_2020,160521,2025,import,5918644,839405.00
IT,VN,160521,2020,import,1500796,204459.00
IT,VN,160521,2021,import,1425392,193963.00
IT,VN,160521,2022,import,3078809,368478.00
IT,VN,160521,2023,import,2383290,337093.00
IT,VN,160521,2024,import,1873364,278039.00
IT,VN,160521,2025,import,2995050,470873.00
IT,WORLD,160521,2020,import,27844268,3548351.00
IT,WORLD,160521,2021,import,33579744,4245706.00
IT,WORLD,160521,2022,import,31998181,3422139.00
IT,WORLD,160521,2023,import,29188001,2962660.00
IT,WORLD,160521,2024,import,31162607,3312190.00
IT,WORLD,160521,2025,import,37287348,4261042.00
LT,EXT_EU27_2020,160521,2020,import,693994,109294.00
LT,EXT_EU27_2020,160521,2021,import,1112827,159857.00
LT,EXT_EU27_2020,160521,2022,import,1570499,203758.00
LT,EXT_EU27_2020,160521,2023,import,1765730,239121.00
LT,EXT_EU27_2020,160521,2024,import,1517553,240829.00
LT,EXT_EU27_2020,160521,2025,import,1823123,261917.00
LT,VN,160521,2020,import,420569,66216.00
LT,VN,160521,2021,import,495876,74705.00
LT,VN,160521,2022,import,1052826,141638.00
LT,VN,160521,2023,import,1208418,170899.00
LT,VN,160521,2024,import,1100903,174619.00
LT,VN,160521,2025,import,1561546,228903.00
LT,WORLD,160521,2020,import,2609731,421843.00
LT,WORLD,160521,2021,import,3183819,457080.00
LT,WORLD,160521,2022,import,3814729,407296.00
LT,WORLD,160521,2023,import,3691328,422635.00
LT,WORLD,160521,2024,import,3203734,421420.00
LT,WORLD,160521,2025,import,3844237,463257.00
LU,EXT_EU27_2020,160521,2020,import,24,1.00
LU,WORLD,160521,2020,import,1157131,126511.00
LU,WORLD,160521,2021,import,1297409,139761.00
LU,WORLD,160521,2022,import,1341295,124522.00
LU,WORLD,160521,2023,import,1249618,108473.00
LU,WORLD,160521,2024,import,1254195,110706.00
LU,WORLD,160521,2025,import,1115793,109174.00
LV,EXT_EU27_2020,160521,2020,import,587583,75463.00
LV,EXT_EU27_2020,160521,2021,import,855403,97958.00
LV,EXT_EU27_2020,160521,2022,import,483680,47484.00
LV,EXT_EU27_2020,160521,2023,import,200816,24037.00
LV,EXT_EU27_2020,160521,2024,import,276714,33669.00
LV,EXT_EU27_2020,160521,2025,import,43168,4725.00
LV,VN,160521,2020,import,524271,68263.00
LV,VN,160521,2021,import,785869,90758.00
LV,VN,160521,2022,import,318364,31484.00
LV,VN,160521,2023,import,200816,24037.00
LV,VN,160521,2024,import,272034,32629.00
LV,VN,160521,2025,import,43168,4725.00
LV,WORLD,160521,2020,import,1894413,235616.00
LV,WORLD,160521,2021,import,2425687,291574.00
LV,WORLD,160521,2022,import,2023787,215446.00
LV,WORLD,160521,2023,import,2200682,260652.00
LV,WORLD,160521,2024,import,2742681,383437.00
LV,WORLD,160521,2025,import,2365391,306411.00
MT,EXT_EU27_2020,160521,2020,import,186581,28723.00
MT,EXT_EU27_2020,160521,2021,import,985,30.00
MT,EXT_EU27_2020,160521,2022,import,128290,25671.00
MT,EXT_EU27_2020,160521,2023,import,15501,1733.00
MT,EXT_EU27_2020,160521,2024,import,9156,885.00
MT,EXT_EU27_2020,160521,2025,import,5890,377.00
MT,VN,160521,2021,import,985,30.00
MT,VN,160521,2023,import,261,22.00
MT,VN,160521,2025,import,859,30.00
MT,WORLD,160521,2020,import,354215,46125.00
MT,WORLD,160521,2021,import,254876,29363.00
MT,WORLD,160521,2022,import,599622,72780.00
MT,WORLD,160521,2023,import,468161,51728.00
MT,WORLD,160521,2024,import,466158,52999.00
MT,WORLD,160521,2025,import,755353,68145.00
NL,EXT_EU27_2020,160521,2020,import,105323288,9831865.00
NL,EXT_EU27_2020,160521,2021,import,95463875,10113130.00
NL,EXT_EU27_2020,160521,2022,import,102531801,11723043.00
NL,EXT_EU27_2020,160521,2023,import,57801057,7973936.00
NL,EXT_EU27_2020,160521,2024,import,56469714,9799594.00
NL,EXT_EU27_2020,160521,2025,import,70221692,12065577.00
NL,VN,160521,2020,import,28029582,3917992.00
NL,VN,160521,2021,import,25579453,3750946.00
NL,VN,160521,2022,import,49519469,6119648.00
NL,VN,160521,2023,import,27650577,4165088.00
NL,VN,160521,2024,import,35081444,5605411.00
NL,VN,160521,2025,import,37299482,6184594.00
NL,WORLD,160521,2020,import,117959258,11211109.00
NL,WORLD,160521,2021,import,118648626,12754007.00
NL,WORLD,160521,2022,import,126746863,14236103.00
NL,WORLD,160521,2023,import,73186440,9519527.00
NL,WORLD,160521,2024,import,72711277,11478475.00
NL,WORLD,160521,2025,import,94328460,14828792.00
PL,EXT_EU27_2020,160521,2020,import,3806114,593968.00
PL,EXT_EU27_2020,160521,2021,import,3541079,546681.00
PL,EXT_EU27_2020,160521,2022,import,5149238,502679.00
PL,EXT_EU27_2020,160521,2023,import,3502382,326141.00
PL,EXT_EU27_2020,160521,2024,import,3180001,275850.00
PL,EXT_EU27_2020,160521,2025,import,3749041,403267.00
PL,VN,160521,2020,import,3013937,497268.00
PL,VN,160521,2021,import,3294011,491857.00
PL,VN,160521,2022,import,4997818,482679.00
PL,VN,160521,2023,import,2813715,231141.00
PL,VN,160521,2024,import,2886565,235837.00
PL,VN,160521,2025,import,1106897,111453.00
PL,WORLD,160521,2020,import,7278433,990669.00
PL,WORLD,160521,2021,import,7352401,962821.00
PL,WORLD,160521,2022,import,13031215,1198449.00
PL,WORLD,160521,2023,import,8329688,763031.00
PL,WORLD,160521,2024,import,7345654,664686.00
PL,WORLD,160521,2025,import,10609981,1238709.00
PT,EXT_EU27_2020,160521,2020,import,545235,58923.00
PT,EXT_EU27_2020,160521,2021,import,864349,88340.00
PT,EXT_EU27_2020,160521,2022,import,1512816,141911.00
PT,EXT_EU27_2020,160521,2023,import,1242095,152017.00
PT,EXT_EU27_2020,160521,2024,import,1688914,206446.00
PT,EXT_EU27_2020,160521,2025,import,1656567,228782.00
PT,VN,160521,2020,import,273986,27220.00
PT,VN,160521,2021,import,357047,36024.00
PT,VN,160521,2022,import,1012799,93591.00
PT,VN,160521,2023,import,759903,97627.00
PT,VN,160521,2024,import,1367931,162682.00
PT,VN,160521,2025,import,1220494,181228.00
PT,WORLD,160521,2020,import,4851292,580748.00
PT,WORLD,160521,2021,import,7113991,825158.00
PT,WORLD,160521,2022,import,8882254,821562.00
PT,WORLD,160521,2023,import,8271194,958110.00
PT,WORLD,160521,2024,import,10382651,1359832.00
PT,WORLD,160521,2025,import,15341881,2110019.00
RO,EXT_EU27_2020,160521,2020,import,934175,167222.00
RO,EXT_EU27_2020,160521,2021,import,2202614,362604.00
RO,EXT_EU27_2020,160521,2022,import,3069880,400896.00
RO,EXT_EU27_2020,160521,2023,import,2976476,496949.00
RO,EXT_EU27_2020,160521,2024,import,2255940,355535.00
RO,EXT_EU27_2020,160521,2025,import,3804452,628471.00
RO,VN,160521,2020,import,694354,117080.00
RO,VN,160521,2021,import,2090467,343614.00
RO,VN,160521,2022,import,1946425,274761.00
RO,VN,160521,2023,import,1693637,307159.00
RO,VN,160521,2024,import,1383250,239375.00
RO,VN,160521,2025,import,3392245,569023.00
RO,WORLD,160521,2020,import,2770274,364288.00
RO,WORLD,160521,2021,import,4615468,663603.00
RO,WORLD,160521,2022,import,5072126,671306.00
RO,WORLD,160521,2023,import,4824742,722620.00
RO,WORLD,160521,2024,import,4720455,662871.00
RO,WORLD,160521,2025,import,6497230,917052.00
SE,EXT_EU27_2020,160521,2020,import,49084832,4910775.00
SE,EXT_EU27_2020,160521,2021,import,59993768,6094750.00
SE,EXT_EU27_2020,160521,2022,import,85710779,7754121.00
SE,EXT_EU27_2020,160521,2023,import,72616214,6589976.00
SE,EXT_EU27_2020,160521,2024,import,72862980,7201746.00
SE,EXT_EU27_2020,160521,2025,import,76881712,7640667.00
SE,VN,160521,2020,import,2955375,339099.00
SE,VN,160521,2021,import,3683188,453492.00
SE,VN,160521,2022,import,5246180,478097.00
SE,VN,160521,2023,import,3174324,362903.00
SE,VN,160521,2024,import,3725106,431121.00
SE,VN,160521,2025,import,4177050,498714.00
SE,WORLD,160521,2020,import,81329600,9034092.00
SE,WORLD,160521,2021,import,98321646,10523902.00
SE,WORLD,160521,2022,import,136663929,13151812.00
SE,WORLD,160521,2023,import,122808935,11905424.00
SE,WORLD,160521,2024,import,123884631,12506017.00
SE,WORLD,160521,2025,import,120126049,12053441.00
SI,EXT_EU27_2020,160521,2020,import,29460,4000.00
SI,VN,160521,2020,import,29460,4000.00
SI,WORLD,160521,2020,import,850134,104747.00
SI,WORLD,160521,2021,import,910742,61654.00
SI,WORLD,160521,2022,import,407727,47661.00
SI,WORLD,160521,2023,import,814658,83246.00
SI,WORLD,160521,2024,import,1064622,122862.00
SI,WORLD,160521,2025,import,1102163,107167.00
SK,WORLD,160521,2020,import,374416,32958.00
SK,WORLD,160521,2021,import,524376,56650.00
SK,WORLD,160521,2022,import,598423,55896.00
SK,WORLD,160521,2023,import,448854,36387.00
SK,WORLD,160521,2024,import,560769,48302.00
SK,WORLD,160521,2025,import,399930,36784.00
AT,EXT_EU27_2020,160529,2020,import,302151,22112.00
AT,EXT_EU27_2020,160529,2021,import,100860,7211.00
AT,EXT_EU27_2020,160529,2022,import,177521,11869.00
AT,EXT_EU27_2020,160529,2023,import,131158,11234.00
AT,EXT_EU27_2020,160529,2024,import,94246,8078.00
AT,EXT_EU27_2020,160529,2025,import,698575,110370.00
AT,VN,160529,2020,import,274400,19500.00
AT,VN,160529,2021,import,95334,6395.00
AT,VN,160529,2022,import,176895,11862.00
AT,VN,160529,2023,import,102386,7522.00
AT,VN,160529,2024,import,74017,5828.00
AT,VN,160529,2025,import,698461,110370.00
AT,WORLD,160529,2020,import,17491535,1723499.00
AT,WORLD,160529,2021,import,15813900,1710378.00
AT,WORLD,160529,2022,import,15170991,1369445.00
AT,WORLD,160529,2023,import,16463452,1490709.00
AT,WORLD,160529,2024,import,18254610,1721368.00
AT,WORLD,160529,2025,import,16868738,1542352.00
BE,EXT_EU27_2020,160529,2020,import,5450745,754139.00
BE,EXT_EU27_2020,160529,2021,import,8629304,1316284.00
BE,EXT_EU27_2020,160529,2022,import,18647286,2447330.00
BE,EXT_EU27_2020,160529,2023,import,18354304,3025785.00
BE,EXT_EU27_2020,160529,2024,import,18124600,3256198.00
BE,EXT_EU27_2020,160529,2025,import,23833913,3943257.00
BE,VN,160529,2020,import,3936537,504748.00
BE,VN,160529,2021,import,5904878,724190.00
BE,VN,160529,2022,import,13150497,1269262.00
BE,VN,160529,2023,import,9221244,1212687.00
BE,VN,160529,2024,import,12496596,1919717.00
BE,VN,160529,2025,import,14493114,2253322.00
BE,WORLD,160529,2020,import,46307611,2851857.00
BE,WORLD,160529,2021,import,53651433,4127794.00
BE,WORLD,160529,2022,import,59755350,4500515.00
BE,WORLD,160529,2023,import,52206247,4799934.00
BE,WORLD,160529,2024,import,50376106,4805400.00
BE,WORLD,160529,2025,import,53841768,5331818.00
BG,EXT_EU27_2020,160529,2020,import,10702,1762.00
BG,EXT_EU27_2020,160529,2021,import,12219,2179.00
BG,EXT_EU27_2020,160529,2022,import,95646,5745.00
BG,EXT_EU27_2020,160529,2023,import,79985,5339.00
BG,EXT_EU27_2020,160529,2024,import,66957,6104.00
BG,EXT_EU27_2020,160529,2025,import,35210,3250.00
BG,VN,160529,2022,import,82406,3535.00
BG,VN,160529,2023,import,69164,3740.00
BG,VN,160529,2024,import,51285,3835.00
BG,VN,160529,2025,import,23574,1435.00
BG,WORLD,160529,2020,import,523747,49374.00
BG,WORLD,160529,2021,import,743900,72525.00
BG,WORLD,160529,2022,import,996523,79918.00
BG,WORLD,160529,2023,import,854769,67348.00
BG,WORLD,160529,2024,import,1375253,119744.00
BG,WORLD,160529,2025,import,2096463,184861.00
CY,EXT_EU27_2020,160529,2020,import,149561,19978.00
CY,EXT_EU27_2020,160529,2021,import,114763,17339.00
CY,EXT_EU27_2020,160529,2022,import,108938,8658.00
CY,EXT_EU27_2020,160529,2023,import,84110,7057.00
CY,EXT_EU27_2020,160529,2024,import,87345,7287.00
CY,EXT_EU27_2020,160529,2025,import,56678,6511.00
CY,VN,160529,2020,import,91441,15370.00
CY,VN,160529,2021,import,73673,13260.00
CY,VN,160529,2022,import,102629,8032.00
CY,VN,160529,2023,import,82039,6935.00
CY,VN,160529,2024,import,61447,3681.00
CY,VN,160529,2025,import,24628,1664.00
CY,WORLD,160529,2020,import,424499,49290.00
CY,WORLD,160529,2021,import,480977,53963.00
CY,WORLD,160529,2022,import,350237,30387.00
CY,WORLD,160529,2023,import,347853,51948.00
CY,WORLD,160529,2024,import,203359,19829.00
CY,WORLD,160529,2025,import,194750,28963.00
CZ,EXT_EU27_2020,160529,2020,import,272275,36932.00
CZ,EXT_EU27_2020,160529,2021,import,319025,50492.00
CZ,EXT_EU27_2020,160529,2022,import,433728,56012.00
CZ,EXT_EU27_2020,160529,2023,import,443239,47218.00
CZ,EXT_EU27_2020,160529,2024,import,386946,40323.00
CZ,EXT_EU27_2020,160529,2025,import,444480,45449.00
CZ,VN,160529,2020,import,148555,19410.00
CZ,VN,160529,2021,import,275458,47225.00
CZ,VN,160529,2022,import,388661,52788.00
CZ,VN,160529,2023,import,257332,28113.00
CZ,VN,160529,2024,import,341421,35893.00
CZ,VN,160529,2025,import,384020,40487.00
CZ,WORLD,160529,2020,import,1952438,213175.00
CZ,WORLD,160529,2021,import,3660241,388354.00
CZ,WORLD,160529,2022,import,5312169,454884.00
CZ,WORLD,160529,2023,import,5087267,451850.00
CZ,WORLD,160529,2024,import,6682763,570940.00
CZ,WORLD,160529,2025,import,5440013,497149.00
DE,EXT_EU27_2020,160529,2020,import,29643659,3421245.00
DE,EXT_EU27_2020,160529,2021,import,29644140,3314616.00
DE,EXT_EU27_2020,160529,2022,import,47604598,4280500.00
DE,EXT_EU27_2020,160529,2023,import,23211230,2308646.00
DE,EXT_EU27_2020,160529,2024,import,20620930,2302128.00
DE,EXT_EU27_2020,160529,2025,import,22047583,2481021.00
DE,VN,160529,2020,import,24381148,2740001.00
DE,VN,160529,2021,import,24326609,2543743.00
DE,VN,160529,2022,import,38274386,3297469.00
DE,VN,160529,2023,import,16364516,1619678.00
DE,VN,160529,2024,import,16404822,1833847.00
DE,VN,160529,2025,import,17717156,1991042.00
DE,WORLD,160529,2020,import,167232483,17205038.00
DE,WORLD,160529,2021,import,173417383,18493152.00
DE,WORLD,160529,2022,import,198424562,19859232.00
DE,WORLD,160529,2023,import,186059998,19267369.00
DE,WORLD,160529,2024,import,191611508,19785062.00
DE,WORLD,160529,2025,import,205250486,20248153.00
DK,EXT_EU27_2020,160529,2020,import,169074381,22826192.00
DK,EXT_EU27_2020,160529,2021,import,145493117,20941663.00
DK,EXT_EU27_2020,160529,2022,import,169868287,22920047.00
DK,EXT_EU27_2020,160529,2023,import,160553189,22332923.00
DK,EXT_EU27_2020,160529,2024,import,135784942,19896612.00
DK,EXT_EU27_2020,160529,2025,import,151695210,22724264.00
DK,VN,160529,2020,import,4025389,490755.00
DK,VN,160529,2021,import,3769362,421305.00
DK,VN,160529,2022,import,8100997,713603.00
DK,VN,160529,2023,import,4106455,540530.00
DK,VN,160529,2024,import,4833070,693723.00
DK,VN,160529,2025,import,5884861,795601.00
DK,WORLD,160529,2020,import,189881336,25140171.00
DK,WORLD,160529,2021,import,165298638,23292496.00
DK,WORLD,160529,2022,import,188754760,24992490.00
DK,WORLD,160529,2023,import,183125662,24650889.00
DK,WORLD,160529,2024,import,154794693,21888363.00
DK,WORLD,160529,2025,import,173937688,25199708.00
EE,EXT_EU27_2020,160529,2020,import,10426192,754440.00
EE,EXT_EU27_2020,160529,2021,import,10557204,788026.00
EE,EXT_EU27_2020,160529,2022,import,9957868,743928.00
EE,EXT_EU27_2020,160529,2023,import,11222161,903267.00
EE,EXT_EU27_2020,160529,2024,import,12781122,1416913.00
EE,EXT_EU27_2020,160529,2025,import,14108284,1679604.00
EE,VN,160529,2021,import,83344,11330.00
EE,VN,160529,2022,import,113313,5518.00
EE,VN,160529,2023,import,179613,13261.00
EE,VN,160529,2024,import,30476,5510.00
EE,VN,160529,2025,import,27016,5090.00
EE,WORLD,160529,2020,import,11214159,839513.00
EE,WORLD,160529,2021,import,11371612,878855.00
EE,WORLD,160529,2022,import,10864461,831392.00
EE,WORLD,160529,2023,import,12377783,1038578.00
EE,WORLD,160529,2024,import,13732167,1534381.00
EE,WORLD,160529,2025,import,14946433,1770382.00
ES,EXT_EU27_2020,160529,2020,import,1271717,131552.00
ES,EXT_EU27_2020,160529,2021,import,1245114,142062.00
ES,EXT_EU27_2020,160529,2022,import,1307202,96816.00
ES,EXT_EU27_2020,160529,2023,import,2010070,192374.00
ES,EXT_EU27_2020,160529,2024,import,1971531,185391.00
ES,EXT_EU27_2020,160529,2025,import,3559136,454490.00
ES,VN,160529,2020,import,1183830,124995.00
ES,VN,160529,2021,import,1132911,127964.00
ES,VN,160529,2022,import,1183173,84593.00
ES,VN,160529,2023,import,1839278,170877.00
ES,VN,160529,2024,import,1755444,168491.00
ES,VN,160529,2025,import,3195013,406074.00
ES,WORLD,160529,2020,import,3191555,358661.00
ES,WORLD,160529,2021,import,3327609,435699.00
ES,WORLD,160529,2022,import,4049400,959786.00
ES,WORLD,160529,2023,import,4524423,464657.00
ES,WORLD,160529,2024,import,5617878,578383.00
ES,WORLD,160529,2025,import,6534310,852230.00
EU27_2020,AL,160529,2024,import,2749050,208497.00
EU27_2020,AL,160529,2025,import,1605098,191347.00
EU27_2020,AR,160529,2024,import,83473,7976.00
EU27_2020,AR,160529,2025,import,405314,34570.00
EU27_2020,AT,160529,2024,import,591556,46870.00
EU27_2020,AT,160529,2025,import,731313,55006.00
EU27_2020,AU,160529,2024,import,20,1.00
EU27_2020,AU,160529,2025,import,100,1.00
EU27_2020,BD,160529,2024,import,814935,162654.00
EU27_2020,BD,160529,2025,import,1368349,239928.00
EU27_2020,BE,160529,2024,import,11343767,1538217.00
EU27_2020,BE,160529,2025,import,12451953,1493771.00
EU27_2020,BG,160529,2024,import,10539335,613995.00
EU27_2020,BG,160529,2025,import,9079751,569945.00
EU27_2020,BJ,160529,2025,import,15,1.00
EU27_2020,BY,160529,2024,import,16445,2391.00
EU27_2020,BY,160529,2025,import,37936,7881.00
EU27_2020,CA,160529,2024,import,201113,18723.00
EU27_2020,CA,160529,2025,import,10782,1430.00
EU27_2020,CH,160529,2024,import,4481,531.00
EU27_2020,CH,160529,2025,import,23058,1008.00
EU27_2020,CL,160529,2024,import,4824750,327467.00
EU27_2020,CL,160529,2025,import,980852,74471.00
EU27_2020,CM,160529,2024,import,27,19.00
EU27_2020,CN,160529,2024,import,333571,31690.00
EU27_2020,CN,160529,2025,import,509374,56181.00
EU27_2020,CV,160529,2024,import,42,4.00
EU27_2020,CY,160529,2024,import,18984,2162.00
EU27_2020,CY,160529,2025,import,13821,672.00
EU27_2020,CZ,160529,2024,import,168194,17748.00
EU27_2020,CZ,160529,2025,import,461223,41435.00
EU27_2020,DE,160529,2024,import,58363675,5828680.00
EU27_2020,DE,160529,2025,import,50924524,4916690.00
EU27_2020,DK,160529,2024,import,66603717,8152032.00
EU27_2020,DK,160529,2025,import,78214117,9497731.00
EU27_2020,EC,160529,2024,import,1682740,191161.00
EU27_2020,EC,160529,2025,import,580857,75316.00
EU27_2020,EE,160529,2024,import,477080,32820.00
EU27_2020,EE,160529,2025,import,1908270,160077.00
EU27_2020,ES,160529,2024,import,21770085,2633371.00
EU27_2020,ES,160529,2025,import,13902483,1724934.00
EU27_2020,EXT_EU27_2020,160529,2020,import,368440475,46311093.00
EU27_2020,EXT_EU27_2020,160529,2021,import,342014302,45166030.00
EU27_2020,EXT_EU27_2020,160529,2022,import,401704063,46608490.00
EU27_2020,EXT_EU27_2020,160529,2023,import,338879790,42869974.00
EU27_2020,EXT_EU27_2020,160529,2024,import,290883502,39861011.00
EU27_2020,EXT_EU27_2020,160529,2025,import,320769870,44881921.00
EU27_2020,FI,160529,2024,import,25296,2028.00
EU27_2020,FI,160529,2025,import,25389,2571.00
EU27_2020,FM,160529,2024,import,37156,3660.00
EU27_2020,FR,160529,2024,import,29825390,2701896.00
EU27_2020,FR,160529,2025,import,31714809,3051780.00
EU27_2020,GB,160529,2024,import,1610033,219081.00
EU27_2020,GB,160529,2025,import,1170077,77452.00
EU27_2020,GH,160529,2024,import,188,1.00
EU27_2020,GH,160529,2025,import,19,1.00
EU27_2020,GL,160529,2024,import,120555892,16514175.00
EU27_2020,GL,160529,2025,import,138264621,19470083.00
EU27_2020,GR,160529,2024,import,271660,94501.00
EU27_2020,GR,160529,2025,import,36142,13098.00
EU27_2020,GT,160529,2024,import,800745,64950.00
EU27_2020,GT,160529,2025,import,802195,67337.00
EU27_2020,HN,160529,2025,import,213,100.00
EU27_2020,HR,160529,2024,import,37542,3491.00
EU27_2020,HR,160529,2025,import,22650,1134.00
EU27_2020,HU,160529,2024,import,108936,6390.00
EU27_2020,HU,160529,2025,import,154024,9884.00
EU27_2020,ID,160529,2024,import,3099586,473364.00
EU27_2020,ID,160529,2025,import,4268062,667022.00
EU27_2020,IE,160529,2024,import,342104,15650.00
EU27_2020,IE,160529,2025,import,202730,7774.00
EU27_2020,IN,160529,2024,import,9402032,1622710.00
EU27_2020,IN,160529,2025,import,13741907,2094111.00
EU27_2020,INT_EU27_2020,160529,2024,import,407025562,38469237.00
EU27_2020,INT_EU27_2020,160529,2025,import,422413724,39471317.00
EU27_2020,IS,160529,2024,import,14530,2096.00
EU27_2020,IS,160529,2025,import,227081,26001.00
EU27_2020,IT,160529,2024,import,1037305,89931.00
EU27_2020,IT,160529,2025,import,1124913,122088.00
EU27_2020,JP,160529,2024,import,17,1.00
EU27_2020,JP,160529,2025,import,46,2.00
EU27_2020,KH,160529,2025,import,65,12.00
EU27_2020,KR,160529,2024,import,134,1.00
EU27_2020,LK,160529,2025,import,94676,9514.00
EU27_2020,LT,160529,2024,import,743872,110707.00
EU27_2020,LT,160529,2025,import,858049,111221.00
EU27_2020,LU,160529,2024,import,257328,9210.00
EU27_2020,LU,160529,2025,import,162765,6752.00
EU27_2020,LV,160529,2024,import,421117,47181.00
EU27_2020,LV,160529,2025,import,381855,45887.00
EU27_2020,MA,160529,2024,import,68845680,10400552.00
EU27_2020,MA,160529,2025,import,70911631,10924576.00
EU27_2020,MM,160529,2024,import,1846604,218757.00
EU27_2020,MM,160529,2025,import,1781635,203217.00
EU27_2020,MT,160529,2025,import,65068,4239.00
EU27_2020,MX,160529,2025,import,205,4.00
EU27_2020,MY,160529,2024,import,67621,5262.00
EU27_2020,MY,160529,2025,import,98,10.00
EU27_2020,NG,160529,2024,import,301,34.00
EU27_2020,NG,160529,2025,import,94,12.00
EU27_2020,NL,160529,2024,import,190199108,14996521.00
EU27_2020,NL,160529,2025,import,204596936,15895879.00
EU27_2020,NO,160529,2024,import,339974,45671.00
EU27_2020,NO,160529,2025,import,134748,16225.00
EU27_2020,NZ,160529,2024,import,11,
EU27_2020,PH,160529,2024,import,482744,86327.00
EU27_2020,PH,160529,2025,import,444433,88200.00
EU27_2020,PK,160529,2024,import,270613,67408.00
EU27_2020,PL,160529,2024,import,9382168,909134.00
EU27_2020,PL,160529,2025,import,9916704,994295.00
EU27_2020,PT,160529,2024,import,895279,238127.00
EU27_2020,PT,160529,2025,import,1360158,362562.00
EU27_2020,QW,160529,2024,import,838,8.00
EU27_2020,QW,160529,2025,import,328,32.00
EU27_2020,RO,160529,2024,import,55687,7010.00
EU27_2020,RO,160529,2025,import,41261,3322.00
EU27_2020,SA,160529,2024,import,71,
EU27_2020,SA,160529,2025,import,299,2.00
EU27_2020,SE,160529,2024,import,3184423,341086.00
EU27_2020,SE,160529,2025,import,3433517,336489.00
EU27_2020,SG,160529,2024,import,72513,9602.00
EU27_2020,SG,160529,2025,import,1,1.00
EU27_2020,SI,160529,2024,import,304324,24650.00
EU27_2020,SI,160529,2025,import,604407,40161.00
EU27_2020,SK,160529,2024,import,57630,5829.00
EU27_2020,SK,160529,2025,import,24892,1920.00
EU27_2020,SN,160529,2024,import,2706,115.00
EU27_2020,SN,160529,2025,import,3482,93.00
EU27_2020,TH,160529,2024,import,3754321,330136.00
EU27_2020,TH,160529,2025,import,3039133,295213.00
EU27_2020,TN,160529,2024,import,7370,642.00
EU27_2020,TN,160529,2025,import,5184,576.00
EU27_2020,TW,160529,2024,import,18,2.00
EU27_2020,TW,160529,2025,import,2,1.00
EU27_2020,UA,160529,2024,import,1708486,205060.00
EU27_2020,UA,160529,2025,import,1667417,215158.00
EU27_2020,US,160529,2024,import,244,103.00
EU27_2020,US,160529,2025,import,37,1.00
EU27_2020,VN,160529,2020,import,74074121,8513306.00
EU27_2020,VN,160529,2021,import,70117363,7811767.00
EU27_2020,VN,160529,2022,import,117957557,10576312.00
EU27_2020,VN,160529,2023,import,61654625,6971913.00
EU27_2020,VN,160529,2024,import,67252427,8640179.00
EU27_2020,VN,160529,2025,import,78690446,10044831.00
FI,EXT_EU27_2020,160529,2020,import,710975,69652.00
FI,EXT_EU27_2020,160529,2021,import,236867,24696.00
FI,EXT_EU27_2020,160529,2022,import,696918,41574.00
FI,EXT_EU27_2020,160529,2023,import,672268,75447.00
FI,EXT_EU27_2020,160529,2024,import,425359,67392.00
FI,EXT_EU27_2020,160529,2025,import,733100,82400.00
FI,VN,160529,2020,import,710758,69565.00
FI,VN,160529,2021,import,236841,24694.00
FI,VN,160529,2022,import,494150,32364.00
FI,VN,160529,2023,import,672268,75447.00
FI,VN,160529,2024,import,425359,67392.00
FI,VN,160529,2025,import,732836,82376.00
FI,WORLD,160529,2020,import,4122519,420059.00
FI,WORLD,160529,2021,import,4140188,441588.00
FI,WORLD,160529,2022,import,4850134,440006.00
FI,WORLD,160529,2023,import,5659947,572237.00
FI,WORLD,160529,2024,import,4569837,496643.00
FI,WORLD,160529,2025,import,4218296,441935.00
FR,EXT_EU27_2020,160529,2020,import,21099382,2391084.00
FR,EXT_EU27_2020,160529,2021,import,20569478,2464787.00
FR,EXT_EU27_2020,160529,2022,import,31426113,3311985.00
FR,EXT_EU27_2020,160529,2023,import,24098815,2877808.00
FR,EXT_EU27_2020,160529,2024,import,21677842,2957536.00
FR,EXT_EU27_2020,160529,2025,import,19162955,2490898.00
FR,VN,160529,2020,import,15883649,1671815.00
FR,VN,160529,2021,import,14716990,1550497.00
FR,VN,160529,2022,import,20195414,1946570.00
FR,VN,160529,2023,import,12923455,1413126.00
FR,VN,160529,2024,import,11418920,1397953.00
FR,VN,160529,2025,import,10084406,1221424.00
FR,WORLD,160529,2020,import,64561565,6365687.00
FR,WORLD,160529,2021,import,67210952,6999738.00
FR,WORLD,160529,2022,import,81853623,7893028.00
FR,WORLD,160529,2023,import,70217304,7096476.00
FR,WORLD,160529,2024,import,65245318,7259410.00
FR,WORLD,160529,2025,import,70426915,7283757.00
GR,EXT_EU27_2020,160529,2020,import,80126,7844.00
GR,EXT_EU27_2020,160529,2021,import,143184,17261.00
GR,EXT_EU27_2020,160529,2022,import,223084,16488.00
GR,EXT_EU27_2020,160529,2023,import,30395,3093.00
GR,EXT_EU27_2020,160529,2024,import,46166,3689.00
GR,EXT_EU27_2020,160529,2025,import,128110,19618.00
GR,VN,160529,2020,import,80126,7844.00
GR,VN,160529,2021,import,105001,13301.00
GR,VN,160529,2022,import,223052,16483.00
GR,VN,160529,2025,import,492,20.00
GR,WORLD,160529,2020,import,637003,80733.00
GR,WORLD,160529,2021,import,1033204,130996.00
GR,WORLD,160529,2022,import,1440161,165985.00
GR,WORLD,160529,2023,import,930311,116523.00
GR,WORLD,160529,2024,import,876640,103358.00
GR,WORLD,160529,2025,import,1371832,174073.00
HR,EXT_EU27_2020,160529,2023,import,5483,648.00
HR,EXT_EU27_2020,160529,2025,import,18,19.00
HR,WORLD,160529,2020,import,56337,5907.00
HR,WORLD,160529,2021,import,125824,13502.00
HR,WORLD,160529,2022,import,238464,18682.00
HR,WORLD,160529,2023,import,243450,20164.00
HR,WORLD,160529,2024,import,328984,25844.00
HR,WORLD,160529,2025,import,480563,78432.00
HU,EXT_EU27_2020,160529,2020,import,133031,4027.00
HU,EXT_EU27_2020,160529,2021,import,127514,4400.00
HU,EXT_EU27_2020,160529,2022,import,147366,4011.00
HU,EXT_EU27_2020,160529,2023,import,347408,10002.00
HU,EXT_EU27_2020,160529,2024,import,206413,6008.00
HU,EXT_EU27_2020,160529,2025,import,130659,4001.00
HU,WORLD,160529,2020,import,960510,79803.00
HU,WORLD,160529,2021,import,1951628,177344.00
HU,WORLD,160529,2022,import,1980320,184394.00
HU,WORLD,160529,2023,import,2829671,245048.00
HU,WORLD,160529,2024,import,2975005,270140.00
HU,WORLD,160529,2025,import,3017388,249356.00
IE,EXT_EU27_2020,160529,2020,import,985337,129001.00
IE,EXT_EU27_2020,160529,2021,import,505535,56796.00
IE,EXT_EU27_2020,160529,2022,import,1000064,115745.00
IE,EXT_EU27_2020,160529,2023,import,1622351,178123.00
IE,EXT_EU27_2020,160529,2024,import,1039728,107059.00
IE,EXT_EU27_2020,160529,2025,import,1960417,171231.00
IE,VN,160529,2020,import,129522,14139.00
IE,VN,160529,2021,import,81030,8040.00
IE,VN,160529,2022,import,483330,38818.00
IE,VN,160529,2023,import,1110269,101804.00
IE,VN,160529,2024,import,513710,47305.00
IE,VN,160529,2025,import,581904,58269.00
IE,WORLD,160529,2020,import,4558050,394855.00
IE,WORLD,160529,2021,import,5383484,470422.00
IE,WORLD,160529,2022,import,6639175,642526.00
IE,WORLD,160529,2023,import,10803634,1067959.00
IE,WORLD,160529,2024,import,7350945,699668.00
IE,WORLD,160529,2025,import,6647448,1278805.00
IT,EXT_EU27_2020,160529,2020,import,1465099,184763.00
IT,EXT_EU27_2020,160529,2021,import,2038102,243923.00
IT,EXT_EU27_2020,160529,2022,import,3840922,356949.00
IT,EXT_EU27_2020,160529,2023,import,4866014,534843.00
IT,EXT_EU27_2020,160529,2024,import,4272496,519299.00
IT,EXT_EU27_2020,160529,2025,import,4794006,671550.00
IT,VN,160529,2020,import,818592,97279.00
IT,VN,160529,2021,import,897996,110768.00
IT,VN,160529,2022,import,1518680,142214.00
IT,VN,160529,2023,import,1505774,188676.00
IT,VN,160529,2024,import,1831059,227373.00
IT,VN,160529,2025,import,2468950,307656.00
IT,WORLD,160529,2020,import,21157185,1927743.00
IT,WORLD,160529,2021,import,26481678,2239497.00
IT,WORLD,160529,2022,import,29835270,2425687.00
IT,WORLD,160529,2023,import,30015417,2796820.00
IT,WORLD,160529,2024,import,30955234,2980631.00
IT,WORLD,160529,2025,import,29299688,2934321.00
LT,EXT_EU27_2020,160529,2020,import,447615,54653.00
LT,EXT_EU27_2020,160529,2021,import,1196810,146454.00
LT,EXT_EU27_2020,160529,2022,import,1029501,119213.00
LT,EXT_EU27_2020,160529,2023,import,99010,17456.00
LT,EXT_EU27_2020,160529,2024,import,640785,94911.00
LT,EXT_EU27_2020,160529,2025,import,652523,91213.00
LT,VN,160529,2020,import,376749,46904.00
LT,VN,160529,2021,import,1091957,126762.00
LT,VN,160529,2022,import,658590,62788.00
LT,VN,160529,2024,import,481093,64810.00
LT,VN,160529,2025,import,246230,29118.00
LT,WORLD,160529,2020,import,1450872,186292.00
LT,WORLD,160529,2021,import,2458262,330497.00
LT,WORLD,160529,2022,import,3185755,404543.00
LT,WORLD,160529,2023,import,1437377,200205.00
LT,WORLD,160529,2024,import,2303561,310637.00
LT,WORLD,160529,2025,import,2648951,336772.00
LU,WORLD,160529,2020,import,1041520,88294.00
LU,WORLD,160529,2021,import,1096196,94594.00
LU,WORLD,160529,2022,import,1081181,91890.00
LU,WORLD,160529,2023,import,1273531,106862.00
LU,WORLD,160529,2024,import,1370882,115557.00
LU,WORLD,160529,2025,import,1513694,124000.00
LV,EXT_EU27_2020,160529,2020,import,51687,8222.00
LV,EXT_EU27_2020,160529,2023,import,65,10.00
LV,EXT_EU27_2020,160529,2024,import,773,122.00
LV,EXT_EU27_2020,160529,2025,import,26300,6066.00
LV,WORLD,160529,2020,import,372577,43564.00
LV,WORLD,160529,2021,import,563838,64565.00
LV,WORLD,160529,2022,import,845631,87468.00
LV,WORLD,160529,2023,import,985363,104774.00
LV,WORLD,160529,2024,import,1007951,120444.00
LV,WORLD,160529,2025,import,1078944,132407.00
MT,EXT_EU27_2020,160529,2020,import,303991,47829.00
MT,EXT_EU27_2020,160529,2021,import,698,94.00
MT,EXT_EU27_2020,160529,2022,import,102011,11311.00
MT,EXT_EU27_2020,160529,2023,import,78297,9585.00
MT,EXT_EU27_2020,160529,2024,import,14333,2108.00
MT,EXT_EU27_2020,160529,2025,import,56437,6834.00
MT,VN,160529,2020,import,45717,5588.00
MT,VN,160529,2022,import,101524,11239.00
MT,VN,160529,2023,import,73552,9308.00
MT,VN,160529,2025,import,53696,6662.00
MT,WORLD,160529,2020,import,407271,62269.00
MT,WORLD,160529,2021,import,285798,41802.00
MT,WORLD,160529,2022,import,593795,78095.00
MT,WORLD,160529,2023,import,511972,68707.00
MT,WORLD,160529,2024,import,390828,48379.00
MT,WORLD,160529,2025,import,356117,46661.00
NL,EXT_EU27_2020,160529,2020,import,94655848,11338472.00
NL,EXT_EU27_2020,160529,2021,import,97212365,12650893.00
NL,EXT_EU27_2020,160529,2022,import,101279736,10867888.00
NL,EXT_EU27_2020,160529,2023,import,79804503,9241130.00
NL,EXT_EU27_2020,160529,2024,import,62127568,7696134.00
NL,EXT_EU27_2020,160529,2025,import,65474746,8525567.00
NL,VN,160529,2020,import,17238196,2084272.00
NL,VN,160529,2021,import,13161955,1591722.00
NL,VN,160529,2022,import,24352559,2108974.00
NL,VN,160529,2023,import,7065305,882659.00
NL,VN,160529,2024,import,9649255,1197672.00
NL,VN,160529,2025,import,12481979,1593894.00
NL,WORLD,160529,2020,import,99097793,11786460.00
NL,WORLD,160529,2021,import,101599806,13186068.00
NL,WORLD,160529,2022,import,111303597,11929714.00
NL,WORLD,160529,2023,import,86372914,9919733.00
NL,WORLD,160529,2024,import,72260355,8484280.00
NL,WORLD,160529,2025,import,75102170,9272959.00
PL,EXT_EU27_2020,160529,2020,import,1660607,199276.00
PL,EXT_EU27_2020,160529,2021,import,1497853,171495.00
PL,EXT_EU27_2020,160529,2022,import,2395593,188946.00
PL,EXT_EU27_2020,160529,2023,import,1158371,92924.00
PL,EXT_EU27_2020,160529,2024,import,1254764,113518.00
PL,EXT_EU27_2020,160529,2025,import,1595195,132600.00
PL,VN,160529,2020,import,1485901,168541.00
PL,VN,160529,2021,import,1453626,163180.00
PL,VN,160529,2022,import,2378162,184806.00
PL,VN,160529,2023,import,1154744,92263.00
PL,VN,160529,2024,import,1233739,110361.00
PL,VN,160529,2025,import,1539388,124734.00
PL,WORLD,160529,2020,import,4359492,434646.00
PL,WORLD,160529,2021,import,5539528,791713.00
PL,WORLD,160529,2022,import,6826412,647102.00
PL,WORLD,160529,2023,import,4993142,396853.00
PL,WORLD,160529,2024,import,6662439,600195.00
PL,WORLD,160529,2025,import,6007746,562958.00
PT,EXT_EU27_2020,160529,2020,import,1059034,101318.00
PT,EXT_EU27_2020,160529,2021,import,1989893,210391.00
PT,EXT_EU27_2020,160529,2022,import,3370636,306816.00
PT,EXT_EU27_2020,160529,2023,import,1903402,215707.00
PT,EXT_EU27_2020,160529,2024,import,1712281,240486.00
PT,EXT_EU27_2020,160529,2025,import,2795633,322738.00
PT,VN,160529,2020,import,937498,89277.00
PT,VN,160529,2021,import,1452238,157544.00
PT,VN,160529,2022,import,2609166,244503.00
PT,VN,160529,2023,import,1631333,194253.00
PT,VN,160529,2024,import,1643631,233253.00
PT,VN,160529,2025,import,2663146,305353.00
PT,WORLD,160529,2020,import,3526455,467962.00
PT,WORLD,160529,2021,import,8155941,1203097.00
PT,WORLD,160529,2022,import,9954795,1206360.00
PT,WORLD,160529,2023,import,10176698,1320403.00
PT,WORLD,160529,2024,import,11176620,1567340.00
PT,WORLD,160529,2025,import,6081803,884270.00
RO,EXT_EU27_2020,160529,2020,import,1903339,313997.00
RO,EXT_EU27_2020,160529,2021,import,1211546,173290.00
RO,EXT_EU27_2020,160529,2022,import,2344643,301230.00
RO,EXT_EU27_2020,160529,2023,import,2288493,350318.00
RO,EXT_EU27_2020,160529,2024,import,3164780,549983.00
RO,EXT_EU27_2020,160529,2025,import,3121321,504756.00
RO,VN,160529,2020,import,1903174,313997.00
RO,VN,160529,2021,import,827189,129610.00
RO,VN,160529,2022,import,2079543,257818.00
RO,VN,160529,2023,import,2108127,314318.00
RO,VN,160529,2024,import,2975384,512975.00
RO,VN,160529,2025,import,3105403,503153.00
RO,WORLD,160529,2020,import,3433687,471420.00
RO,WORLD,160529,2021,import,2598256,334749.00
RO,WORLD,160529,2022,import,4034578,488113.00
RO,WORLD,160529,2023,import,3442818,469403.00
RO,WORLD,160529,2024,import,4660593,748732.00
RO,WORLD,160529,2025,import,4372628,666754.00
SE,EXT_EU27_2020,160529,2020,import,27283021,3492603.00
SE,EXT_EU27_2020,160529,2021,import,19168711,2421678.00
SE,EXT_EU27_2020,160529,2022,import,5610383,391429.00
SE,EXT_EU27_2020,160529,2023,import,5815338,429035.00
SE,EXT_EU27_2020,160529,2024,import,4381595,383732.00
SE,EXT_EU27_2020,160529,2025,import,3659381,404214.00
SE,VN,160529,2020,import,422939,29306.00
SE,VN,160529,2021,import,430971,40237.00
SE,VN,160529,2022,import,1254411,79073.00
SE,VN,160529,2023,import,1187771,96716.00
SE,VN,160529,2024,import,1031699,110560.00
SE,VN,160529,2025,import,2284173,207087.00
SE,WORLD,160529,2020,import,55393703,5925674.00
SE,WORLD,160529,2021,import,52766924,5573508.00
SE,WORLD,160529,2022,import,42367963,3695932.00
SE,WORLD,160529,2023,import,44567517,3524511.00
SE,WORLD,160529,2024,import,41328100,3310787.00
SE,WORLD,160529,2025,import,49331696,4043107.00
SI,EXT_EU27_2020,160529,2022,import,36019,4000.00
SI,EXT_EU27_2020,160529,2023,import,131,2.00
SI,VN,160529,2022,import,36019,4000.00
SI,WORLD,160529,2020,import,1183310,102261.00
SI,WORLD,160529,2021,import,1353963,123119.00
SI,WORLD,160529,2022,import,1314761,121828.00
SI,WORLD,160529,2023,import,951258,86285.00
SI,WORLD,160529,2024,import,1059894,86546.00
SI,WORLD,160529,2025,import,1306541,107316.00
SK,WORLD,160529,2020,import,714359,89962.00
SK,WORLD,160529,2021,import,473256,61685.00
SK,WORLD,160529,2022,import,398429,43134.00
SK,WORLD,160529,2023,import,462205,50614.00
SK,WORLD,160529,2024,import,737541,78187.00
SK,WORLD,160529,2025,import,810525,79739.00
